# Contours every 500 m, 5000-8500 m (from Terrain 512)
# units: metres; +X east, +Y north, +Z up
v -18000.000 -9618.870 5000.000
v -17928.000 -9457.962 5000.000
v -17853.832 -9432.000 5000.000
v -17799.908 -9360.000 5000.000
v -17640.000 -9228.057 5000.000
v -17568.000 -9140.555 5000.000
v -17424.000 -9048.957 5000.000
v -17352.000 -8956.434 5000.000
v -17206.307 -8856.000 5000.000
v -17136.000 -8774.967 5000.000
v -17051.311 -8771.312 5000.000
v -17036.646 -8828.646 5000.000
v -17004.359 -8868.358 5000.000
v -16959.189 -8895.190 5000.000
v -16837.074 -8917.073 5000.000
v -16676.332 -8972.332 5000.000
v -16632.000 -9002.037 5000.000
v -16464.430 -9192.431 5000.000
v -16451.838 -9251.838 5000.000
v -16472.910 -9288.000 5000.000
v -16479.893 -9360.000 5000.000
v -16468.701 -9432.000 5000.000
v -16479.344 -9495.344 5000.000
v -16466.270 -9504.000 5000.000
v -16560.000 -9632.323 5000.000
v -16588.180 -9720.000 5000.000
v -16632.000 -9749.365 5000.000
v -16848.000 -9832.211 5000.000
v -16893.213 -9864.000 5000.000
v -16992.000 -9911.031 5000.000
v -17012.840 -9936.000 5000.000
v -17024.730 -10008.000 5000.000
v -17051.908 -10080.000 5000.000
v -17047.537 -10135.537 5000.000
v -17064.000 -10179.404 5000.000
v -17100.365 -10224.000 5000.000
v -17182.918 -10296.000 5000.000
v -17183.195 -10343.194 5000.000
v -17208.000 -10405.891 5000.000
v -17280.000 -10498.291 5000.000
v -17352.000 -10641.972 5000.000
v -17373.535 -10656.000 5000.000
v -17332.451 -10708.450 5000.000
v -17340.904 -10788.905 5000.000
v -17279.795 -10872.000 5000.000
v -17352.000 -10915.973 5000.000
v -17468.104 -11088.000 5000.000
v -17505.561 -11160.000 5000.000
v -17462.977 -11198.977 5000.000
v -17424.000 -11204.547 5000.000
v -17378.832 -11186.832 5000.000
v -17280.000 -11194.247 5000.000
v -17249.088 -11201.089 5000.000
v -17209.816 -11233.816 5000.000
v -17284.168 -11448.000 5000.000
v -17339.338 -11520.000 5000.000
v -17379.635 -11592.000 5000.000
v -17352.000 -11617.990 5000.000
v -17298.590 -11610.589 5000.000
v -17280.000 -11626.695 5000.000
v -17229.926 -11592.000 5000.000
v -17208.000 -11588.921 5000.000
v -17162.035 -11618.034 5000.000
v -17087.537 -11615.537 5000.000
v -17037.473 -11637.473 5000.000
v -17034.510 -11664.000 5000.000
v -16992.000 -11733.820 5000.000
v -16920.000 -11676.857 5000.000
v -16848.000 -11601.946 5000.000
v -16781.695 -11597.695 5000.000
v -16690.836 -11794.836 5000.000
v -16632.000 -11837.162 5000.000
v -16586.896 -11834.896 5000.000
v -16557.307 -11877.307 5000.000
v -16609.889 -11952.000 5000.000
v -16739.574 -12024.000 5000.000
v -16818.811 -12096.000 5000.000
v -16772.211 -12168.000 5000.000
v -16509.094 -12261.094 5000.000
v -16490.303 -12312.000 5000.000
v -16644.879 -12456.000 5000.000
v -16648.678 -12472.678 5000.000
v -16613.760 -12509.760 5000.000
v -16560.000 -12499.833 5000.000
v -16543.717 -12511.718 5000.000
v -16525.113 -12565.112 5000.000
v -16497.314 -12600.000 5000.000
v -16478.188 -12662.188 5000.000
v -16504.457 -12744.000 5000.000
v -16480.664 -12808.664 5000.000
v -16453.689 -12853.688 5000.000
v -16380.606 -12924.606 5000.000
v -16366.411 -12960.000 5000.000
v -16416.000 -13061.167 5000.000
v -16506.553 -13176.000 5000.000
v -16488.000 -13182.297 5000.000
v -16476.820 -13176.000 5000.000
v -16344.000 -13049.975 5000.000
v -16311.859 -12999.859 5000.000
v -16311.147 -12960.000 5000.000
v -16269.665 -12888.000 5000.000
v -16296.889 -12840.889 5000.000
v -16268.333 -12744.000 5000.000
v -16171.231 -12600.000 5000.000
v -16160.132 -12528.000 5000.000
v -16118.048 -12384.000 5000.000
v -16056.000 -12248.908 5000.000
v -15984.000 -12242.605 5000.000
v -15912.000 -12254.837 5000.000
v -15834.451 -12306.451 5000.000
v -15800.489 -12456.000 5000.000
v -15767.292 -12528.000 5000.000
v -15761.250 -12665.250 5000.000
v -15710.479 -12686.479 5000.000
v -15677.832 -12725.832 5000.000
v -15671.739 -12791.739 5000.000
v -15654.654 -12846.654 5000.000
v -15624.000 -12890.471 5000.000
v -15552.000 -12855.136 5000.000
v -15480.000 -12774.130 5000.000
v -15408.000 -12734.348 5000.000
v -15359.781 -12672.000 5000.000
v -15373.888 -12528.000 5000.000
v -15336.000 -12422.414 5000.000
v -15313.248 -12384.000 5000.000
v -15264.000 -12339.683 5000.000
v -15192.000 -12251.036 5000.000
v -15120.000 -12211.464 5000.000
v -15048.000 -12151.494 5000.000
v -14976.000 -12121.624 5000.000
v -14904.000 -12074.717 5000.000
v -14853.261 -12024.000 5000.000
v -14828.825 -11952.000 5000.000
v -14715.986 -11808.000 5000.000
v -14688.000 -11787.318 5000.000
v -14551.727 -11592.000 5000.000
v -14530.595 -11520.000 5000.000
v -14424.842 -11304.000 5000.000
v -14400.000 -11230.315 5000.000
v -14349.629 -11160.000 5000.000
v -14256.000 -11080.723 5000.000
v -14184.000 -11073.198 5000.000
v -14112.000 -11094.372 5000.000
v -13968.000 -11098.435 5000.000
v -13896.000 -11087.048 5000.000
v -13818.520 -11232.000 5000.000
v -13837.210 -11389.210 5000.000
v -13919.007 -11687.007 5000.000
v -13914.805 -11808.000 5000.000
v -13924.906 -11952.000 5000.000
v -13915.019 -12043.019 5000.000
v -13738.595 -12010.595 5000.000
v -13664.481 -12008.481 5000.000
v -13589.646 -12077.646 5000.000
v -13561.374 -12121.374 5000.000
v -13556.124 -12168.000 5000.000
v -13580.169 -12312.000 5000.000
v -13579.104 -12384.000 5000.000
v -13619.123 -12456.000 5000.000
v -13637.444 -12528.000 5000.000
v -13667.859 -12600.000 5000.000
v -13752.000 -12636.144 5000.000
v -13785.549 -12672.000 5000.000
v -13822.587 -12744.000 5000.000
v -13805.552 -12797.552 5000.000
v -13774.520 -12838.520 5000.000
v -13780.293 -12988.293 5000.000
v -13712.199 -12992.199 5000.000
v -13659.008 -13011.008 5000.000
v -13662.300 -13032.000 5000.000
v -13713.731 -13104.000 5000.000
v -13733.318 -13157.318 5000.000
v -13696.940 -13320.000 5000.000
v -13741.442 -13453.442 5000.000
v -13734.399 -13518.399 5000.000
v -13680.000 -13498.955 5000.000
v -13641.892 -13497.892 5000.000
v -13544.197 -13472.197 5000.000
v -13392.000 -13544.908 5000.000
v -13320.000 -13553.178 5000.000
v -13176.000 -13455.047 5000.000
v -13104.000 -13384.756 5000.000
v -12960.000 -13320.555 5000.000
v -12913.310 -13345.310 5000.000
v -12872.392 -13392.000 5000.000
v -12854.876 -13430.876 5000.000
v -12816.000 -13455.625 5000.000
v -12649.499 -13441.499 5000.000
v -12600.000 -13481.362 5000.000
v -12504.053 -13584.053 5000.000
v -12456.000 -13590.502 5000.000
v -12312.000 -13535.097 5000.000
v -12240.000 -13457.387 5000.000
v -12168.000 -13418.605 5000.000
v -12096.000 -13430.505 5000.000
v -12059.294 -13427.294 5000.000
v -12024.000 -13495.143 5000.000
v -11992.274 -13392.000 5000.000
v -12024.000 -13338.000 5000.000
v -12039.697 -13335.697 5000.000
v -12032.862 -13320.000 5000.000
v -12048.356 -13272.356 5000.000
v -12071.091 -13248.000 5000.000
v -12029.374 -13176.000 5000.000
v -12010.337 -13032.000 5000.000
v -11972.328 -12960.000 5000.000
v -11880.000 -12865.072 5000.000
v -11850.201 -12816.000 5000.000
v -11839.623 -12775.623 5000.000
v -11851.065 -12744.000 5000.000
v -11808.000 -12716.272 5000.000
v -11769.926 -12672.000 5000.000
v -11736.000 -12586.328 5000.000
v -11664.000 -12526.729 5000.000
v -11592.000 -12509.767 5000.000
v -11520.000 -12546.663 5000.000
v -11461.655 -12685.655 5000.000
v -11405.787 -12744.000 5000.000
v -11398.229 -12766.229 5000.000
v -11406.421 -12816.000 5000.000
v -11403.562 -12888.000 5000.000
v -11354.223 -12938.223 5000.000
v -11281.977 -13081.977 5000.000
v -11232.000 -13142.412 5000.000
v -11160.000 -13144.765 5000.000
v -11010.221 -13098.221 5000.000
v -10929.736 -13089.736 5000.000
v -10917.256 -13104.000 5000.000
v -10921.627 -13153.627 5000.000
v -10872.000 -13190.262 5000.000
v -10829.377 -13104.000 5000.000
v -10800.000 -13086.294 5000.000
v -10752.440 -13128.440 5000.000
v -10728.000 -13135.167 5000.000
v -10584.000 -13132.794 5000.000
v -10440.000 -13034.154 5000.000
v -10368.000 -12995.283 5000.000
v -10296.000 -12971.821 5000.000
v -10287.444 -12960.000 5000.000
v -10341.159 -12933.159 5000.000
v -10368.000 -12881.854 5000.000
v -10418.812 -12866.812 5000.000
v -10489.578 -12865.578 5000.000
v -10515.134 -12816.000 5000.000
v -10520.086 -12752.086 5000.000
v -10501.366 -12600.000 5000.000
v -10562.425 -12528.000 5000.000
v -10440.000 -12334.794 5000.000
v -10397.294 -12341.294 5000.000
v -10296.000 -12323.746 5000.000
v -10224.000 -12296.688 5000.000
v -10193.183 -12209.183 5000.000
v -10201.736 -12168.000 5000.000
v -10215.939 -12159.939 5000.000
v -10251.253 -12096.000 5000.000
v -10242.126 -12042.126 5000.000
v -10289.678 -12017.678 5000.000
v -10440.000 -12038.304 5000.000
v -10512.000 -12010.741 5000.000
v -10642.123 -12010.123 5000.000
v -10656.000 -12000.183 5000.000
v -10691.914 -11915.914 5000.000
v -10700.753 -11852.753 5000.000
v -10720.729 -11808.000 5000.000
v -10689.590 -11736.000 5000.000
v -10741.996 -11664.000 5000.000
v -10729.329 -11592.000 5000.000
v -10695.055 -11520.000 5000.000
v -10695.559 -11487.559 5000.000
v -10750.928 -11398.928 5000.000
v -10765.428 -11341.428 5000.000
v -10801.135 -11304.000 5000.000
v -10760.403 -11232.000 5000.000
v -10872.000 -11177.261 5000.000
v -10948.308 -11164.308 5000.000
v -10999.598 -11088.000 5000.000
v -11001.711 -11016.000 5000.000
v -10960.745 -10944.000 5000.000
v -10974.043 -10872.000 5000.000
v -10973.673 -10829.673 5000.000
v -10961.131 -10800.000 5000.000
v -10982.046 -10694.046 5000.000
v -11002.463 -10656.000 5000.000
v -10993.770 -10584.000 5000.000
v -10998.410 -10512.000 5000.000
v -11016.000 -10459.335 5000.000
v -11086.861 -10438.861 5000.000
v -11114.297 -10394.297 5000.000
v -11128.720 -10264.720 5000.000
v -11204.347 -10196.347 5000.000
v -11232.000 -10146.369 5000.000
v -11308.698 -10156.698 5000.000
v -11448.000 -10145.117 5000.000
v -11520.000 -10117.031 5000.000
v -11559.990 -10080.000 5000.000
v -11593.818 -10009.818 5000.000
v -11643.876 -9864.000 5000.000
v -11650.857 -9778.857 5000.000
v -11664.000 -9762.574 5000.000
v -11736.000 -9746.878 5000.000
v -11749.863 -9733.863 5000.000
v -11772.005 -9684.005 5000.000
v -11830.616 -9598.616 5000.000
v -11843.757 -9539.757 5000.000
v -11878.490 -9502.490 5000.000
v -11920.855 -9400.855 5000.000
v -11913.172 -9360.000 5000.000
v -11917.774 -9288.000 5000.000
v -11895.477 -9216.000 5000.000
v -11761.510 -9072.000 5000.000
v -11770.793 -9000.000 5000.000
v -11792.626 -8928.000 5000.000
v -11786.102 -8906.102 5000.000
v -11793.811 -8856.000 5000.000
v -11758.046 -8784.000 5000.000
v -11736.000 -8752.493 5000.000
v -11664.000 -8697.084 5000.000
v -11562.662 -8568.000 5000.000
v -11520.000 -8529.334 5000.000
v -11376.000 -8447.085 5000.000
v -11331.362 -8451.362 5000.000
v -11304.000 -8442.034 5000.000
v -11126.385 -8534.385 5000.000
v -11058.040 -8538.040 5000.000
v -11004.545 -8556.545 5000.000
v -10963.166 -8587.166 5000.000
v -10855.641 -8623.641 5000.000
v -10728.000 -8634.231 5000.000
v -10644.706 -8628.706 5000.000
v -10632.124 -8640.000 5000.000
v -10613.745 -8712.000 5000.000
v -10569.291 -8769.291 5000.000
v -10516.433 -8788.433 5000.000
v -10440.000 -8797.474 5000.000
v -10386.261 -8784.000 5000.000
v -10370.032 -8712.000 5000.000
v -10380.505 -8652.505 5000.000
v -10480.499 -8536.499 5000.000
v -10503.687 -8487.687 5000.000
v -10511.462 -8423.462 5000.000
v -10591.633 -8287.633 5000.000
v -10624.736 -8176.736 5000.000
v -10658.909 -8138.909 5000.000
v -10662.398 -7998.398 5000.000
v -10681.640 -7945.640 5000.000
v -10740.805 -7860.804 5000.000
v -10770.276 -7746.276 5000.000
v -10813.906 -7704.000 5000.000
v -10872.000 -7595.814 5000.000
v -10901.436 -7517.436 5000.000
v -10925.702 -7488.000 5000.000
v -10923.640 -7467.640 5000.000
v -10945.188 -7417.188 5000.000
v -10958.845 -7344.000 5000.000
v -10993.551 -7272.000 5000.000
v -11005.401 -7189.401 5000.000
v -11042.576 -7056.000 5000.000
v -11040.902 -6936.903 5000.000
v -11018.595 -6842.595 5000.000
v -11017.456 -6696.000 5000.000
v -10981.809 -6589.808 5000.000
v -10992.093 -6552.000 5000.000
v -10992.725 -6480.000 5000.000
v -10973.985 -6408.000 5000.000
v -10862.336 -6336.000 5000.000
v -10841.943 -6305.943 5000.000
v -10872.000 -6278.960 5000.000
v -10875.489 -6264.000 5000.000
v -10783.570 -6247.571 5000.000
v -10728.000 -6276.496 5000.000
v -10696.622 -6304.622 5000.000
v -10640.034 -6320.034 5000.000
v -10627.960 -6379.960 5000.000
v -10604.382 -6428.381 5000.000
v -10544.148 -6440.148 5000.000
v -10548.815 -6516.816 5000.000
v -10512.000 -6537.191 5000.000
v -10470.708 -6480.000 5000.000
v -10469.358 -6408.000 5000.000
v -10440.000 -6338.739 5000.000
v -10424.103 -6392.102 5000.000
v -10400.452 -6408.000 5000.000
v -10402.034 -6442.034 5000.000
v -10368.000 -6446.802 5000.000
v -10332.749 -6480.000 5000.000
v -10296.000 -6530.568 5000.000
v -10274.781 -6602.782 5000.000
v -10254.318 -6624.000 5000.000
v -10247.473 -6647.473 5000.000
v -10224.000 -6648.047 5000.000
v -10197.701 -6696.000 5000.000
v -10193.772 -6737.773 5000.000
v -10120.857 -6880.857 5000.000
v -10065.019 -7041.019 5000.000
v -10021.364 -7128.000 5000.000
v -9988.170 -7252.170 5000.000
v -9959.121 -7295.121 5000.000
v -9936.000 -7309.169 5000.000
v -9840.321 -7320.322 5000.000
v -9814.173 -7344.000 5000.000
v -9831.356 -7383.357 5000.000
v -9841.229 -7488.000 5000.000
v -9812.491 -7508.492 5000.000
v -9802.448 -7560.000 5000.000
v -9753.617 -7593.617 5000.000
v -9740.469 -7632.000 5000.000
v -9693.668 -7677.667 5000.000
v -9679.060 -7735.059 5000.000
v -9708.106 -7776.000 5000.000
v -9686.847 -7886.847 5000.000
v -9564.049 -8052.048 5000.000
v -9512.227 -8072.226 5000.000
v -9472.328 -8104.329 5000.000
v -9461.776 -8165.776 5000.000
v -9394.304 -8242.304 5000.000
v -9351.004 -8271.004 5000.000
v -9280.015 -8272.015 5000.000
v -9237.543 -8301.543 5000.000
v -9224.543 -8352.000 5000.000
v -9246.303 -8454.303 5000.000
v -9233.507 -8496.000 5000.000
v -9144.000 -8550.942 5000.000
v -9116.642 -8540.642 5000.000
v -9080.119 -8576.119 5000.000
v -9028.448 -8596.448 5000.000
v -8998.660 -8638.660 5000.000
v -8981.575 -8712.000 5000.000
v -9048.832 -8904.832 5000.000
v -9050.383 -8978.383 5000.000
v -9019.803 -9019.803 5000.000
v -8998.285 -9070.285 5000.000
v -8994.570 -9210.570 5000.000
v -9006.104 -9288.000 5000.000
v -8988.047 -9360.000 5000.000
v -9009.506 -9441.506 5000.000
v -8960.819 -9504.000 5000.000
v -8983.479 -9576.000 5000.000
v -9165.922 -9720.000 5000.000
v -9111.810 -9792.000 5000.000
v -9119.675 -9864.000 5000.000
v -9190.138 -9936.000 5000.000
v -9203.036 -10008.000 5000.000
v -9179.119 -10043.119 5000.000
v -9045.800 -10152.000 5000.000
v -9028.307 -10180.307 5000.000
v -9000.000 -10197.865 5000.000
v -8928.000 -10191.599 5000.000
v -8871.331 -10239.331 5000.000
v -8847.399 -10287.399 5000.000
v -8870.136 -10368.000 5000.000
v -8856.312 -10440.312 5000.000
v -8780.094 -10508.094 5000.000
v -8786.538 -10586.538 5000.000
v -8753.810 -10625.810 5000.000
v -8696.141 -10584.000 5000.000
v -8647.629 -10512.000 5000.000
v -8496.000 -10404.339 5000.000
v -8443.162 -10387.162 5000.000
v -8367.819 -10440.000 5000.000
v -8332.935 -10492.935 5000.000
v -8315.461 -10547.461 5000.000
v -8323.393 -10584.000 5000.000
v -8371.931 -10656.000 5000.000
v -8389.342 -10728.000 5000.000
v -8346.901 -10794.901 5000.000
v -8241.617 -10833.617 5000.000
v -8191.438 -10872.000 5000.000
v -8246.259 -10944.000 5000.000
v -8285.961 -11016.000 5000.000
v -8239.797 -11088.000 5000.000
v -8240.276 -11120.276 5000.000
v -8194.768 -11146.768 5000.000
v -8086.909 -11182.908 5000.000
v -7895.385 -11304.000 5000.000
v -7868.681 -11324.681 5000.000
v -7859.668 -11376.000 5000.000
v -7829.778 -11429.778 5000.000
v -7776.000 -11443.507 5000.000
v -7704.000 -11412.087 5000.000
v -7580.086 -11396.086 5000.000
v -7523.821 -11411.821 5000.000
v -7530.246 -11490.246 5000.000
v -7524.230 -11520.000 5000.000
v -7510.311 -11542.311 5000.000
v -7428.504 -11604.504 5000.000
v -7410.980 -11664.000 5000.000
v -7488.000 -11795.243 5000.000
v -7776.960 -12096.000 5000.000
v -7810.249 -12168.000 5000.000
v -7731.473 -12240.000 5000.000
v -7728.343 -12312.000 5000.000
v -7782.046 -12384.000 5000.000
v -7799.979 -12456.000 5000.000
v -7776.000 -12546.206 5000.000
v -7742.791 -12566.791 5000.000
v -7632.000 -12524.085 5000.000
v -7560.000 -12510.890 5000.000
v -7416.000 -12506.271 5000.000
v -7272.000 -12476.869 5000.000
v -7200.000 -12509.046 5000.000
v -7128.000 -12520.976 5000.000
v -7056.000 -12508.397 5000.000
v -6984.000 -12474.920 5000.000
v -6940.877 -12484.878 5000.000
v -6882.520 -12570.520 5000.000
v -6864.122 -12624.121 5000.000
v -6764.735 -12668.734 5000.000
v -6721.427 -12769.428 5000.000
v -6678.530 -12798.529 5000.000
v -6648.193 -12840.193 5000.000
v -6552.000 -12933.145 5000.000
v -6480.000 -12968.000 5000.000
v -6436.025 -12888.000 5000.000
v -6444.658 -12852.658 5000.000
v -6431.961 -12744.000 5000.000
v -6417.095 -12672.000 5000.000
v -6364.774 -12528.000 5000.000
v -6264.000 -12383.118 5000.000
v -6192.000 -12353.892 5000.000
v -6048.000 -12351.037 5000.000
v -5976.000 -12335.156 5000.000
v -5904.000 -12343.620 5000.000
v -5884.041 -12364.041 5000.000
v -5829.828 -12381.828 5000.000
v -5826.737 -12522.737 5000.000
v -5769.628 -12672.000 5000.000
v -5743.019 -12799.019 5000.000
v -5651.729 -12888.000 5000.000
v -5637.773 -13032.000 5000.000
v -5588.971 -13104.000 5000.000
v -5582.016 -13142.016 5000.000
v -5544.000 -13159.380 5000.000
v -5472.000 -13218.044 5000.000
v -5439.047 -13215.047 5000.000
v -5316.269 -13164.269 5000.000
v -5158.260 -13222.260 5000.000
v -5122.626 -13258.627 5000.000
v -5102.650 -13310.650 5000.000
v -5089.074 -13441.073 5000.000
v -5007.149 -13575.149 5000.000
v -4968.000 -13758.153 5000.000
v -4896.000 -13709.286 5000.000
v -4760.888 -13464.000 5000.000
v -4735.623 -13392.000 5000.000
v -4680.000 -13316.095 5000.000
v -4608.000 -13326.245 5000.000
v -4536.000 -13306.544 5000.000
v -4500.255 -13356.256 5000.000
v -4464.000 -13375.890 5000.000
v -4417.229 -13561.229 5000.000
v -4364.525 -13652.525 5000.000
v -4330.763 -13762.763 5000.000
v -4285.790 -13861.790 5000.000
v -4251.436 -13899.436 5000.000
v -4191.534 -13911.534 5000.000
v -4104.000 -13896.409 5000.000
v -4091.437 -13824.000 5000.000
v -4032.000 -13762.266 5000.000
v -3897.965 -13761.965 5000.000
v -3816.000 -13811.565 5000.000
v -3744.000 -13759.690 5000.000
v -3672.000 -13691.416 5000.000
v -3600.000 -13661.207 5000.000
v -3551.528 -13703.528 5000.000
v -3507.945 -13803.945 5000.000
v -3473.301 -13841.301 5000.000
v -3384.000 -13841.227 5000.000
v -3352.932 -13824.000 5000.000
v -3327.973 -13752.000 5000.000
v -3275.769 -13680.000 5000.000
v -3168.000 -13598.492 5000.000
v -3096.000 -13567.972 5000.000
v -3024.000 -13556.229 5000.000
v -2989.237 -13536.000 5000.000
v -2952.000 -13477.979 5000.000
v -2922.856 -13392.000 5000.000
v -2881.760 -13320.000 5000.000
v -2912.674 -13280.674 5000.000
v -2874.539 -13104.000 5000.000
v -2859.522 -12939.522 5000.000
v -2863.699 -12888.000 5000.000
v -2848.760 -12816.000 5000.000
v -2808.000 -12751.495 5000.000
v -2736.000 -12763.003 5000.000
v -2592.000 -12721.694 5000.000
v -2554.057 -12744.000 5000.000
v -2448.000 -12916.626 5000.000
v -2386.527 -12970.527 5000.000
v -2367.781 -13023.781 5000.000
v -2332.715 -13060.715 5000.000
v -2304.000 -13075.188 5000.000
v -2287.262 -13104.000 5000.000
v -2281.329 -13153.328 5000.000
v -2260.782 -13204.782 5000.000
v -2232.000 -13222.088 5000.000
v -2191.562 -13279.562 5000.000
v -2140.987 -13300.987 5000.000
v -2101.539 -13405.539 5000.000
v -2016.000 -13523.861 5000.000
v -1953.664 -13545.664 5000.000
v -1937.488 -13601.488 5000.000
v -1903.494 -13639.494 5000.000
v -1728.000 -13651.295 5000.000
v -1656.000 -13631.956 5000.000
v -1545.933 -13464.000 5000.000
v -1512.000 -13386.217 5000.000
v -1440.000 -13358.165 5000.000
v -1385.197 -13320.000 5000.000
v -1302.393 -13176.000 5000.000
v -1224.000 -13143.315 5000.000
v -1208.967 -13160.967 5000.000
v -1112.321 -13208.321 5000.000
v -1080.000 -13234.054 5000.000
v -1003.465 -13243.465 5000.000
v -968.943 -13280.943 5000.000
v -920.347 -13304.348 5000.000
v -854.586 -13382.586 5000.000
v -812.987 -13412.987 5000.000
v -714.726 -13458.727 5000.000
v -648.000 -13481.919 5000.000
v -576.000 -13450.919 5000.000
v -504.000 -13450.193 5000.000
v -432.000 -13394.036 5000.000
v -360.000 -13276.527 5000.000
v -345.347 -13248.000 5000.000
v -330.693 -13146.692 5000.000
v -285.368 -13032.000 5000.000
v -313.101 -12985.101 5000.000
v -340.942 -12960.000 5000.000
v -364.659 -12888.000 5000.000
v -353.331 -12816.000 5000.000
v -294.934 -12744.000 5000.000
v -290.374 -12602.374 5000.000
v -344.765 -12584.765 5000.000
v -388.374 -12556.374 5000.000
v -459.269 -12339.269 5000.000
v -523.267 -12240.000 5000.000
v -546.223 -12168.000 5000.000
v -553.765 -12096.000 5000.000
v -449.261 -11952.000 5000.000
v -440.658 -11888.658 5000.000
v -440.218 -11808.000 5000.000
v -483.189 -11787.189 5000.000
v -536.520 -11736.000 5000.000
v -568.271 -11664.000 5000.000
v -566.796 -11520.000 5000.000
v -493.998 -11448.000 5000.000
v -630.616 -11376.000 5000.000
v -792.000 -11309.540 5000.000
v -826.658 -11266.658 5000.000
v -907.453 -11232.000 5000.000
v -936.000 -11209.200 5000.000
v -1008.000 -11191.661 5000.000
v -1080.000 -11205.762 5000.000
v -1440.000 -11318.688 5000.000
v -1586.164 -11306.164 5000.000
v -1872.000 -11219.781 5000.000
v -1985.790 -11160.000 5000.000
v -2039.434 -11111.435 5000.000
v -2088.000 -11089.134 5000.000
v -2118.896 -11046.896 5000.000
v -2160.000 -11017.854 5000.000
v -2208.255 -10920.255 5000.000
v -2242.688 -10872.000 5000.000
v -2245.485 -10813.485 5000.000
v -2275.892 -10771.892 5000.000
v -2304.000 -10762.591 5000.000
v -2343.774 -10767.774 5000.000
v -2376.000 -10750.200 5000.000
v -2467.743 -10747.742 5000.000
v -2797.839 -10789.839 5000.000
v -2861.765 -10781.765 5000.000
v -2952.000 -10752.161 5000.000
v -3024.000 -10767.423 5000.000
v -3064.135 -10728.000 5000.000
v -3067.504 -10699.504 5000.000
v -3102.413 -10656.000 5000.000
v -3020.291 -10584.000 5000.000
v -3010.542 -10498.541 5000.000
v -3041.701 -10457.701 5000.000
v -3096.000 -10477.339 5000.000
v -3130.912 -10474.912 5000.000
v -3161.375 -10440.000 5000.000
v -3096.000 -10399.145 5000.000
v -3040.112 -10384.111 5000.000
v -3024.000 -10403.126 5000.000
v -2994.776 -10368.000 5000.000
v -2952.000 -10346.841 5000.000
v -2880.000 -10289.836 5000.000
v -2846.691 -10224.000 5000.000
v -2814.664 -10080.000 5000.000
v -2808.000 -9988.327 5000.000
v -2780.750 -9936.000 5000.000
v -2664.000 -9900.758 5000.000
v -2592.000 -9916.412 5000.000
v -2520.000 -9896.726 5000.000
v -2448.000 -9908.727 5000.000
v -2376.000 -9936.631 5000.000
v -2232.000 -9864.295 5000.000
v -2181.251 -9885.251 5000.000
v -2088.000 -9868.627 5000.000
v -2016.000 -9876.997 5000.000
v -1944.000 -9863.427 5000.000
v -1584.000 -9898.985 5000.000
v -1533.268 -9864.000 5000.000
v -1296.000 -9827.091 5000.000
v -1152.000 -9776.654 5000.000
v -1008.000 -9744.382 5000.000
v -936.000 -9715.729 5000.000
v -792.000 -9633.902 5000.000
v -720.000 -9571.354 5000.000
v -627.731 -9432.000 5000.000
v -601.676 -9288.000 5000.000
v -616.789 -9256.789 5000.000
v -653.141 -9221.142 5000.000
v -650.008 -9146.008 5000.000
v -601.047 -9072.000 5000.000
v -586.465 -9010.465 5000.000
v -618.968 -8928.000 5000.000
v -585.048 -8856.000 5000.000
v -575.336 -8784.000 5000.000
v -629.708 -8693.709 5000.000
v -677.574 -8640.000 5000.000
v -740.035 -8496.000 5000.000
v -802.188 -8424.000 5000.000
v -809.315 -8208.000 5000.000
v -780.929 -8136.000 5000.000
v -772.294 -8064.000 5000.000
v -791.574 -7919.574 5000.000
v -803.351 -7859.351 5000.000
v -888.744 -7704.000 5000.000
v -887.768 -7632.000 5000.000
v -868.876 -7560.000 5000.000
v -890.959 -7488.000 5000.000
v -870.632 -7416.000 5000.000
v -894.835 -7374.835 5000.000
v -947.611 -7344.000 5000.000
v -977.646 -7272.000 5000.000
v -883.213 -7128.000 5000.000
v -907.254 -7027.254 5000.000
v -1008.000 -6967.321 5000.000
v -1061.441 -6912.000 5000.000
v -1063.314 -6895.314 5000.000
v -1105.758 -6865.758 5000.000
v -1195.049 -6840.000 5000.000
v -1197.396 -6813.396 5000.000
v -1220.231 -6768.000 5000.000
v -1218.626 -6624.000 5000.000
v -1193.481 -6521.480 5000.000
v -1205.114 -6480.000 5000.000
v -1206.473 -6390.473 5000.000
v -1320.247 -6216.247 5000.000
v -1351.778 -6175.778 5000.000
v -1430.874 -6110.874 5000.000
v -1454.569 -6062.569 5000.000
v -1470.368 -5904.000 5000.000
v -1454.542 -5832.000 5000.000
v -1474.809 -5760.000 5000.000
v -1440.000 -5720.129 5000.000
v -1416.129 -5736.129 5000.000
v -1224.000 -5654.125 5000.000
v -1152.000 -5570.354 5000.000
v -1080.000 -5558.822 5000.000
v -922.879 -5472.000 5000.000
v -880.517 -5400.000 5000.000
v -864.000 -5294.297 5000.000
v -831.194 -5184.000 5000.000
v -828.947 -5040.000 5000.000
v -758.337 -4968.000 5000.000
v -720.514 -4896.000 5000.000
v -721.764 -4825.764 5000.000
v -704.445 -4808.445 5000.000
v -648.000 -4762.258 5000.000
v -576.000 -4747.661 5000.000
v -504.000 -4706.458 5000.000
v -413.914 -4608.000 5000.000
v -360.000 -4532.971 5000.000
v -288.000 -4466.373 5000.000
v -213.061 -4461.061 5000.000
v -181.911 -4501.911 5000.000
v -144.000 -4517.675 5000.000
v -72.000 -4512.049 5000.000
v -33.715 -4497.715 5000.000
v 72.000 -4578.570 5000.000
v 100.184 -4579.816 5000.000
v 48.286 -4703.713 5000.000
v 72.000 -4706.690 5000.000
v 138.692 -4685.308 5000.000
v 126.013 -4769.987 5000.000
v 189.807 -4778.192 5000.000
v 231.050 -4808.950 5000.000
v 288.000 -4807.930 5000.000
v 323.909 -4788.091 5000.000
v 360.074 -4823.926 5000.000
v 441.613 -4814.387 5000.000
v 445.495 -4824.000 5000.000
v 413.975 -4896.000 5000.000
v 417.059 -4910.940 5000.000
v 432.000 -4914.033 5000.000
v 504.000 -4867.109 5000.000
v 539.060 -4860.940 5000.000
v 525.342 -4896.000 5000.000
v 426.328 -5040.000 5000.000
v 409.774 -5112.000 5000.000
v 364.650 -5184.000 5000.000
v 341.207 -5256.000 5000.000
v 326.215 -5361.785 5000.000
v 340.050 -5419.950 5000.000
v 360.000 -5446.414 5000.000
v 378.379 -5453.621 5000.000
v 379.762 -5544.000 5000.000
v 429.815 -5618.186 5000.000
v 543.511 -5576.489 5000.000
v 546.125 -5616.000 5000.000
v 631.356 -5632.644 5000.000
v 651.355 -5756.645 5000.000
v 673.135 -5806.865 5000.000
v 683.198 -5940.802 5000.000
v 755.763 -6012.237 5000.000
v 775.908 -6048.000 5000.000
v 794.070 -6117.930 5000.000
v 878.450 -6192.000 5000.000
v 915.703 -6264.000 5000.000
v 926.142 -6336.000 5000.000
v 898.921 -6408.000 5000.000
v 936.000 -6444.144 5000.000
v 968.017 -6447.983 5000.000
v 1071.181 -6488.819 5000.000
v 1111.549 -6592.451 5000.000
v 1127.071 -6696.000 5000.000
v 1084.821 -6768.000 5000.000
v 1065.480 -6840.000 5000.000
v 1008.000 -6906.484 5000.000
v 1017.375 -6984.000 5000.000
v 1110.602 -7169.398 5000.000
v 1152.000 -7189.557 5000.000
v 1195.682 -7228.318 5000.000
v 1386.158 -7325.842 5000.000
v 1401.167 -7344.000 5000.000
v 1399.586 -7384.415 5000.000
v 1433.694 -7422.306 5000.000
v 1444.729 -7488.000 5000.000
v 1439.873 -7560.000 5000.000
v 1368.000 -7617.844 5000.000
v 1310.304 -7704.000 5000.000
v 1342.049 -7776.000 5000.000
v 1329.936 -7848.000 5000.000
v 1288.669 -7920.000 5000.000
v 1289.575 -7998.425 5000.000
v 1277.679 -8064.000 5000.000
v 1319.233 -8136.000 5000.000
v 1325.681 -8178.319 5000.000
v 1401.366 -8208.000 5000.000
v 1389.874 -8258.126 5000.000
v 1405.368 -8280.000 5000.000
v 1409.937 -8310.062 5000.000
v 1396.471 -8352.000 5000.000
v 1410.604 -8381.396 5000.000
v 1417.818 -8446.182 5000.000
v 1447.285 -8496.000 5000.000
v 1470.317 -8609.684 5000.000
v 1489.105 -8640.000 5000.000
v 1496.386 -8712.000 5000.000
v 1379.242 -8856.000 5000.000
v 1408.409 -8887.591 5000.000
v 1417.601 -8928.000 5000.000
v 1411.225 -9028.775 5000.000
v 1447.778 -9072.000 5000.000
v 1459.180 -9144.000 5000.000
v 1451.811 -9216.000 5000.000
v 1463.872 -9264.128 5000.000
v 1504.183 -9295.817 5000.000
v 1524.934 -9347.066 5000.000
v 1525.445 -9418.555 5000.000
v 1553.927 -9462.073 5000.000
v 1561.882 -9504.000 5000.000
v 1550.908 -9537.092 5000.000
v 1552.956 -9607.044 5000.000
v 1584.000 -9612.179 5000.000
v 1648.684 -9655.315 5000.000
v 1667.320 -9708.680 5000.000
v 1681.357 -9864.000 5000.000
v 1632.343 -9936.000 5000.000
v 1639.989 -10008.000 5000.000
v 1629.766 -10034.234 5000.000
v 1656.000 -10041.564 5000.000
v 1668.905 -10067.096 5000.000
v 1721.326 -10086.675 5000.000
v 1790.124 -10161.876 5000.000
v 1778.235 -10245.766 5000.000
v 1782.584 -10313.415 5000.000
v 1798.973 -10368.000 5000.000
v 1839.859 -10400.141 5000.000
v 1861.636 -10440.000 5000.000
v 1826.827 -10512.000 5000.000
v 1735.817 -10656.000 5000.000
v 1705.812 -10728.000 5000.000
v 1731.370 -10800.000 5000.000
v 1714.905 -10872.000 5000.000
v 1746.785 -10925.215 5000.000
v 1744.674 -10999.325 5000.000
v 1786.807 -11088.000 5000.000
v 1756.201 -11160.000 5000.000
v 1746.293 -11232.000 5000.000
v 1800.000 -11340.082 5000.000
v 1872.000 -11342.200 5000.000
v 1889.997 -11358.003 5000.000
v 1901.185 -11376.000 5000.000
v 1896.312 -11448.000 5000.000
v 1943.866 -11520.134 5000.000
v 1999.121 -11536.879 5000.000
v 2021.475 -11586.525 5000.000
v 2011.308 -11668.691 5000.000
v 2079.233 -11816.768 5000.000
v 2109.081 -11952.000 5000.000
v 2099.037 -12024.000 5000.000
v 2039.776 -12096.000 5000.000
v 2040.098 -12143.902 5000.000
v 2030.954 -12168.000 5000.000
v 2088.000 -12259.533 5000.000
v 2206.831 -12337.169 5000.000
v 2232.000 -12343.471 5000.000
v 2304.000 -12300.071 5000.000
v 2416.472 -12168.000 5000.000
v 2461.317 -12096.000 5000.000
v 2542.971 -12024.000 5000.000
v 2592.000 -11950.847 5000.000
v 2634.726 -11808.000 5000.000
v 2669.008 -11736.000 5000.000
v 2736.000 -11612.842 5000.000
v 2808.000 -11522.183 5000.000
v 2880.000 -11545.462 5000.000
v 2981.387 -11562.612 5000.000
v 3240.000 -11549.056 5000.000
v 3274.191 -11557.810 5000.000
v 3317.230 -11586.770 5000.000
v 3343.141 -11632.858 5000.000
v 3370.420 -11736.000 5000.000
v 3460.125 -11880.000 5000.000
v 3494.521 -11913.479 5000.000
v 3888.000 -11877.964 5000.000
v 3945.483 -11894.517 5000.000
v 3962.690 -11949.310 5000.000
v 3958.928 -12025.072 5000.000
v 3978.155 -12077.846 5000.000
v 4052.099 -12168.000 5000.000
v 4095.690 -12248.310 5000.000
v 4184.903 -12312.000 5000.000
v 4197.209 -12362.790 5000.000
v 4160.172 -12456.000 5000.000
v 4159.793 -12528.000 5000.000
v 4115.017 -12600.000 5000.000
v 4032.000 -12635.218 5000.000
v 3839.553 -12744.000 5000.000
v 3796.232 -12816.000 5000.000
v 3744.000 -12856.602 5000.000
v 3624.856 -12888.000 5000.000
v 3529.290 -12960.000 5000.000
v 3456.000 -12980.078 5000.000
v 3334.509 -13104.000 5000.000
v 3240.000 -13166.780 5000.000
v 3024.959 -13464.000 5000.000
v 3023.600 -13536.000 5000.000
v 2957.990 -13608.000 5000.000
v 2808.000 -13650.395 5000.000
v 2736.000 -13691.877 5000.000
v 2664.000 -13718.360 5000.000
v 2524.935 -13752.000 5000.000
v 2462.709 -13824.000 5000.000
v 2483.286 -13860.714 5000.000
v 2460.147 -13968.000 5000.000
v 2482.481 -14005.519 5000.000
v 2520.000 -14029.920 5000.000
v 2581.156 -14050.844 5000.000
v 2618.405 -14157.595 5000.000
v 2626.240 -14256.000 5000.000
v 2638.122 -14281.878 5000.000
v 2736.000 -14350.817 5000.000
v 2756.718 -14400.000 5000.000
v 2773.371 -14506.629 5000.000
v 2808.000 -14550.106 5000.000
v 2880.000 -14588.990 5000.000
v 2907.111 -14588.889 5000.000
v 2926.256 -14616.000 5000.000
v 2929.217 -14638.783 5000.000
v 2952.000 -14635.744 5000.000
v 2985.594 -14616.000 5000.000
v 3009.542 -14544.000 5000.000
v 3027.736 -14400.000 5000.000
v 3095.960 -14328.000 5000.000
v 3168.000 -14320.474 5000.000
v 3240.000 -14274.552 5000.000
v 3312.000 -14256.611 5000.000
v 3384.000 -14198.002 5000.000
v 3468.436 -14171.564 5000.000
v 3600.000 -14148.553 5000.000
v 3744.000 -14160.698 5000.000
v 3816.000 -14184.612 5000.000
v 3888.000 -14233.892 5000.000
v 3923.704 -14292.296 5000.000
v 3960.874 -14327.126 5000.000
v 4032.000 -14313.927 5000.000
v 4104.000 -14284.075 5000.000
v 4176.000 -14296.207 5000.000
v 4234.870 -14269.130 5000.000
v 4363.977 -14284.023 5000.000
v 4413.035 -14306.965 5000.000
v 4717.632 -14290.367 5000.000
v 4752.000 -14296.472 5000.000
v 4896.000 -14224.395 5000.000
v 5040.000 -14214.353 5000.000
v 5112.000 -14194.958 5000.000
v 5166.088 -14201.912 5000.000
v 5218.292 -14184.000 5000.000
v 5400.000 -13948.845 5000.000
v 5472.000 -13925.146 5000.000
v 5512.449 -13927.551 5000.000
v 5546.899 -13965.102 5000.000
v 5593.158 -13990.842 5000.000
v 5616.000 -13990.380 5000.000
v 5642.188 -14013.812 5000.000
v 5754.645 -14045.355 5000.000
v 6195.424 -13964.575 5000.000
v 6212.491 -14019.509 5000.000
v 6258.840 -14040.000 5000.000
v 6378.048 -14141.952 5000.000
v 6429.407 -14162.594 5000.000
v 6426.520 -14184.000 5000.000
v 6438.805 -14225.194 5000.000
v 6464.608 -14256.000 5000.000
v 6505.523 -14374.477 5000.000
v 6513.300 -14400.000 5000.000
v 6508.847 -14443.153 5000.000
v 6528.811 -14472.000 5000.000
v 6532.558 -14544.000 5000.000
v 6550.827 -14617.173 5000.000
v 6543.530 -14688.000 5000.000
v 6511.257 -14760.000 5000.000
v 6494.234 -14832.000 5000.000
v 6336.000 -14979.386 5000.000
v 6153.796 -15014.204 5000.000
v 6048.000 -15016.269 5000.000
v 5832.000 -15081.922 5000.000
v 5667.249 -15120.000 5000.000
v 5472.000 -15148.650 5000.000
v 5328.000 -15156.867 5000.000
v 5264.367 -15183.634 5000.000
v 5184.000 -15197.833 5000.000
v 5112.000 -15184.619 5000.000
v 5040.000 -15207.940 5000.000
v 4968.000 -15252.120 5000.000
v 4824.000 -15251.478 5000.000
v 4680.000 -15301.743 5000.000
v 4603.553 -15340.447 5000.000
v 4392.000 -15358.594 5000.000
v 4316.823 -15339.178 5000.000
v 4248.000 -15345.104 5000.000
v 4136.147 -15375.853 5000.000
v 4104.000 -15369.721 5000.000
v 3985.284 -15408.000 5000.000
v 3960.000 -15430.872 5000.000
v 3940.349 -15480.000 5000.000
v 3824.033 -15552.000 5000.000
v 3821.160 -15624.000 5000.000
v 3744.000 -15747.229 5000.000
v 3672.000 -15794.351 5000.000
v 3600.000 -15821.852 5000.000
v 3577.917 -15840.000 5000.000
v 3600.000 -15891.926 5000.000
v 3611.816 -15900.184 5000.000
v 3618.117 -16037.883 5000.000
v 3639.603 -16056.000 5000.000
v 3686.868 -16128.000 5000.000
v 3686.711 -16200.000 5000.000
v 3607.110 -16344.000 5000.000
v 3626.077 -16389.924 5000.000
v 3623.915 -16464.086 5000.000
v 3651.955 -16508.045 5000.000
v 3672.000 -16514.008 5000.000
v 3816.000 -16333.564 5000.000
v 3888.000 -16324.937 5000.000
v 3963.084 -16340.915 5000.000
v 4032.000 -16343.854 5000.000
v 4124.256 -16323.744 5000.000
v 4199.154 -16320.846 5000.000
v 4239.131 -16352.869 5000.000
v 4294.999 -16441.002 5000.000
v 4241.766 -16566.234 5000.000
v 4115.321 -16764.680 5000.000
v 4114.706 -16776.000 5000.000
v 4148.149 -16803.852 5000.000
v 4146.787 -16848.000 5000.000
v 4209.093 -16958.906 5000.000
v 4250.573 -16989.426 5000.000
v 4320.000 -17020.293 5000.000
v 4437.642 -17018.357 5000.000
v 4499.891 -17028.109 5000.000
v 4535.172 -17064.828 5000.000
v 4570.448 -17173.553 5000.000
v 4632.429 -17255.570 5000.000
v 4752.000 -17311.129 5000.000
v 4801.987 -17374.014 5000.000
v 4824.000 -17378.166 5000.000
v 4883.924 -17364.076 5000.000
v 4944.545 -17375.455 5000.000
v 4985.081 -17406.920 5000.000
v 5040.000 -17431.805 5000.000
v 5148.130 -17459.871 5000.000
v 5184.000 -17489.406 5000.000
v 5209.648 -17542.352 5000.000
v 5256.000 -17563.123 5000.000
v 5328.000 -17552.709 5000.000
v 5388.008 -17507.992 5000.000
v 5472.000 -17465.062 5000.000
v 5544.000 -17389.229 5000.000
v 5707.739 -17332.262 5000.000
v 5745.916 -17366.084 5000.000
v 5765.577 -17418.422 5000.000
v 5808.008 -17447.992 5000.000
v 5792.492 -17568.000 5000.000
v 5775.714 -17624.285 5000.000
v 5731.982 -17712.000 5000.000
v 5733.771 -17738.229 5000.000
v 5799.038 -17888.961 5000.000
v 5832.000 -17892.730 5000.000
v 5904.000 -17881.672 5000.000
v 6003.590 -17784.000 5000.000
v 6048.000 -17713.475 5000.000
v 6120.000 -17677.465 5000.000
v 6192.000 -17680.230 5000.000
v 6305.564 -17640.000 5000.000
v 6408.000 -17624.982 5000.000
v 6554.527 -17565.473 5000.000
v 6624.000 -17565.766 5000.000
v 6770.643 -17640.000 5000.000
v 6755.956 -17856.000 5000.000
v 6771.801 -17928.000 5000.000
v 6696.000 -17996.447 5000.000
v 6634.191 -18072.000 5000.000
v 6580.708 -18216.000 5000.000
v 6516.622 -18288.000 5000.000
v 6481.287 -18360.000 5000.000
v 6547.669 -18504.000 5000.000
v 6522.736 -18576.000 5000.000
v 6470.679 -18648.000 5000.000
v 6495.538 -18720.000 5000.000
v 6461.831 -18792.000 5000.000
v 6468.334 -18803.666 5000.000
v 6496.241 -18847.758 5000.000
v 6554.844 -18861.156 5000.000
v 6626.230 -18933.770 5000.000
v 6684.554 -18947.445 5000.000
v 6768.000 -18909.047 5000.000
v 6840.000 -18909.014 5000.000
v 6912.000 -18958.551 5000.000
v 6984.000 -18915.723 5000.000
v 7272.000 -18864.043 5000.000
v 7394.093 -18813.906 5000.000
v 7453.247 -18826.754 5000.000
v 7544.605 -18879.395 5000.000
v 7588.660 -18979.340 5000.000
v 7557.924 -19082.076 5000.000
v 7517.311 -19152.000 5000.000
v 7498.872 -19224.000 5000.000
v 7452.511 -19296.000 5000.000
v 7470.833 -19368.000 5000.000
v 7466.098 -19389.902 5000.000
v 7498.921 -19440.000 5000.000
v 7488.000 -19456.615 5000.000
v 7416.000 -19488.486 5000.000
v 7344.000 -19500.025 5000.000
v 7331.081 -19512.000 5000.000
v 7272.000 -19654.914 5000.000
v 7149.864 -19800.000 5000.000
v 7171.704 -19828.297 5000.000
v 7201.273 -19942.727 5000.000
v 7124.625 -20088.000 5000.000
v 7148.871 -20139.129 5000.000
v 7181.726 -20178.275 5000.000
v 7265.805 -20166.195 5000.000
v 7318.251 -20185.750 5000.000
v 7355.233 -20232.000 5000.000
v 7337.270 -20304.000 5000.000
v 7343.604 -20376.396 5000.000
v 7378.706 -20413.293 5000.000
v 7429.182 -20434.818 5000.000
v 7488.000 -20485.871 5000.000
v 7523.757 -20484.242 5000.000
v 7587.076 -20564.924 5000.000
v 7649.367 -20574.633 5000.000
v 7704.000 -20608.172 5000.000
v 7776.000 -20601.834 5000.000
v 7845.052 -20666.947 5000.000
v 7867.040 -20716.961 5000.000
v 7940.102 -20787.898 5000.000
v 7991.258 -20808.742 5000.000
v 8058.443 -20813.557 5000.000
v 8136.000 -20799.877 5000.000
v 8295.659 -20720.340 5000.000
v 8364.435 -20723.564 5000.000
v 8467.671 -20836.330 5000.000
v 8452.941 -20923.059 5000.000
v 8390.495 -21057.504 5000.000
v 8534.067 -21129.932 5000.000
v 8614.100 -21193.900 5000.000
v 8712.000 -21245.602 5000.000
v 8880.395 -21359.605 5000.000
v 8928.000 -21380.174 5000.000
v 8957.941 -21426.059 5000.000
v 9006.456 -21456.000 5000.000
v 9149.890 -21594.111 5000.000
v 9195.240 -21620.760 5000.000
v 9338.575 -21765.424 5000.000
v 9461.309 -21930.691 5000.000
v 9476.199 -21960.000 5000.000
v 9483.366 -22104.000 5000.000
v 9568.485 -22183.516 5000.000
v 9607.762 -22248.000 5000.000
v 9648.000 -22283.738 5000.000
v 9691.970 -22276.029 5000.000
v 9720.000 -22284.262 5000.000
v 9751.980 -22248.000 5000.000
v 9781.908 -22176.000 5000.000
v 9864.000 -22126.574 5000.000
v 9972.259 -22032.000 5000.000
v 9978.450 -21989.551 5000.000
v 10008.000 -21932.406 5000.000
v 10136.361 -21744.000 5000.000
v 10224.000 -21645.336 5000.000
v 10294.976 -21600.000 5000.000
v 10324.119 -21528.000 5000.000
v 10368.000 -21481.082 5000.000
v 10504.008 -21384.000 5000.000
v 10552.521 -21312.000 5000.000
v 10656.024 -21240.000 5000.000
v 10728.000 -21209.555 5000.000
v 10800.000 -21197.217 5000.000
v 10865.093 -21168.000 5000.000
v 10944.000 -21164.355 5000.000
v 11016.000 -21144.510 5000.000
v 11063.820 -21120.180 5000.000
v 11107.521 -21148.479 5000.000
v 11160.000 -21159.406 5000.000
v 11232.000 -21148.938 5000.000
v 11304.000 -21089.539 5000.000
v 11319.515 -21096.000 5000.000
v 11304.000 -21144.070 5000.000
v 11257.607 -21214.393 5000.000
v 11304.000 -21184.346 5000.000
v 11323.196 -21220.805 5000.000
v 11388.675 -21227.324 5000.000
v 11415.596 -21272.404 5000.000
v 11416.904 -21312.000 5000.000
v 11304.000 -21431.322 5000.000
v 11247.149 -21440.852 5000.000
v 11222.516 -21456.000 5000.000
v 11210.210 -21477.791 5000.000
v 11216.121 -21543.879 5000.000
v 11304.000 -21488.205 5000.000
v 11326.079 -21505.920 5000.000
v 11376.000 -21487.465 5000.000
v 11592.000 -21450.910 5000.000
v 11613.109 -21506.891 5000.000
v 11683.964 -21508.035 5000.000
v 11705.104 -21558.896 5000.000
v 11736.000 -21593.545 5000.000
v 11867.819 -21540.182 5000.000
v 11880.000 -21545.836 5000.000
v 11952.000 -21499.740 5000.000
v 12011.305 -21528.000 5000.000
v 11993.645 -21600.000 5000.000
v 11916.898 -21672.000 5000.000
v 11919.052 -21704.947 5000.000
v 11952.000 -21696.941 5000.000
v 12012.439 -21744.000 5000.000
v 11952.000 -21768.525 5000.000
v 11900.291 -21816.000 5000.000
v 11894.669 -21873.332 5000.000
v 11913.710 -21888.000 5000.000
v 11923.104 -21916.895 5000.000
v 11952.000 -21914.291 5000.000
v 11976.783 -21935.217 5000.000
v 12027.669 -21956.332 5000.000
v 12059.363 -21996.637 5000.000
v 12056.648 -22032.000 5000.000
v 12024.000 -22074.711 5000.000
v 11995.196 -22060.805 5000.000
v 11887.306 -22096.695 5000.000
v 11894.874 -22032.000 5000.000
v 11908.113 -22003.887 5000.000
v 11880.000 -22001.229 5000.000
v 11845.458 -22032.000 5000.000
v 11841.744 -22070.256 5000.000
v 11861.392 -22122.607 5000.000
v 11840.884 -22176.000 5000.000
v 11774.523 -22209.477 5000.000
v 11736.000 -22209.873 5000.000
v 11669.029 -22320.000 5000.000
v 11674.715 -22381.285 5000.000
v 11732.590 -22392.000 5000.000
v 11662.445 -22465.555 5000.000
v 11652.562 -22403.438 5000.000
v 11592.000 -22406.086 5000.000
v 11552.388 -22464.000 5000.000
v 11556.477 -22499.523 5000.000
v 11576.313 -22536.000 5000.000
v 11520.000 -22623.629 5000.000
v 11470.242 -22680.000 5000.000
v 11504.345 -22695.654 5000.000
v 11541.396 -22680.000 5000.000
v 11622.593 -22608.000 5000.000
v 11736.000 -22526.643 5000.000
v 11750.557 -22521.443 5000.000
v 11782.128 -22561.871 5000.000
v 11808.000 -22576.621 5000.000
v 11876.070 -22539.930 5000.000
v 11799.555 -22680.000 5000.000
v 11819.684 -22740.316 5000.000
v 11843.357 -22752.000 5000.000
v 11821.802 -22810.197 5000.000
v 11760.613 -22896.000 5000.000
v 11651.823 -22968.000 5000.000
v 11592.000 -23113.238 5000.000
v 11520.000 -23171.531 5000.000
v 11376.000 -23219.613 5000.000
v 11319.383 -23256.000 5000.000
v 11248.662 -23328.000 5000.000
v 11222.788 -23400.000 5000.000
v 11160.000 -23427.971 5000.000
v 11016.000 -23522.633 5000.000
v 10959.785 -23528.215 5000.000
v 10872.000 -23553.947 5000.000
v 10822.109 -23616.000 5000.000
v 10787.140 -23688.000 5000.000
v 10656.000 -23767.975 5000.000
v 10620.210 -23832.000 5000.000
v 10613.676 -23976.000 5000.000
v 10512.000 -24135.314 5000.000
v 10452.296 -24192.000 5000.000
v 10428.590 -24203.410 5000.000
v 10224.000 -24296.742 5000.000
v 10152.000 -24302.621 5000.000
v 10080.000 -24346.289 5000.000
v 10008.000 -24368.246 5000.000
v 9952.976 -24408.000 5000.000
v 9926.729 -24480.000 5000.000
v 7314.883 -24480.000 5000.000
v 7238.703 -24441.297 5000.000
v 7128.000 -24417.678 5000.000
v 7095.966 -24368.035 5000.000
v 7046.085 -24345.916 5000.000
v 7044.811 -24275.189 5000.000
v 7062.677 -24192.000 5000.000
v 7037.276 -23994.725 5000.000
v 7025.805 -23976.000 5000.000
v 7006.742 -23881.258 5000.000
v 6984.000 -23877.041 5000.000
v 6961.995 -23854.004 5000.000
v 6952.159 -23832.000 5000.000
v 6955.509 -23788.490 5000.000
v 6898.712 -23773.287 5000.000
v 6903.724 -23696.275 5000.000
v 6892.074 -23688.000 5000.000
v 6885.649 -23642.352 5000.000
v 6844.820 -23616.000 5000.000
v 6906.028 -23544.000 5000.000
v 6912.000 -23499.688 5000.000
v 6915.187 -23540.814 5000.000
v 6935.117 -23592.883 5000.000
v 6984.000 -23579.205 5000.000
v 7023.530 -23616.000 5000.000
v 7026.494 -23645.506 5000.000
v 7056.000 -23645.666 5000.000
v 7097.727 -23688.000 5000.000
v 7104.369 -23711.631 5000.000
v 7128.000 -23725.350 5000.000
v 7179.254 -23688.000 5000.000
v 7140.329 -23675.672 5000.000
v 7156.616 -23616.000 5000.000
v 7138.856 -23533.145 5000.000
v 7128.000 -23522.398 5000.000
v 7086.915 -23513.086 5000.000
v 7077.508 -23472.000 5000.000
v 7056.000 -23444.793 5000.000
v 7012.880 -23443.119 5000.000
v 6984.000 -23419.322 5000.000
v 6912.000 -23469.615 5000.000
v 6864.309 -23447.691 5000.000
v 6840.000 -23395.510 5000.000
v 6806.095 -23361.906 5000.000
v 6816.180 -23328.000 5000.000
v 6795.278 -23300.723 5000.000
v 6788.463 -23235.537 5000.000
v 6768.000 -23202.992 5000.000
v 6624.000 -23186.896 5000.000
v 6598.469 -23256.000 5000.000
v 6498.420 -23328.000 5000.000
v 6371.206 -23364.793 5000.000
v 6322.718 -23341.281 5000.000
v 6285.582 -23306.418 5000.000
v 6234.312 -23285.688 5000.000
v 6134.843 -23169.156 5000.000
v 6120.000 -23124.793 5000.000
v 6106.635 -23112.000 5000.000
v 6048.000 -23086.402 5000.000
v 5904.000 -23075.543 5000.000
v 5831.558 -23040.441 5000.000
v 5767.870 -22960.129 5000.000
v 5803.134 -22852.865 5000.000
v 5907.223 -22680.000 5000.000
v 5938.750 -22608.000 5000.000
v 5939.762 -22572.238 5000.000
v 5904.000 -22537.965 5000.000
v 5832.000 -22520.039 5000.000
v 5760.000 -22463.090 5000.000
v 5693.433 -22392.000 5000.000
v 5673.759 -22334.240 5000.000
v 5616.000 -22284.422 5000.000
v 5585.167 -22206.834 5000.000
v 5544.000 -22185.232 5000.000
v 5472.000 -22179.541 5000.000
v 5400.000 -22209.564 5000.000
v 5340.556 -22248.000 5000.000
v 5256.000 -22336.064 5000.000
v 5184.000 -22365.213 5000.000
v 5112.000 -22371.551 5000.000
v 5040.000 -22420.006 5000.000
v 4999.076 -22464.000 5000.000
v 4901.793 -22536.000 5000.000
v 4824.000 -22569.201 5000.000
v 4786.971 -22573.029 5000.000
v 4730.097 -22557.902 5000.000
v 4536.000 -22563.564 5000.000
v 4429.948 -22536.000 5000.000
v 4420.569 -22507.432 5000.000
v 4377.788 -22464.000 5000.000
v 4401.083 -22176.000 5000.000
v 4608.000 -21915.559 5000.000
v 4641.543 -21888.000 5000.000
v 4680.000 -21806.326 5000.000
v 4817.901 -21672.000 5000.000
v 4789.997 -21634.002 5000.000
v 4694.438 -21585.561 5000.000
v 4464.000 -21515.002 5000.000
v 4346.817 -21429.184 5000.000
v 4316.934 -21384.000 5000.000
v 4241.616 -21318.383 5000.000
v 4200.752 -21215.248 5000.000
v 4118.758 -21153.242 5000.000
v 4063.357 -21136.643 5000.000
v 4017.490 -21110.510 5000.000
v 3989.635 -21066.365 5000.000
v 3960.000 -21052.707 5000.000
v 3930.946 -21024.000 5000.000
v 3918.622 -20993.377 5000.000
v 3888.000 -20981.488 5000.000
v 3843.137 -20924.863 5000.000
v 3785.967 -20910.033 5000.000
v 3744.000 -20878.217 5000.000
v 3710.953 -20841.047 5000.000
v 3700.552 -20779.447 5000.000
v 3480.722 -20567.277 5000.000
v 3424.208 -20479.793 5000.000
v 3350.576 -20409.424 5000.000
v 3248.974 -20367.025 5000.000
v 3221.055 -20322.945 5000.000
v 3168.000 -20305.930 5000.000
v 3099.484 -20376.000 5000.000
v 3033.639 -20520.000 5000.000
v 3024.000 -20636.656 5000.000
v 2972.309 -20736.000 5000.000
v 2905.094 -20808.000 5000.000
v 2808.000 -20845.848 5000.000
v 2770.008 -20880.000 5000.000
v 2725.717 -20952.000 5000.000
v 2710.126 -21024.000 5000.000
v 2749.233 -21096.000 5000.000
v 2727.492 -21168.000 5000.000
v 2648.598 -21240.000 5000.000
v 2598.802 -21312.000 5000.000
v 2507.884 -21384.000 5000.000
v 2508.107 -21456.000 5000.000
v 2545.489 -21528.000 5000.000
v 2536.681 -21600.000 5000.000
v 2448.000 -21698.508 5000.000
v 2425.923 -21744.000 5000.000
v 2395.265 -21888.000 5000.000
v 2405.769 -21960.000 5000.000
v 2472.416 -22032.000 5000.000
v 2435.204 -22104.000 5000.000
v 2376.000 -22137.311 5000.000
v 2332.897 -22176.000 5000.000
v 2255.990 -22320.000 5000.000
v 2236.472 -22387.529 5000.000
v 2209.073 -22536.000 5000.000
v 2299.558 -22608.000 5000.000
v 2289.968 -22680.000 5000.000
v 2219.722 -22752.000 5000.000
v 2242.445 -22824.000 5000.000
v 2321.869 -22878.131 5000.000
v 2339.523 -22896.000 5000.000
v 2346.921 -22925.080 5000.000
v 2397.092 -22946.908 5000.000
v 2418.952 -22968.000 5000.000
v 2415.386 -23000.615 5000.000
v 2448.000 -23011.291 5000.000
v 2467.433 -23040.000 5000.000
v 2448.000 -23106.525 5000.000
v 2376.000 -23192.131 5000.000
v 2347.109 -23256.000 5000.000
v 2304.000 -23265.031 5000.000
v 2251.101 -23256.000 5000.000
v 2252.816 -23235.184 5000.000
v 2232.000 -23247.170 5000.000
v 2190.570 -23225.430 5000.000
v 2016.000 -23239.410 5000.000
v 1989.042 -23256.000 5000.000
v 1976.762 -23328.000 5000.000
v 2001.507 -23472.000 5000.000
v 1937.647 -23544.000 5000.000
v 1951.704 -23616.000 5000.000
v 1956.951 -23760.000 5000.000
v 1909.372 -23832.000 5000.000
v 1910.410 -23904.000 5000.000
v 1879.139 -24048.000 5000.000
v 1880.253 -24183.748 5000.000
v 1922.325 -24285.676 5000.000
v 1992.102 -24336.000 5000.000
v 1997.730 -24354.270 5000.000
v 2016.000 -24356.430 5000.000
v 2030.717 -24393.283 5000.000
v 2049.972 -24408.000 5000.000
v 2043.750 -24452.250 5000.000
v 2088.000 -24461.260 5000.000
v 2097.294 -24480.000 5000.000
v -637.391 -24480.000 5000.000
v -593.872 -24408.000 5000.000
v -577.855 -24336.000 5000.000
v -504.000 -24300.820 5000.000
v -473.273 -24264.000 5000.000
v -298.274 -24120.000 5000.000
v -156.739 -23976.000 5000.000
v -149.496 -23904.000 5000.000
v -160.609 -23848.609 5000.000
v -180.192 -23796.193 5000.000
v -214.473 -23760.000 5000.000
v -215.706 -23688.000 5000.000
v -181.528 -23616.000 5000.000
v -171.497 -23544.000 5000.000
v -144.000 -23505.057 5000.000
v -121.095 -23521.096 5000.000
v -72.000 -23506.559 5000.000
v 72.000 -23533.189 5000.000
v 120.662 -23472.000 5000.000
v 153.414 -23318.586 5000.000
v 137.382 -23184.000 5000.000
v 175.240 -23112.000 5000.000
v 191.910 -23040.000 5000.000
v 185.656 -22968.000 5000.000
v 219.572 -22896.000 5000.000
v 221.488 -22824.000 5000.000
v 242.146 -22752.000 5000.000
v 288.000 -22709.490 5000.000
v 305.021 -22680.000 5000.000
v 312.052 -22608.000 5000.000
v 287.132 -22464.000 5000.000
v 258.251 -22392.000 5000.000
v 254.093 -22353.906 5000.000
v 207.387 -22256.613 5000.000
v 169.324 -22222.676 5000.000
v 0.000 -22181.236 5000.000
v -94.184 -22126.184 5000.000
v -130.277 -22090.277 5000.000
v -194.733 -22082.732 5000.000
v -288.000 -22030.883 5000.000
v -360.000 -22022.920 5000.000
v -432.000 -21962.420 5000.000
v -581.511 -21888.000 5000.000
v -615.733 -21816.000 5000.000
v -626.318 -21744.000 5000.000
v -655.861 -21672.000 5000.000
v -670.450 -21600.000 5000.000
v -683.183 -21419.184 5000.000
v -718.380 -21384.000 5000.000
v -746.364 -21312.000 5000.000
v -750.477 -21240.000 5000.000
v -725.409 -21168.000 5000.000
v -648.000 -21126.018 5000.000
v -360.000 -21173.592 5000.000
v -318.624 -21198.625 5000.000
v -216.000 -21230.143 5000.000
v -144.000 -21233.467 5000.000
v 0.000 -21267.197 5000.000
v 216.000 -21293.750 5000.000
v 304.319 -21295.682 5000.000
v 432.000 -21279.297 5000.000
v 476.047 -21240.000 5000.000
v 439.384 -21168.000 5000.000
v 439.817 -21088.184 5000.000
v 445.410 -21024.000 5000.000
v 482.905 -20952.000 5000.000
v 486.917 -20880.000 5000.000
v 504.000 -20855.215 5000.000
v 581.952 -20808.000 5000.000
v 644.535 -20736.000 5000.000
v 673.308 -20566.691 5000.000
v 657.401 -20520.000 5000.000
v 668.537 -20448.000 5000.000
v 659.420 -20364.580 5000.000
v 610.424 -20232.000 5000.000
v 648.000 -20192.504 5000.000
v 720.000 -20147.418 5000.000
v 745.476 -20088.000 5000.000
v 749.803 -20016.000 5000.000
v 831.530 -19944.000 5000.000
v 851.185 -19872.000 5000.000
v 833.163 -19830.836 5000.000
v 798.479 -19793.521 5000.000
v 540.204 -19656.000 5000.000
v 523.176 -19564.824 5000.000
v 585.084 -19440.000 5000.000
v 706.150 -19368.000 5000.000
v 864.000 -19312.287 5000.000
v 887.906 -19296.000 5000.000
v 936.000 -19227.748 5000.000
v 1008.000 -19215.211 5000.000
v 1065.537 -19152.000 5000.000
v 1059.295 -19080.000 5000.000
v 1025.595 -19062.404 5000.000
v 991.057 -19024.943 5000.000
v 947.720 -18924.281 5000.000
v 912.361 -18887.639 5000.000
v 862.657 -18865.342 5000.000
v 797.234 -18786.766 5000.000
v 755.695 -18756.305 5000.000
v 738.639 -18701.361 5000.000
v 708.620 -18659.379 5000.000
v 695.236 -18600.764 5000.000
v 616.205 -18535.795 5000.000
v 480.161 -18527.840 5000.000
v 432.048 -18504.000 5000.000
v 394.379 -18469.621 5000.000
v 375.081 -18432.000 5000.000
v 387.695 -18216.000 5000.000
v 403.731 -18144.000 5000.000
v 449.615 -18072.000 5000.000
v 549.254 -18000.000 5000.000
v 537.738 -17894.262 5000.000
v 432.000 -17639.283 5000.000
v 383.438 -17616.562 5000.000
v 288.000 -17635.912 5000.000
v 216.000 -17630.320 5000.000
v 103.598 -17680.402 5000.000
v 72.000 -17684.936 5000.000
v -16.473 -17656.473 5000.000
v -83.956 -17651.955 5000.000
v -168.323 -17664.322 5000.000
v -224.502 -17648.502 5000.000
v -314.891 -17594.891 5000.000
v -336.958 -17544.959 5000.000
v -339.021 -17496.000 5000.000
v -296.993 -17288.992 5000.000
v -287.623 -17208.000 5000.000
v -307.274 -17136.000 5000.000
v -288.000 -17066.090 5000.000
v -216.000 -17017.881 5000.000
v -190.026 -17038.025 5000.000
v -77.889 -16992.000 5000.000
v -113.191 -16961.191 5000.000
v -144.000 -16951.188 5000.000
v -194.903 -16970.902 5000.000
v -240.209 -16944.209 5000.000
v -295.404 -16927.404 5000.000
v -360.000 -16926.045 5000.000
v -432.000 -16908.912 5000.000
v -576.000 -16835.227 5000.000
v -648.000 -16869.801 5000.000
v -737.569 -16865.568 5000.000
v -792.000 -16845.570 5000.000
v -864.000 -16881.619 5000.000
v -889.804 -16873.803 5000.000
v -936.000 -16884.861 5000.000
v -1008.000 -16919.221 5000.000
v -1080.000 -16916.119 5000.000
v -1174.053 -16942.053 5000.000
v -1249.966 -16945.967 5000.000
v -1296.000 -16938.508 5000.000
v -1327.086 -16992.000 5000.000
v -1338.703 -17034.703 5000.000
v -1397.998 -17136.000 5000.000
v -1478.448 -17208.000 5000.000
v -1493.174 -17261.174 5000.000
v -1489.538 -17280.000 5000.000
v -1512.000 -17308.250 5000.000
v -1584.000 -17316.039 5000.000
v -1656.000 -17339.568 5000.000
v -1697.586 -17424.000 5000.000
v -1774.242 -17496.000 5000.000
v -1882.994 -17712.000 5000.000
v -1895.507 -17784.000 5000.000
v -1895.283 -17856.000 5000.000
v -1859.579 -17915.580 5000.000
v -1829.540 -18072.000 5000.000
v -1872.495 -18144.496 5000.000
v -1805.688 -18288.000 5000.000
v -1820.375 -18360.000 5000.000
v -1865.285 -18432.000 5000.000
v -1887.527 -18519.527 5000.000
v -1886.101 -18576.000 5000.000
v -1904.228 -18720.000 5000.000
v -1887.640 -18807.641 5000.000
v -1894.182 -18936.000 5000.000
v -1958.464 -19008.000 5000.000
v -2102.362 -19080.000 5000.000
v -2232.000 -19222.338 5000.000
v -2236.232 -19296.000 5000.000
v -2271.877 -19368.000 5000.000
v -2376.000 -19478.100 5000.000
v -2448.000 -19530.611 5000.000
v -2664.000 -19591.006 5000.000
v -2765.235 -19541.234 5000.000
v -2823.107 -19527.107 5000.000
v -2865.320 -19497.320 5000.000
v -2899.168 -19459.168 5000.000
v -2900.758 -19440.000 5000.000
v -2976.021 -19392.021 5000.000
v -3022.598 -19294.598 5000.000
v -3078.264 -19206.264 5000.000
v -3136.482 -19152.000 5000.000
v -3145.167 -19129.168 5000.000
v -3157.594 -19080.000 5000.000
v -3156.059 -19008.000 5000.000
v -3137.831 -18936.000 5000.000
v -3132.779 -18864.000 5000.000
v -3155.867 -18792.000 5000.000
v -3156.951 -18720.000 5000.000
v -3135.506 -18615.506 5000.000
v -3133.653 -18541.652 5000.000
v -3115.180 -18432.000 5000.000
v -3168.178 -18144.178 5000.000
v -3144.690 -18072.000 5000.000
v -3168.000 -18026.494 5000.000
v -3199.000 -18000.000 5000.000
v -3282.016 -17970.016 5000.000
v -3325.951 -17928.000 5000.000
v -3366.626 -17856.000 5000.000
v -3386.484 -17712.000 5000.000
v -3445.510 -17629.510 5000.000
v -3490.373 -17602.373 5000.000
v -3528.000 -17595.674 5000.000
v -3600.000 -17600.953 5000.000
v -3672.000 -17591.156 5000.000
v -3744.000 -17553.215 5000.000
v -3788.890 -17540.891 5000.000
v -3816.000 -17504.148 5000.000
v -3836.873 -17516.873 5000.000
v -3820.430 -17496.000 5000.000
v -3839.174 -17447.174 5000.000
v -3860.651 -17424.000 5000.000
v -3888.000 -17416.098 5000.000
v -3898.609 -17424.000 5000.000
v -3987.161 -17496.000 5000.000
v -4018.911 -17554.912 5000.000
v -3945.854 -17553.854 5000.000
v -3896.922 -17576.922 5000.000
v -3864.344 -17616.344 5000.000
v -3879.194 -17640.000 5000.000
v -3863.093 -17687.094 5000.000
v -3847.344 -17712.000 5000.000
v -3843.471 -17739.471 5000.000
v -3805.832 -17784.000 5000.000
v -3834.889 -17874.889 5000.000
v -3920.837 -18000.000 5000.000
v -4082.560 -18144.000 5000.000
v -4392.000 -18321.834 5000.000
v -4434.900 -18360.000 5000.000
v -4500.250 -18612.250 5000.000
v -4392.000 -18637.367 5000.000
v -4248.000 -18611.703 5000.000
v -4176.000 -18622.965 5000.000
v -4137.482 -18648.000 5000.000
v -4125.364 -18669.365 5000.000
v -4125.994 -18741.994 5000.000
v -4168.100 -18928.100 5000.000
v -4268.573 -19152.000 5000.000
v -4324.160 -19224.000 5000.000
v -4401.235 -19296.000 5000.000
v -4610.867 -19442.867 5000.000
v -4614.128 -19512.000 5000.000
v -4446.326 -19566.326 5000.000
v -4344.226 -19656.000 5000.000
v -4315.548 -19723.549 5000.000
v -4309.126 -19789.125 5000.000
v -4312.232 -19872.000 5000.000
v -4464.000 -19986.740 5000.000
v -4557.145 -20088.000 5000.000
v -4608.042 -20160.000 5000.000
v -4602.246 -20226.246 5000.000
v -4462.474 -20230.475 5000.000
v -4413.585 -20253.586 5000.000
v -4392.000 -20278.400 5000.000
v -4321.120 -20305.119 5000.000
v -4223.254 -20423.254 5000.000
v -4191.117 -20448.000 5000.000
v -4168.221 -20512.221 5000.000
v -4165.350 -20592.000 5000.000
v -4221.934 -20709.934 5000.000
v -4392.000 -20905.461 5000.000
v -4635.699 -21051.699 5000.000
v -4680.000 -21063.699 5000.000
v -4752.000 -21053.752 5000.000
v -4824.000 -21019.438 5000.000
v -4896.000 -21029.410 5000.000
v -4995.907 -21096.000 5000.000
v -5040.000 -21110.312 5000.000
v -5112.000 -21119.512 5000.000
v -5184.000 -21115.211 5000.000
v -5256.000 -21173.164 5000.000
v -5319.591 -21240.000 5000.000
v -5400.000 -21363.146 5000.000
v -5472.000 -21421.553 5000.000
v -5544.000 -21450.000 5000.000
v -5618.907 -21458.908 5000.000
v -5688.000 -21453.506 5000.000
v -5760.000 -21491.150 5000.000
v -5832.000 -21558.498 5000.000
v -5904.000 -21652.463 5000.000
v -6048.000 -21749.438 5000.000
v -6120.000 -21778.387 5000.000
v -6264.000 -21793.061 5000.000
v -6480.000 -21875.891 5000.000
v -6552.000 -21889.428 5000.000
v -6624.000 -21890.381 5000.000
v -6696.000 -21885.469 5000.000
v -6739.807 -21859.807 5000.000
v -6805.684 -21853.684 5000.000
v -6873.485 -21816.000 5000.000
v -6925.694 -21757.693 5000.000
v -6971.152 -21731.152 5000.000
v -7036.290 -21652.289 5000.000
v -7153.941 -21553.941 5000.000
v -7214.705 -21528.000 5000.000
v -7278.585 -21462.584 5000.000
v -7309.468 -21349.469 5000.000
v -7333.313 -21312.000 5000.000
v -7380.491 -21276.490 5000.000
v -7476.660 -21156.660 5000.000
v -7517.173 -21125.174 5000.000
v -7582.126 -21096.000 5000.000
v -7592.613 -21056.613 5000.000
v -7578.275 -20952.000 5000.000
v -7643.335 -20808.000 5000.000
v -7691.697 -20736.000 5000.000
v -7696.911 -20656.910 5000.000
v -7688.060 -20576.061 5000.000
v -7663.318 -20479.318 5000.000
v -7684.250 -20448.000 5000.000
v -7676.895 -20420.895 5000.000
v -7695.318 -20367.318 5000.000
v -7672.546 -20200.547 5000.000
v -7679.944 -20160.000 5000.000
v -7560.000 -19973.564 5000.000
v -7512.133 -19824.133 5000.000
v -7507.986 -19728.000 5000.000
v -7482.024 -19656.000 5000.000
v -7416.000 -19626.492 5000.000
v -7344.000 -19615.609 5000.000
v -7128.000 -19634.225 5000.000
v -7056.000 -19587.852 5000.000
v -6984.000 -19449.953 5000.000
v -6938.365 -19440.000 5000.000
v -6940.221 -19396.221 5000.000
v -6920.359 -19368.000 5000.000
v -6947.021 -19296.000 5000.000
v -6922.991 -19162.990 5000.000
v -6783.798 -19008.000 5000.000
v -6814.113 -18982.113 5000.000
v -6840.000 -18978.713 5000.000
v -6930.477 -18936.000 5000.000
v -6897.612 -18864.000 5000.000
v -6830.848 -18782.848 5000.000
v -6796.290 -18720.000 5000.000
v -6810.885 -18690.885 5000.000
v -6864.375 -18672.375 5000.000
v -7056.000 -18670.607 5000.000
v -7200.000 -18694.287 5000.000
v -7326.898 -18702.898 5000.000
v -7388.225 -18692.225 5000.000
v -7488.000 -18645.086 5000.000
v -7560.934 -18648.934 5000.000
v -7632.000 -18614.857 5000.000
v -7704.000 -18621.975 5000.000
v -7728.828 -18600.828 5000.000
v -7776.000 -18586.750 5000.000
v -7814.648 -18542.648 5000.000
v -7866.678 -18504.000 5000.000
v -7910.451 -18360.000 5000.000
v -7892.406 -18288.000 5000.000
v -7831.693 -18216.000 5000.000
v -7560.000 -18047.744 5000.000
v -7416.000 -17990.361 5000.000
v -7166.889 -17928.000 5000.000
v -6984.000 -17839.459 5000.000
v -6912.000 -17817.014 5000.000
v -6696.000 -17723.680 5000.000
v -6624.000 -17667.777 5000.000
v -6556.874 -17496.000 5000.000
v -6508.123 -17424.000 5000.000
v -6506.235 -17378.236 5000.000
v -6614.424 -17342.424 5000.000
v -6768.000 -17344.637 5000.000
v -6912.000 -17383.426 5000.000
v -7072.428 -17368.428 5000.000
v -7297.047 -17377.047 5000.000
v -7330.320 -17338.320 5000.000
v -7338.921 -17274.922 5000.000
v -7373.788 -17237.787 5000.000
v -7495.808 -17215.809 5000.000
v -7463.949 -17111.949 5000.000
v -7343.392 -16920.000 5000.000
v -7260.693 -16704.000 5000.000
v -7260.574 -16692.574 5000.000
v -7319.865 -16679.865 5000.000
v -7416.000 -16701.037 5000.000
v -7488.000 -16728.555 5000.000
v -7557.514 -16776.000 5000.000
v -7613.190 -16848.000 5000.000
v -7731.590 -17064.000 5000.000
v -7935.993 -17151.992 5000.000
v -7992.000 -17142.918 5000.000
v -8006.908 -17078.908 5000.000
v -8047.385 -17047.385 5000.000
v -8120.773 -17064.000 5000.000
v -8208.000 -17119.775 5000.000
v -8307.696 -17280.000 5000.000
v -8321.324 -17352.000 5000.000
v -8305.977 -17377.977 5000.000
v -8264.533 -17408.533 5000.000
v -8209.438 -17496.000 5000.000
v -8218.696 -17568.000 5000.000
v -8270.706 -17712.000 5000.000
v -8330.704 -17784.000 5000.000
v -8496.000 -17875.277 5000.000
v -8559.573 -17928.000 5000.000
v -8640.000 -18014.656 5000.000
v -8712.000 -18053.104 5000.000
v -8726.878 -18072.000 5000.000
v -8738.859 -18144.000 5000.000
v -8784.000 -18195.012 5000.000
v -8856.000 -18222.838 5000.000
v -8928.000 -18287.203 5000.000
v -8919.658 -18351.658 5000.000
v -8953.970 -18504.000 5000.000
v -9072.000 -18688.139 5000.000
v -9115.149 -18720.000 5000.000
v -9432.000 -18857.961 5000.000
v -9504.000 -18870.219 5000.000
v -9648.000 -18915.619 5000.000
v -9792.000 -18940.824 5000.000
v -9943.813 -18943.812 5000.000
v -10008.000 -18932.861 5000.000
v -10080.000 -18933.918 5000.000
v -10152.000 -18906.363 5000.000
v -10224.000 -18837.518 5000.000
v -10278.001 -18846.000 5000.000
v -10285.650 -18792.000 5000.000
v -10296.000 -18785.826 5000.000
v -10309.594 -18792.000 5000.000
v -10321.699 -18936.000 5000.000
v -10368.000 -19027.088 5000.000
v -10427.542 -19080.000 5000.000
v -10512.000 -19115.471 5000.000
v -10656.000 -19108.039 5000.000
v -10737.156 -19224.000 5000.000
v -10759.561 -19296.000 5000.000
v -10727.582 -19367.582 5000.000
v -10718.108 -19440.000 5000.000
v -10762.396 -19618.396 5000.000
v -10751.373 -19656.000 5000.000
v -10800.000 -19729.070 5000.000
v -10872.000 -19738.982 5000.000
v -11016.000 -19817.002 5000.000
v -11026.649 -19810.648 5000.000
v -11088.000 -19821.340 5000.000
v -11160.000 -19816.709 5000.000
v -11214.797 -19782.797 5000.000
v -11320.443 -19744.443 5000.000
v -11354.932 -19706.932 5000.000
v -11421.123 -19701.123 5000.000
v -11503.251 -19728.000 5000.000
v -11592.000 -19855.121 5000.000
v -11664.000 -19870.771 5000.000
v -11808.000 -19867.816 5000.000
v -11860.873 -19852.873 5000.000
v -11929.635 -19849.635 5000.000
v -12024.000 -19813.684 5000.000
v -12185.312 -19800.000 5000.000
v -12312.000 -19674.633 5000.000
v -12382.066 -19654.066 5000.000
v -12396.279 -19596.279 5000.000
v -12417.205 -19584.000 5000.000
v -12430.851 -19558.852 5000.000
v -12528.000 -19550.537 5000.000
v -12600.000 -19566.666 5000.000
v -12613.687 -19584.000 5000.000
v -12620.864 -19676.865 5000.000
v -12597.618 -19725.619 5000.000
v -12593.191 -19800.000 5000.000
v -12672.000 -19928.092 5000.000
v -12744.000 -19972.998 5000.000
v -12835.088 -19963.088 5000.000
v -12960.000 -19902.500 5000.000
v -13032.000 -19892.992 5000.000
v -13137.890 -19833.889 5000.000
v -13248.000 -19831.486 5000.000
v -13320.000 -19946.789 5000.000
v -13348.303 -20016.000 5000.000
v -13344.004 -20040.004 5000.000
v -13297.102 -20065.102 5000.000
v -13280.066 -20088.000 5000.000
v -13287.347 -20127.348 5000.000
v -13244.795 -20160.000 5000.000
v -13320.000 -20225.691 5000.000
v -13495.709 -20304.000 5000.000
v -13483.351 -20323.352 5000.000
v -13480.168 -20376.000 5000.000
v -13392.000 -20428.682 5000.000
v -13320.000 -20398.303 5000.000
v -13256.443 -20384.443 5000.000
v -13188.756 -20388.756 5000.000
v -13165.501 -20437.502 5000.000
v -13170.064 -20520.000 5000.000
v -13155.305 -20571.305 5000.000
v -13123.323 -20592.000 5000.000
v -13196.248 -20664.000 5000.000
v -13392.000 -20782.869 5000.000
v -13513.746 -20880.000 5000.000
v -13622.742 -20952.000 5000.000
v -13680.000 -21019.164 5000.000
v -13771.177 -21096.000 5000.000
v -13884.186 -21168.000 5000.000
v -13967.574 -21240.000 5000.000
v -13947.673 -21291.674 5000.000
v -13980.389 -21396.389 5000.000
v -13977.305 -21456.000 5000.000
v -13900.394 -21460.393 5000.000
v -13817.218 -21449.219 5000.000
v -13680.000 -21470.742 5000.000
v -13523.791 -21443.791 5000.000
v -13483.878 -21475.877 5000.000
v -13392.000 -21476.732 5000.000
v -13248.000 -21429.029 5000.000
v -13176.000 -21417.648 5000.000
v -13032.000 -21357.854 5000.000
v -12849.686 -21417.686 5000.000
v -12744.000 -21422.477 5000.000
v -12687.194 -21384.000 5000.000
v -12549.769 -21333.770 5000.000
v -12362.086 -21290.086 5000.000
v -12236.389 -21312.000 5000.000
v -12210.985 -21384.000 5000.000
v -12090.585 -21528.000 5000.000
v -12110.054 -21600.000 5000.000
v -12178.544 -21744.000 5000.000
v -12169.520 -21816.000 5000.000
v -12139.724 -21888.000 5000.000
v -12217.504 -21960.000 5000.000
v -12409.387 -22032.000 5000.000
v -12481.744 -22129.744 5000.000
v -12471.831 -22176.000 5000.000
v -12695.894 -22392.000 5000.000
v -12816.000 -22464.082 5000.000
v -12895.761 -22536.000 5000.000
v -13035.901 -22608.000 5000.000
v -13176.000 -22703.562 5000.000
v -13346.751 -22752.000 5000.000
v -13464.000 -22801.664 5000.000
v -13608.000 -22775.666 5000.000
v -13778.507 -22706.506 5000.000
v -13824.000 -22702.432 5000.000
v -13896.000 -22719.568 5000.000
v -13957.197 -22752.000 5000.000
v -14026.970 -22824.000 5000.000
v -14053.258 -22896.000 5000.000
v -14110.572 -22968.000 5000.000
v -14117.603 -23040.000 5000.000
v -14150.041 -23112.000 5000.000
v -14149.374 -23184.000 5000.000
v -14114.328 -23256.000 5000.000
v -14105.468 -23321.469 5000.000
v -14118.882 -23406.883 5000.000
v -14102.141 -23462.141 5000.000
v -14054.538 -23486.539 5000.000
v -13912.613 -23488.613 5000.000
v -13752.000 -23429.111 5000.000
v -13662.112 -23382.113 5000.000
v -13608.000 -23412.627 5000.000
v -13541.613 -23477.613 5000.000
v -13464.000 -23527.178 5000.000
v -13427.871 -23616.000 5000.000
v -13421.234 -23688.000 5000.000
v -13428.448 -23760.000 5000.000
v -13455.928 -23832.000 5000.000
v -13508.953 -23904.000 5000.000
v -13734.653 -24120.000 5000.000
v -13825.855 -24192.000 5000.000
v -13967.959 -24264.000 5000.000
v -13937.108 -24305.107 5000.000
v -13887.087 -24327.088 5000.000
v -13805.251 -24389.252 5000.000
v -13749.454 -24405.455 5000.000
v -13597.326 -24397.326 5000.000
v -13564.003 -24436.004 5000.000
v -13564.306 -24480.000 5000.000
v -17028.424 -24480.000 5000.000
v -18000.000 -23654.141 5000.000
v -17890.027 -23544.000 5000.000
v -17892.891 -23436.891 5000.000
v -17916.037 -23400.000 5000.000
v -17616.836 -23232.836 5000.000
v -17443.910 -23203.910 5000.000
v -17424.000 -23193.748 5000.000
v -17352.000 -23069.904 5000.000
v -17311.600 -23040.000 5000.000
v -17268.146 -22968.000 5000.000
v -17208.000 -22925.615 5000.000
v -17136.000 -22846.037 5000.000
v -17064.000 -22796.283 5000.000
v -16959.537 -22752.000 5000.000
v -16897.357 -22680.000 5000.000
v -16874.494 -22608.000 5000.000
v -16900.570 -22588.570 5000.000
v -16921.680 -22537.680 5000.000
v -16939.604 -22464.000 5000.000
v -16920.000 -22435.307 5000.000
v -16776.000 -22331.000 5000.000
v -16704.000 -22300.994 5000.000
v -16560.000 -22264.027 5000.000
v -16451.229 -22211.229 5000.000
v -16427.045 -22259.045 5000.000
v -16444.523 -22320.000 5000.000
v -16416.000 -22373.311 5000.000
v -16302.343 -22464.000 5000.000
v -16232.133 -22496.133 5000.000
v -16200.000 -22521.846 5000.000
v -16160.757 -22608.000 5000.000
v -16161.430 -22641.430 5000.000
v -16126.233 -22680.000 5000.000
v -16272.000 -22839.820 5000.000
v -16344.000 -22958.861 5000.000
v -16488.000 -23149.031 5000.000
v -16527.367 -23256.000 5000.000
v -16560.000 -23297.434 5000.000
v -16632.000 -23361.775 5000.000
v -16696.453 -23400.000 5000.000
v -16767.822 -23472.000 5000.000
v -16797.428 -23565.428 5000.000
v -16771.814 -23611.814 5000.000
v -16704.000 -23652.549 5000.000
v -16688.328 -23672.328 5000.000
v -16670.186 -23726.186 5000.000
v -16632.000 -23764.320 5000.000
v -16608.199 -23808.199 5000.000
v -16518.768 -23862.768 5000.000
v -16416.000 -23860.322 5000.000
v -16272.000 -23873.643 5000.000
v -16153.547 -23857.547 5000.000
v -16163.279 -23976.000 5000.000
v -16200.000 -24008.318 5000.000
v -16272.000 -24034.617 5000.000
v -16488.000 -24187.324 5000.000
v -16560.000 -24213.971 5000.000
v -16704.000 -24339.549 5000.000
v -16776.000 -24375.021 5000.000
v -16892.125 -24408.000 5000.000
v -16992.000 -24452.006 5000.000
v -17028.424 -24480.000 5000.000
l 1 2 3 4 5 6 7 8 9 10 11 12 13 14 15 16 17 18 19 20 21 22 23 24 25 26 27 28 29 30 31 32 33 34 35 36 37 38 39 40 41 42 43 44 45 46 47 48 49 50 51 52 53 54 55 56 57 58 59 60 61 62 63 64 65 66 67 68 69 70 71 72 73 74 75 76 77 78 79 80 81 82 83 84 85 86 87 88 89 90 91 92 93 94 95 96 97 98 99 100 101 102 103 104 105 106 107 108 109 110 111 112 113 114 115 116 117 118 119 120 121 122 123 124 125 126 127 128 129 130 131 132 133 134 135 136 137 138 139 140 141 142 143 144 145 146 147 148 149 150 151 152 153 154 155 156 157 158 159 160 161 162 163 164 165 166 167 168 169 170 171 172 173 174 175 176 177 178 179 180 181 182 183 184 185 186 187 188 189 190 191 192 193 194 195 196 197 198 199 200 201 202 203 204 205 206 207 208 209 210 211 212 213 214 215 216 217 218 219 220 221 222 223 224 225 226 227 228 229 230 231 232 233 234 235 236 237 238 239 240 241 242 243 244 245 246 247 248 249 250 251 252 253 254 255 256 257 258 259 260 261 262 263 264 265 266 267 268 269 270 271 272 273 274 275 276 277 278 279 280 281 282 283 284 285 286 287 288 289 290 291 292 293 294 295 296 297 298 299 300 301 302 303 304 305 306 307 308 309 310 311 312 313 314 315 316 317 318 319 320 321 322 323 324 325 326 327 328 329 330 331 332 333 334 335 336 337 338 339 340 341 342 343 344 345 346 347 348 349 350 351 352 353 354 355 356 357 358 359 360 361 362 363 364 365 366 367 368 369 370 371 372 373 374 375 376 377 378 379 380 381 382 383 384 385 386 387 388 389 390 391 392 393 394 395 396 397 398 399 400 401 402 403 404 405 406 407 408 409 410 411 412 413 414 415 416 417 418 419 420 421 422 423 424 425 426 427 428 429 430 431 432 433 434 435 436 437 438 439 440 441 442 443 444 445 446 447 448 449 450 451 452 453 454 455 456 457 458 459 460 461 462 463 464 465 466 467 468 469 470 471 472 473 474 475 476 477 478 479 480 481 482 483 484 485 486 487 488 489 490 491 492 493 494 495 496 497 498 499 500 501 502 503 504 505 506 507 508 509 510 511 512 513 514 515 516 517 518 519 520 521 522 523 524 525 526 527 528 529 530 531 532 533 534 535 536 537 538 539 540 541 542 543 544 545 546 547 548 549 550 551 552 553 554 555 556 557 558 559 560 561 562 563 564 565 566 567 568 569 570 571 572 573 574 575 576 577 578 579 580 581 582 583 584 585 586 587 588 589 590 591 592 593 594 595 596 597 598 599 600 601 602 603 604 605 606 607 608 609 610 611 612 613 614 615 616 617 618 619 620 621 622 623 624 625 626 627 628 629 630 631 632 633 634 635 636 637 638 639 640 641 642 643 644 645 646 647 648 649 650 651 652 653 654 655 656 657 658 659 660 661 662 663 664 665 666 667 668 669 670 671 672 673 674 675 676 677 678 679 680 681 682 683 684 685 686 687 688 689 690 691 692 693 694 695 696 697 698 699 700 701 702 703 704 705 706 707 708 709 710 711 712 713 714 715 716 717 718 719 720 721 722 723 724 725 726 727 728 729 730 731 732 733 734 735 736 737 738 739 740 741 742 743 744 745 746 747 748 749 750 751 752 753 754 755 756 757 758 759 760 761 762 763 764 765 766 767 768 769 770 771 772 773 774 775 776 777 778 779 780 781 782 783 784 785 786 787 788 789 790 791 792 793 794 795 796 797 798 799 800 801 802 803 804 805 806 807 808 809 810 811 812 813 814 815 816 817 818 819 820 821 822 823 824 825 826 827 828 829 830 831 832 833 834 835 836 837 838 839 840 841 842 843 844 845 846 847 848 849 850 851 852 853 854 855 856 857 858 859 860 861 862 863 864 865 866 867 868 869 870 871 872 873 874 875 876 877 878 879 880 881 882 883 884 885 886 887 888 889 890 891 892 893 894 895 896 897 898 899 900 901 902 903 904 905 906 907 908 909 910 911 912 913 914 915 916 917 918 919 920 921 922 923 924 925 926 927 928 929 930 931 932 933 934 935 936 937 938 939 940 941 942 943 944 945 946 947 948 949 950 951 952 953 954 955 956 957 958 959 960 961 962 963 964 965 966 967 968 969 970 971 972 973 974 975 976 977 978 979 980 981 982 983 984 985 986 987 988 989 990 991 992 993 994 995 996 997 998 999 1000 1001 1002 1003 1004 1005 1006 1007 1008 1009 1010 1011 1012 1013 1014 1015 1016 1017 1018 1019 1020 1021 1022 1023 1024 1025 1026 1027 1028 1029 1030 1031 1032 1033 1034 1035 1036 1037 1038 1039 1040 1041 1042 1043 1044 1045 1046 1047 1048 1049 1050 1051 1052 1053 1054 1055 1056 1057 1058 1059 1060 1061 1062 1063 1064 1065 1066 1067 1068 1069 1070 1071 1072 1073 1074 1075 1076 1077 1078 1079 1080 1081 1082 1083 1084 1085 1086 1087 1088 1089 1090 1091 1092 1093 1094 1095 1096 1097 1098 1099 1100 1101 1102 1103 1104 1105 1106 1107 1108 1109 1110 1111 1112 1113 1114 1115 1116 1117 1118 1119 1120 1121 1122 1123 1124 1125 1126 1127 1128 1129 1130 1131 1132 1133 1134 1135 1136 1137 1138 1139 1140 1141 1142 1143 1144 1145 1146 1147 1148 1149 1150 1151 1152 1153 1154 1155 1156 1157 1158 1159 1160 1161 1162 1163 1164 1165 1166 1167 1168 1169 1170 1171 1172 1173 1174 1175 1176 1177 1178 1179 1180 1181 1182 1183 1184 1185 1186 1187 1188 1189 1190 1191 1192 1193 1194 1195 1196 1197 1198 1199 1200 1201 1202 1203 1204 1205 1206 1207 1208 1209 1210 1211 1212 1213 1214 1215 1216 1217 1218 1219 1220 1221 1222 1223 1224 1225 1226 1227 1228 1229 1230 1231 1232 1233 1234 1235 1236 1237 1238 1239 1240 1241 1242 1243 1244 1245 1246 1247 1248 1249 1250 1251 1252 1253 1254 1255 1256 1257 1258 1259 1260 1261 1262 1263 1264 1265 1266 1267 1268 1269 1270 1271 1272 1273 1274 1275 1276 1277 1278 1279 1280 1281 1282 1283 1284 1285 1286 1287 1288 1289 1290 1291 1292 1293 1294 1295 1296 1297 1298 1299 1300 1301 1302 1303 1304 1305 1306 1307 1308 1309 1310 1311 1312 1313 1314 1315 1316 1317 1318 1319 1320 1321 1322 1323 1324 1325 1326 1327 1328 1329 1330 1331 1332 1333 1334 1335 1336 1337 1338 1339 1340 1341 1342 1343 1344 1345 1346 1347 1348 1349 1350 1351 1352 1353 1354 1355 1356 1357 1358 1359 1360 1361 1362 1363 1364 1365 1366 1367 1368 1369 1370 1371 1372 1373 1374 1375 1376 1377 1378 1379 1380 1381 1382 1383 1384 1385 1386 1387 1388 1389 1390 1391 1392 1393 1394 1395 1396 1397 1398 1399 1400 1401 1402 1403 1404 1405 1406 1407 1408 1409 1410 1411 1412 1413 1414 1415 1416 1417 1418 1419 1420 1421 1422 1423 1424 1425 1426 1427 1428 1429 1430 1431 1432 1433 1434 1435 1436 1437 1438 1439 1440 1441 1442 1443 1444 1445 1446 1447 1448 1449 1450 1451 1452 1453 1454 1455 1456 1457 1458 1459 1460 1461 1462 1463 1464 1465 1466 1467 1468 1469 1470 1471 1472 1473 1474 1475 1476 1477 1478 1479 1480 1481 1482 1483 1484 1485 1486 1487 1488 1489 1490 1491 1492 1493 1494 1495 1496 1497 1498 1499 1500 1501 1502 1503 1504 1505 1506 1507 1508 1509 1510 1511 1512 1513 1514 1515 1516 1517 1518 1519 1520 1521 1522 1523 1524 1525 1526 1527 1528 1529 1530 1531 1532 1533 1534 1535 1536 1537 1538 1539 1540 1541 1542 1543 1544 1545 1546 1547 1548 1549 1550 1551 1552 1553 1554 1555 1556 1557 1558 1559 1560 1561 1562 1563 1564 1565 1566 1567 1568 1569 1570 1571 1572 1573 1574 1575 1576 1577 1578 1579 1580 1581 1582 1583 1584 1585 1586 1587 1588 1589 1590 1591 1592 1593 1594 1595 1596 1597 1598 1599 1600 1601 1602 1603 1604 1605 1606 1607 1608 1609 1610 1611 1612 1613 1614 1615 1616 1617 1618 1619 1620 1621 1622 1623 1624 1625 1626 1627 1628 1629 1630 1631 1632 1633 1634 1635 1636 1637 1638 1639 1640 1641 1642 1643 1644 1645 1646 1647 1648 1649 1650 1651 1652 1653 1654 1655 1656 1657 1658 1659 1660 1661 1662 1663 1664 1665 1666 1667 1668 1669 1670 1671 1672 1673 1674 1675 1676 1677 1678 1679 1680 1681 1682 1683 1684 1685 1686 1687 1688 1689 1690 1691 1692 1693 1694 1695 1696 1697 1698 1699 1700 1701 1702 1703 1704 1705 1706 1707 1708 1709 1710 1711 1712 1713 1714 1715 1716 1717 1718 1719 1720 1721 1722 1723 1724 1725 1726 1727 1728 1729 1730 1731 1732 1733 1734 1735 1736 1737 1738 1739 1740 1741 1742 1743 1744 1745 1746 1747 1748 1749 1750 1751 1752 1753 1754 1755 1756 1757 1758 1759 1760 1761 1762 1763 1764 1765 1766 1767 1768 1769 1770 1771 1772 1773 1774 1775 1776 1777 1778 1779 1780 1781 1782 1783 1784 1785 1786 1787 1788 1789 1790 1791 1792 1793 1794 1795 1796 1797 1798 1799 1800 1801 1802 1803 1804 1805 1806 1807 1808 1809 1810 1811 1812 1813 1814 1815 1816 1817 1818 1819 1820 1821 1822 1823 1824 1825 1826 1827 1828 1829 1830 1831 1832 1833 1834 1835 1836 1837 1838 1839 1840 1841 1842 1843 1844 1845 1846 1847 1848 1849 1850 1851 1852 1853 1854 1855 1856 1857 1858 1859 1860 1861 1862 1863 1864 1865 1866 1867 1868 1869 1870 1871 1872 1873 1874 1875 1876 1877 1878 1879 1880 1881 1882 1883 1884 1885 1886 1887 1888 1889 1890 1891 1892 1893 1894 1895 1896 1897 1898 1899 1900 1901 1902 1903 1904 1905 1906 1907 1908 1909 1910 1911 1912 1913 1914 1915 1916 1917 1918 1919 1920 1921 1922 1923 1924 1925 1926 1927 1928 1929 1930 1931 1932 1933 1934 1935 1936 1937 1938 1939 1940 1941 1942 1943 1944 1945 1946 1947 1948 1949 1950 1951 1952 1953 1954 1955 1956 1957 1958 1959 1960 1961 1962 1963 1964 1965 1966 1967 1968 1969 1970 1971 1972 1973 1974 1975 1976 1977 1978 1979 1980 1981 1982 1983 1984 1985 1986 1987 1988 1989 1990 1991 1992 1993 1994 1995 1996 1997 1998 1999 2000 2001 2002 2003 2004 2005 2006 2007 2008 2009 2010 2011 2012 2013 2014 2015 2016 2017 2018 2019 2020 2021 2022 2023 2024 2025 2026 2027 2028 2029 2030 2031 2032 2033 2034 2035 2036 2037 2038 2039 2040 2041 2042 2043 2044 2045 2046 2047 2048 2049 2050 2051 2052 2053 2054 2055 2056 2057 2058 2059 2060 2061 2062 2063 2064 2065 2066 2067 2068 2069 2070 2071 2072 2073 2074 2075 2076 2077 2078 2079 2080 2081 2082 2083 2084 2085 2086 2087 2088 2089 2090 2091 2092 2093 2094 2095 2096 2097 2098 2099 2100 2101 2102 2103 2104 2105 2106 2107 2108 2109 2110 2111 2112 2113 2114 2115 2116 2117 2118 2119 2120 2121 2122 2123 2124 2125 2126 2127 2128 2129 2130 2131 2132 2133 2134 2135 2136 2137 2138 2139 2140 2141 2142 2143 2144 2145 2146 2147 2148 2149 2150 2151 2152 2153 2154 2155 2156 2157 2158 2159 2160 2161 2162 2163 2164 2165 2166 2167 2168 2169 2170 2171 2172 2173 2174 2175 2176 2177
v -7632.000 -24448.080 5000.000
v -7675.389 -24451.389 5000.000
v -7704.000 -24417.838 5000.000
v -7725.394 -24480.000 5000.000
v -7517.489 -24480.000 5000.000
v -7543.729 -24463.729 5000.000
v -7560.000 -24439.311 5000.000
v -7585.689 -24433.689 5000.000
v -7632.000 -24448.080 5000.000
l 2178 2179 2180 2181 2182 2183 2184 2185 2186
v 12121.529 12384.000 5000.000
v 12135.914 12312.000 5000.000
v 12184.017 12240.000 5000.000
v 12166.393 12024.000 5000.000
v 12096.000 12001.844 5000.000
v 12024.000 12038.479 5000.000
v 12000.796 12072.796 5000.000
v 11960.854 12104.854 5000.000
v 11808.000 12107.221 5000.000
v 11736.000 12093.971 5000.000
v 11667.718 12024.000 5000.000
v 11721.934 12009.934 5000.000
v 11736.000 11993.012 5000.000
v 11769.227 11985.227 5000.000
v 11788.718 11952.000 5000.000
v 11854.872 11926.872 5000.000
v 11880.000 11891.007 5000.000
v 11931.129 11859.129 5000.000
v 11952.594 11808.000 5000.000
v 12025.689 11737.689 5000.000
v 12060.588 11664.000 5000.000
v 12040.402 11608.402 5000.000
v 12046.564 11592.000 5000.000
v 11880.000 11446.404 5000.000
v 11772.049 11376.000 5000.000
v 11592.000 11234.910 5000.000
v 11448.000 11016.586 5000.000
v 11344.798 10944.000 5000.000
v 11335.110 10903.110 5000.000
v 11376.000 10882.308 5000.000
v 11391.128 10887.128 5000.000
v 11382.489 10872.000 5000.000
v 11501.736 10781.736 5000.000
v 11661.642 10725.642 5000.000
v 11736.000 10763.292 5000.000
v 11880.000 10804.410 5000.000
v 12024.000 10887.629 5000.000
v 12168.000 10905.149 5000.000
v 12240.000 10954.964 5000.000
v 12312.000 11032.989 5000.000
v 12384.000 11082.626 5000.000
v 12456.000 11152.403 5000.000
v 12528.000 11179.892 5000.000
v 12816.000 11344.726 5000.000
v 12957.723 11373.723 5000.000
v 13032.000 11371.837 5000.000
v 13320.000 11275.198 5000.000
v 13342.793 11254.793 5000.000
v 13392.000 11239.520 5000.000
v 13475.288 11171.288 5000.000
v 13486.138 11110.138 5000.000
v 13522.211 11074.211 5000.000
v 13574.678 11054.678 5000.000
v 13608.000 11028.855 5000.000
v 13680.000 11007.753 5000.000
v 13709.135 10944.000 5000.000
v 13700.070 10892.070 5000.000
v 13705.779 10800.000 5000.000
v 13767.256 10728.000 5000.000
v 13779.067 10683.067 5000.000
v 13807.122 10656.000 5000.000
v 13826.368 10584.000 5000.000
v 13811.264 10512.000 5000.000
v 13807.533 10423.533 5000.000
v 13853.995 10325.995 5000.000
v 13896.000 10285.359 5000.000
v 13940.369 10268.369 5000.000
v 13945.312 10224.000 5000.000
v 14000.596 10040.596 5000.000
v 13994.563 10008.000 5000.000
v 14007.163 9975.163 5000.000
v 14013.247 9909.247 5000.000
v 14012.948 9764.948 5000.000
v 14028.354 9708.354 5000.000
v 14019.453 9648.000 5000.000
v 13924.895 9504.000 5000.000
v 13890.627 9432.000 5000.000
v 13885.019 9360.000 5000.000
v 13901.542 9293.542 5000.000
v 13896.000 9261.184 5000.000
v 13827.378 9072.000 5000.000
v 13788.354 8928.000 5000.000
v 13780.365 8712.000 5000.000
v 13720.812 8496.000 5000.000
v 13696.808 8440.808 5000.000
v 13703.071 8375.071 5000.000
v 13692.424 8280.000 5000.000
v 13615.636 8064.000 5000.000
v 13484.226 7868.226 5000.000
v 13432.132 7672.132 5000.000
v 13433.924 7601.924 5000.000
v 13536.000 7576.443 5000.000
v 13555.908 7579.908 5000.000
v 13663.520 7543.520 5000.000
v 13671.283 7479.283 5000.000
v 13733.134 7469.133 5000.000
v 13752.000 7478.326 5000.000
v 13803.837 7560.000 5000.000
v 13824.000 7576.163 5000.000
v 13853.731 7632.000 5000.000
v 13896.000 7668.001 5000.000
v 13968.000 7760.823 5000.000
v 14017.748 7848.000 5000.000
v 14112.000 7954.077 5000.000
v 14166.281 8064.000 5000.000
v 14274.408 8208.000 5000.000
v 14328.000 8409.238 5000.000
v 14328.394 8496.000 5000.000
v 14374.768 8784.000 5000.000
v 14416.139 8928.000 5000.000
v 14472.000 9030.182 5000.000
v 14544.000 9051.086 5000.000
v 14744.356 8984.356 5000.000
v 14788.452 8956.452 5000.000
v 14826.138 8922.138 5000.000
v 14892.841 8772.841 5000.000
v 14970.102 8712.000 5000.000
v 15003.186 8667.186 5000.000
v 15013.326 8640.000 5000.000
v 15026.208 8496.000 5000.000
v 15072.408 8448.408 5000.000
v 15076.906 8424.000 5000.000
v 15120.000 8353.333 5000.000
v 15172.158 8332.158 5000.000
v 15184.782 8200.782 5000.000
v 15203.176 8147.176 5000.000
v 15233.606 8105.606 5000.000
v 15275.233 8075.233 5000.000
v 15328.252 8056.251 5000.000
v 15408.000 7953.282 5000.000
v 15423.788 7920.000 5000.000
v 15439.222 7807.222 5000.000
v 15535.021 7759.020 5000.000
v 15540.824 7620.825 5000.000
v 15585.739 7416.000 5000.000
v 15603.935 7395.935 5000.000
v 15616.613 7336.613 5000.000
v 15696.000 7150.482 5000.000
v 15715.283 7128.000 5000.000
v 15750.503 7110.503 5000.000
v 15768.000 7069.895 5000.000
v 15822.058 7038.058 5000.000
v 15855.319 6999.319 5000.000
v 15974.158 6902.158 5000.000
v 16056.000 6862.627 5000.000
v 16128.000 6879.089 5000.000
v 16200.000 6860.071 5000.000
v 16215.197 6855.197 5000.000
v 16247.077 6815.078 5000.000
v 16253.142 6677.141 5000.000
v 16277.434 6552.000 5000.000
v 16272.000 6542.422 5000.000
v 16200.000 6513.624 5000.000
v 16153.942 6505.942 5000.000
v 16128.000 6527.186 5000.000
v 16076.031 6480.000 5000.000
v 16058.713 6408.000 5000.000
v 16083.119 6363.119 5000.000
v 16079.731 6336.000 5000.000
v 16097.189 6264.000 5000.000
v 15871.576 5976.000 5000.000
v 15848.630 5912.629 5000.000
v 15860.131 5852.130 5000.000
v 15893.981 5813.981 5000.000
v 15941.989 5789.990 5000.000
v 16056.000 5793.861 5000.000
v 16077.256 5781.256 5000.000
v 16128.000 5797.165 5000.000
v 16272.000 5784.320 5000.000
v 16344.000 5789.136 5000.000
v 16423.361 5767.362 5000.000
v 16463.480 5735.480 5000.000
v 16512.932 5712.931 5000.000
v 16601.156 5616.000 5000.000
v 16749.746 5517.746 5000.000
v 16811.645 5435.646 5000.000
v 16854.812 5334.812 5000.000
v 16846.037 5256.000 5000.000
v 16817.420 5184.000 5000.000
v 16776.000 5119.977 5000.000
v 16704.000 5082.338 5000.000
v 16677.174 5040.000 5000.000
v 16596.156 4968.000 5000.000
v 16533.168 4896.000 5000.000
v 16502.393 4824.000 5000.000
v 16505.979 4697.979 5000.000
v 16540.828 4660.828 5000.000
v 16560.000 4656.494 5000.000
v 16605.521 4653.522 5000.000
v 16704.000 4698.505 5000.000
v 16716.762 4692.761 5000.000
v 16776.000 4700.848 5000.000
v 16970.867 4658.867 5000.000
v 16992.000 4662.186 5000.000
v 17032.805 4648.806 5000.000
v 17064.000 4604.711 5000.000
v 17110.906 4582.906 5000.000
v 17136.000 4545.693 5000.000
v 17192.682 4520.681 5000.000
v 17280.000 4460.802 5000.000
v 17424.000 4488.006 5000.000
v 17505.688 4473.688 5000.000
v 17594.000 4417.999 5000.000
v 17619.984 4392.000 5000.000
v 17567.420 4320.000 5000.000
v 17481.166 4248.000 5000.000
v 17427.324 4176.000 5000.000
v 17410.846 4104.000 5000.000
v 17434.984 4032.000 5000.000
v 17499.006 3960.000 5000.000
v 17509.232 3888.000 5000.000
v 17547.064 3795.063 5000.000
v 17588.648 3764.649 5000.000
v 17640.000 3747.261 5000.000
v 17784.000 3773.473 5000.000
v 17856.000 3764.755 5000.000
v 17916.973 3732.973 5000.000
v 17986.545 3658.546 5000.000
v 18091.822 3619.823 5000.000
v 18126.629 3582.630 5000.000
v 18166.617 3384.000 5000.000
v 18161.490 3312.000 5000.000
v 18144.000 3260.896 5000.000
v 18072.000 3133.990 5000.000
v 18000.000 3065.541 5000.000
v 17909.461 3024.000 5000.000
v 17856.000 2986.716 5000.000
v 17799.578 2880.000 5000.000
v 17658.650 2664.000 5000.000
v 17620.061 2644.060 5000.000
v 17568.000 2665.653 5000.000
v 17480.578 2592.000 5000.000
v 17438.926 2520.000 5000.000
v 17432.580 2448.000 5000.000
v 17424.000 2434.073 5000.000
v 17414.812 2438.812 5000.000
v 17317.736 2413.737 5000.000
v 17280.000 2480.604 5000.000
v 17208.000 2338.910 5000.000
v 17185.973 2353.973 5000.000
v 17136.000 2330.038 5000.000
v 17100.787 2340.787 5000.000
v 16992.000 2308.971 5000.000
v 16920.000 2312.422 5000.000
v 16776.000 2369.661 5000.000
v 16659.764 2403.763 5000.000
v 16560.000 2459.142 5000.000
v 16504.855 2464.855 5000.000
v 16488.000 2487.664 5000.000
v 16416.000 2481.871 5000.000
v 16357.889 2448.000 5000.000
v 16283.171 2376.000 5000.000
v 16272.000 2207.147 5000.000
v 16254.106 2160.000 5000.000
v 16128.000 2102.088 5000.000
v 16097.527 2016.000 5000.000
v 16056.000 1976.573 5000.000
v 15984.000 1973.215 5000.000
v 15912.000 2000.848 5000.000
v 15840.000 1979.044 5000.000
v 15696.000 1885.986 5000.000
v 15612.208 1860.208 5000.000
v 15480.000 1852.702 5000.000
v 15408.000 1899.503 5000.000
v 15336.000 1881.754 5000.000
v 15120.000 1872.518 5000.000
v 15048.000 1847.957 5000.000
v 14777.511 2033.511 5000.000
v 14727.979 2055.979 5000.000
v 14616.000 2153.110 5000.000
v 14562.206 2178.206 5000.000
v 14472.000 2269.675 5000.000
v 14247.144 2439.144 5000.000
v 14197.551 2461.551 5000.000
v 14112.000 2541.458 5000.000
v 14079.644 2559.644 5000.000
v 14040.000 2561.972 5000.000
v 13995.537 2592.000 5000.000
v 13986.388 2610.388 5000.000
v 13968.000 2611.391 5000.000
v 13850.140 2690.140 5000.000
v 13608.000 2821.500 5000.000
v 13583.194 2855.195 5000.000
v 13532.906 2876.906 5000.000
v 13496.896 2912.895 5000.000
v 13445.048 2933.048 5000.000
v 13392.000 2981.809 5000.000
v 13355.550 2987.550 5000.000
v 13320.000 3011.046 5000.000
v 13304.497 3008.497 5000.000
v 13303.667 3024.000 5000.000
v 13248.000 3066.490 5000.000
v 13214.962 3062.962 5000.000
v 13211.061 3096.000 5000.000
v 13179.459 3168.000 5000.000
v 13137.361 3201.361 5000.000
v 13136.208 3240.000 5000.000
v 13104.000 3268.961 5000.000
v 13064.209 3272.209 5000.000
v 13055.176 3312.000 5000.000
v 13043.953 3323.953 5000.000
v 12977.942 3329.942 5000.000
v 12960.000 3360.931 5000.000
v 12936.540 3360.540 5000.000
v 12925.520 3384.000 5000.000
v 12895.705 3391.705 5000.000
v 12888.000 3406.140 5000.000
v 12838.131 3406.131 5000.000
v 12816.000 3455.322 5000.000
v 12779.902 3491.902 5000.000
v 12744.000 3472.716 5000.000
v 12683.652 3467.653 5000.000
v 12672.000 3497.413 5000.000
v 12528.000 3508.558 5000.000
v 12430.472 3456.000 5000.000
v 12419.981 3419.982 5000.000
v 12456.000 3428.893 5000.000
v 12479.190 3384.000 5000.000
v 12464.610 3320.610 5000.000
v 12514.631 3312.000 5000.000
v 12507.095 3291.095 5000.000
v 12460.387 3240.000 5000.000
v 12464.631 3168.000 5000.000
v 12545.897 3113.898 5000.000
v 12536.728 3032.727 5000.000
v 12604.316 3024.000 5000.000
v 12511.760 3007.760 5000.000
v 12456.000 3010.132 5000.000
v 12417.146 2952.000 5000.000
v 12409.770 2905.769 5000.000
v 12413.509 2880.000 5000.000
v 12497.919 2808.000 5000.000
v 12464.467 2744.467 5000.000
v 12476.697 2736.000 5000.000
v 12476.633 2684.633 5000.000
v 12459.604 2664.000 5000.000
v 12519.057 2655.057 5000.000
v 12596.106 2660.106 5000.000
v 12656.992 2648.992 5000.000
v 12652.571 2592.000 5000.000
v 12672.000 2571.721 5000.000
v 12721.117 2569.117 5000.000
v 12711.620 2520.000 5000.000
v 12744.000 2449.636 5000.000
v 12778.523 2410.523 5000.000
v 12790.150 2376.000 5000.000
v 12697.294 2232.000 5000.000
v 12677.792 2165.792 5000.000
v 12718.020 2088.000 5000.000
v 12712.909 2056.909 5000.000
v 12763.059 2035.058 5000.000
v 12766.543 1966.543 5000.000
v 12816.000 1983.305 5000.000
v 12903.530 2031.530 5000.000
v 12922.506 1906.505 5000.000
v 12943.789 1872.000 5000.000
v 12942.482 1854.482 5000.000
v 13038.280 1878.280 5000.000
v 13176.000 1947.354 5000.000
v 13248.000 1966.071 5000.000
v 13345.385 1969.385 5000.000
v 13385.266 1937.265 5000.000
v 13406.896 1886.897 5000.000
v 13474.192 1800.000 5000.000
v 13578.483 1626.484 5000.000
v 13699.331 1531.331 5000.000
v 13797.331 1485.331 5000.000
v 13824.000 1487.238 5000.000
v 13900.843 1444.843 5000.000
v 13988.639 1316.638 5000.000
v 14022.846 1278.846 5000.000
v 14068.069 1252.069 5000.000
v 14098.192 1210.193 5000.000
v 14148.509 1188.508 5000.000
v 14184.000 1188.225 5000.000
v 14238.483 1134.484 5000.000
v 14328.000 1080.931 5000.000
v 14478.554 1014.553 5000.000
v 14570.915 962.915 5000.000
v 14650.488 898.489 5000.000
v 14747.601 851.601 5000.000
v 14783.767 815.767 5000.000
v 14922.156 738.156 5000.000
v 15048.000 632.358 5000.000
v 15106.300 634.299 5000.000
v 15103.180 576.000 5000.000
v 15122.833 506.833 5000.000
v 15104.370 344.370 5000.000
v 15104.909 272.909 5000.000
v 15118.022 216.000 5000.000
v 15101.782 144.000 5000.000
v 15120.000 -97.591 5000.000
v 15165.031 -144.000 5000.000
v 15234.942 -173.058 5000.000
v 15264.000 -199.406 5000.000
v 15305.186 -216.000 5000.000
v 15336.000 -223.871 5000.000
v 15408.000 -169.365 5000.000
v 15440.733 -72.000 5000.000
v 15511.644 0.000 5000.000
v 15567.856 87.857 5000.000
v 15594.815 144.000 5000.000
v 15611.608 216.000 5000.000
v 15669.461 288.000 5000.000
v 15696.000 387.840 5000.000
v 15840.000 486.247 5000.000
v 15912.000 484.550 5000.000
v 15946.780 466.780 5000.000
v 16028.816 332.817 5000.000
v 16272.000 148.929 5000.000
v 16344.000 106.042 5000.000
v 16407.215 144.000 5000.000
v 16416.391 216.392 5000.000
v 16383.296 255.296 5000.000
v 16385.068 329.069 5000.000
v 16375.080 360.000 5000.000
v 16403.217 432.000 5000.000
v 16416.000 442.712 5000.000
v 16520.797 464.796 5000.000
v 16560.000 462.621 5000.000
v 16632.000 532.860 5000.000
v 16704.000 558.573 5000.000
v 16776.000 619.050 5000.000
v 16920.000 657.808 5000.000
v 16959.191 720.000 5000.000
v 16992.000 751.235 5000.000
v 17064.000 771.321 5000.000
v 17136.000 764.697 5000.000
v 17208.000 810.089 5000.000
v 17244.072 756.073 5000.000
v 17280.000 732.095 5000.000
v 17319.186 687.186 5000.000
v 17352.000 596.131 5000.000
v 17424.000 592.481 5000.000
v 17496.000 597.574 5000.000
v 17568.000 630.116 5000.000
v 17585.906 648.000 5000.000
v 17640.000 759.594 5000.000
v 17712.000 810.623 5000.000
v 17793.898 585.899 5000.000
v 17793.631 513.630 5000.000
v 17843.869 432.000 5000.000
v 17867.756 371.755 5000.000
v 17883.135 243.134 5000.000
v 17897.205 216.000 5000.000
v 17978.047 122.047 5000.000
v 18000.000 109.507 5000.000
v 18094.867 94.867 5000.000
v 18144.000 55.426 5000.000
v 18183.434 39.433 5000.000
v 18216.000 37.676 5000.000
v 18288.000 72.187 5000.000
v 18360.000 140.523 5000.000
v 18648.000 470.857 5000.000
v 18672.127 504.000 5000.000
v 18699.926 576.000 5000.000
v 18749.508 648.000 5000.000
v 18792.000 683.731 5000.000
v 18864.000 718.593 5000.000
v 18864.000 89.105 5000.000
v 18786.834 0.000 5000.000
v 18576.000 -149.537 5000.000
v 18426.279 -288.000 5000.000
v 18360.000 -332.816 5000.000
v 18288.000 -365.877 5000.000
v 18216.000 -374.276 5000.000
v 18144.000 -351.783 5000.000
v 18072.000 -342.734 5000.000
v 17928.000 -464.791 5000.000
v 17784.000 -487.062 5000.000
v 17712.000 -529.059 5000.000
v 17679.391 -576.000 5000.000
v 17648.939 -720.000 5000.000
v 17716.887 -1008.000 5000.000
v 17743.299 -1048.701 5000.000
v 17747.525 -1188.475 5000.000
v 17765.564 -1242.436 5000.000
v 17795.902 -1284.098 5000.000
v 17784.000 -1338.124 5000.000
v 17754.021 -1368.000 5000.000
v 17757.518 -1394.483 5000.000
v 17733.086 -1440.000 5000.000
v 17753.674 -1512.000 5000.000
v 17735.635 -1584.000 5000.000
v 17712.000 -1615.600 5000.000
v 17698.383 -1597.618 5000.000
v 17683.439 -1540.561 5000.000
v 17653.963 -1512.000 5000.000
v 17661.639 -1490.361 5000.000
v 17640.000 -1502.405 5000.000
v 17496.000 -1410.273 5000.000
v 17424.000 -1410.908 5000.000
v 17352.000 -1396.387 5000.000
v 17280.000 -1442.034 5000.000
v 17208.000 -1504.199 5000.000
v 17136.000 -1463.499 5000.000
v 17064.000 -1398.495 5000.000
v 16992.000 -1370.757 5000.000
v 16920.000 -1394.410 5000.000
v 16850.252 -1440.000 5000.000
v 16807.705 -1656.000 5000.000
v 16800.969 -1800.000 5000.000
v 16846.988 -1945.012 5000.000
v 16872.119 -2063.881 5000.000
v 16864.789 -2215.210 5000.000
v 16875.162 -2304.000 5000.000
v 16848.000 -2324.256 5000.000
v 16834.646 -2317.354 5000.000
v 16755.479 -2324.522 5000.000
v 16704.000 -2315.997 5000.000
v 16632.000 -2339.798 5000.000
v 16610.234 -2376.000 5000.000
v 16617.711 -2390.289 5000.000
v 16620.801 -2531.198 5000.000
v 16638.871 -2585.129 5000.000
v 16632.000 -2630.348 5000.000
v 16620.932 -2664.000 5000.000
v 16560.000 -2707.776 5000.000
v 16536.453 -2687.547 5000.000
v 16484.373 -2592.000 5000.000
v 16344.000 -2534.692 5000.000
v 16274.357 -2517.643 5000.000
v 16207.652 -2512.348 5000.000
v 16152.860 -2520.000 5000.000
v 16097.182 -2592.000 5000.000
v 16056.000 -2626.108 5000.000
v 15984.000 -2637.351 5000.000
v 15937.780 -2664.000 5000.000
v 15840.000 -2737.893 5000.000
v 15768.000 -2823.901 5000.000
v 15552.000 -2807.843 5000.000
v 15480.000 -2863.163 5000.000
v 15408.000 -2966.010 5000.000
v 15264.000 -2990.773 5000.000
v 15192.000 -2992.903 5000.000
v 15120.000 -3027.394 5000.000
v 15048.000 -3024.691 5000.000
v 14976.000 -3042.904 5000.000
v 14931.488 -2996.511 5000.000
v 14885.163 -2898.837 5000.000
v 14832.000 -2814.574 5000.000
v 14760.000 -2789.428 5000.000
v 14688.000 -2825.781 5000.000
v 14616.000 -2886.951 5000.000
v 14544.000 -3041.624 5000.000
v 14509.151 -3096.000 5000.000
v 14472.000 -3128.717 5000.000
v 14328.000 -3048.421 5000.000
v 14071.198 -3064.802 5000.000
v 13937.779 -3054.221 5000.000
v 13896.000 -3035.266 5000.000
v 13842.279 -2933.720 5000.000
v 13829.337 -2874.663 5000.000
v 13797.776 -2834.224 5000.000
v 13756.929 -2731.071 5000.000
v 13680.000 -2580.855 5000.000
v 13608.000 -2650.717 5000.000
v 13536.000 -2801.714 5000.000
v 13464.000 -3000.611 5000.000
v 13392.000 -3014.356 5000.000
v 13337.575 -3006.424 5000.000
v 13248.000 -2957.700 5000.000
v 13185.110 -2942.889 5000.000
v 13104.000 -2981.523 5000.000
v 13032.000 -2993.563 5000.000
v 12960.000 -2979.064 5000.000
v 12888.000 -2981.470 5000.000
v 12744.000 -2920.429 5000.000
v 12600.000 -2933.605 5000.000
v 12528.000 -2977.329 5000.000
v 12384.000 -2980.998 5000.000
v 12312.000 -2993.932 5000.000
v 12168.000 -2980.164 5000.000
v 12096.000 -2998.953 5000.000
v 11897.068 -3006.931 5000.000
v 11808.000 -3020.668 5000.000
v 11592.000 -2993.592 5000.000
v 11448.000 -3005.137 5000.000
v 11339.508 -2988.492 5000.000
v 11232.000 -2954.086 5000.000
v 11160.000 -2999.129 5000.000
v 11085.872 -3026.128 5000.000
v 10872.000 -2972.346 5000.000
v 10800.000 -3056.511 5000.000
v 10728.000 -3069.279 5000.000
v 10656.000 -3064.639 5000.000
v 10584.000 -3040.619 5000.000
v 10553.832 -3054.168 5000.000
v 10541.462 -3024.000 5000.000
v 10512.000 -3011.134 5000.000
v 10493.809 -3096.000 5000.000
v 10440.000 -3163.529 5000.000
v 10368.000 -3181.900 5000.000
v 10296.000 -3225.411 5000.000
v 10224.000 -3272.727 5000.000
v 10152.000 -3345.181 5000.000
v 10008.000 -3394.661 5000.000
v 9864.000 -3578.896 5000.000
v 9792.000 -3646.757 5000.000
v 9648.000 -3729.333 5000.000
v 9576.000 -3798.516 5000.000
v 9361.458 -3816.000 5000.000
v 9413.854 -3834.147 5000.000
v 9417.076 -3888.000 5000.000
v 9317.269 -3960.000 5000.000
v 9274.563 -4045.437 5000.000
v 9288.000 -4050.872 5000.000
v 9314.411 -4104.000 5000.000
v 9317.602 -4218.398 5000.000
v 9360.000 -4228.041 5000.000
v 9398.247 -4209.753 5000.000
v 9403.769 -4248.000 5000.000
v 9332.191 -4320.000 5000.000
v 9310.271 -4369.729 5000.000
v 9321.966 -4392.000 5000.000
v 9288.000 -4406.211 5000.000
v 9216.000 -4465.072 5000.000
v 9089.919 -4536.000 5000.000
v 9068.014 -4608.000 5000.000
v 9109.101 -4642.899 5000.000
v 9255.347 -4640.653 5000.000
v 9288.000 -4677.879 5000.000
v 9360.000 -4637.569 5000.000
v 9406.591 -4633.409 5000.000
v 9391.742 -4680.000 5000.000
v 9405.258 -4752.000 5000.000
v 9401.582 -4782.417 5000.000
v 9465.666 -4790.334 5000.000
v 9488.634 -4839.366 5000.000
v 9524.889 -4875.112 5000.000
v 9528.636 -4896.000 5000.000
v 9573.112 -4970.888 5000.000
v 9648.000 -4943.955 5000.000
v 9720.000 -4960.486 5000.000
v 9800.372 -4959.628 5000.000
v 9853.658 -4978.342 5000.000
v 9926.611 -5040.000 5000.000
v 9990.841 -5057.159 5000.000
v 10008.000 -5078.160 5000.000
v 10034.514 -5085.486 5000.000
v 10152.000 -5089.123 5000.000
v 10224.000 -5048.715 5000.000
v 10368.000 -5017.849 5000.000
v 10387.184 -5020.817 5000.000
v 10440.000 -4990.843 5000.000
v 10512.000 -4918.972 5000.000
v 10584.000 -4875.655 5000.000
v 10701.090 -4850.910 5000.000
v 10728.000 -4859.943 5000.000
v 10840.512 -4824.000 5000.000
v 10944.000 -4788.046 5000.000
v 11016.000 -4735.539 5000.000
v 11088.000 -4745.666 5000.000
v 11160.000 -4810.243 5000.000
v 11232.000 -4827.259 5000.000
v 11304.000 -4825.958 5000.000
v 11352.003 -4847.997 5000.000
v 11478.927 -4937.073 5000.000
v 11520.000 -4978.402 5000.000
v 11668.575 -5035.425 5000.000
v 11755.919 -5092.082 5000.000
v 12088.911 -5191.089 5000.000
v 12168.000 -5202.119 5000.000
v 12348.709 -5328.000 5000.000
v 12425.308 -5358.693 5000.000
v 12556.400 -5443.600 5000.000
v 12603.290 -5544.000 5000.000
v 12659.203 -5628.796 5000.000
v 12674.705 -5688.000 5000.000
v 12742.671 -5832.000 5000.000
v 12742.232 -5904.000 5000.000
v 12713.915 -5976.000 5000.000
v 12701.334 -6048.000 5000.000
v 12669.881 -6122.119 5000.000
v 12702.016 -6161.984 5000.000
v 12704.372 -6264.000 5000.000
v 12744.000 -6378.078 5000.000
v 12802.813 -6421.186 5000.000
v 12860.017 -6435.983 5000.000
v 12960.000 -6438.997 5000.000
v 12991.855 -6448.144 5000.000
v 13028.588 -6483.412 5000.000
v 13082.918 -6501.082 5000.000
v 13164.289 -6491.710 5000.000
v 13320.000 -6416.474 5000.000
v 13397.444 -6336.000 5000.000
v 13467.596 -6192.000 5000.000
v 13523.276 -6048.000 5000.000
v 13538.979 -5904.000 5000.000
v 13542.519 -5760.000 5000.000
v 13553.802 -5742.198 5000.000
v 13533.759 -5690.241 5000.000
v 13529.280 -5616.000 5000.000
v 13536.000 -5600.387 5000.000
v 13545.319 -5616.000 5000.000
v 13539.726 -5684.275 5000.000
v 13608.000 -5662.942 5000.000
v 13655.411 -5712.589 5000.000
v 13802.985 -5832.000 5000.000
v 13896.000 -5875.616 5000.000
v 13942.001 -5857.999 5000.000
v 14040.000 -5855.593 5000.000
v 14184.000 -5813.379 5000.000
v 14256.000 -5806.407 5000.000
v 14340.229 -5819.771 5000.000
v 14400.000 -5875.020 5000.000
v 14472.000 -5819.932 5000.000
v 14514.228 -5616.000 5000.000
v 14567.418 -5472.000 5000.000
v 14608.321 -5400.000 5000.000
v 14670.479 -5328.000 5000.000
v 14688.000 -5319.038 5000.000
v 14767.550 -5328.000 5000.000
v 14874.425 -5429.575 5000.000
v 14904.000 -5473.855 5000.000
v 14948.492 -5499.507 5000.000
v 14976.000 -5507.436 5000.000
v 15048.000 -5480.998 5000.000
v 15155.259 -5508.741 5000.000
v 15264.000 -5564.391 5000.000
v 15336.000 -5544.913 5000.000
v 15476.172 -5547.828 5000.000
v 15510.326 -5585.673 5000.000
v 15524.377 -5688.000 5000.000
v 15518.083 -5793.917 5000.000
v 15535.167 -5832.000 5000.000
v 15592.587 -5863.413 5000.000
v 15640.846 -5904.000 5000.000
v 15653.043 -6090.957 5000.000
v 15729.618 -6158.382 5000.000
v 15838.981 -6193.019 5000.000
v 15876.763 -6227.237 5000.000
v 15900.179 -6264.000 5000.000
v 15857.534 -6408.000 5000.000
v 15867.595 -6452.406 5000.000
v 15878.140 -6480.000 5000.000
v 15912.000 -6516.274 5000.000
v 15975.672 -6560.329 5000.000
v 16007.563 -6600.437 5000.000
v 16012.932 -6624.000 5000.000
v 16004.556 -6696.000 5000.000
v 15972.939 -6768.000 5000.000
v 15815.115 -6912.000 5000.000
v 15823.332 -6984.000 5000.000
v 15855.787 -7056.000 5000.000
v 15830.119 -7128.000 5000.000
v 15768.000 -7182.902 5000.000
v 15629.481 -7272.000 5000.000
v 15646.212 -7321.788 5000.000
v 15644.086 -7344.000 5000.000
v 15682.543 -7416.000 5000.000
v 15680.075 -7488.000 5000.000
v 15647.291 -7560.000 5000.000
v 15654.079 -7632.000 5000.000
v 15617.403 -7704.000 5000.000
v 15507.889 -7748.112 5000.000
v 15480.000 -7750.922 5000.000
v 15449.690 -7776.000 5000.000
v 15441.101 -7848.000 5000.000
v 15495.212 -7904.788 5000.000
v 15533.355 -7992.000 5000.000
v 15519.527 -8064.000 5000.000
v 15480.000 -8131.251 5000.000
v 15358.970 -8208.000 5000.000
v 15365.700 -8250.300 5000.000
v 15349.505 -8280.000 5000.000
v 15346.315 -8352.000 5000.000
v 15281.983 -8424.000 5000.000
v 15264.773 -8496.000 5000.000
v 15229.564 -8568.000 5000.000
v 15209.602 -8784.000 5000.000
v 15182.697 -8856.000 5000.000
v 15151.883 -9000.000 5000.000
v 15149.801 -9186.199 5000.000
v 15159.388 -9288.000 5000.000
v 15143.594 -9432.000 5000.000
v 15157.930 -9538.070 5000.000
v 15160.178 -9648.000 5000.000
v 15107.062 -9720.000 5000.000
v 15094.508 -9817.492 5000.000
v 15052.055 -9931.945 5000.000
v 15040.229 -10008.000 5000.000
v 15062.404 -10065.596 5000.000
v 15074.309 -10152.000 5000.000
v 15069.986 -10296.000 5000.000
v 15085.822 -10402.178 5000.000
v 15143.835 -10512.000 5000.000
v 15169.633 -10534.367 5000.000
v 15267.198 -10584.000 5000.000
v 15319.669 -10600.331 5000.000
v 15336.000 -10615.288 5000.000
v 15372.075 -10619.925 5000.000
v 15408.000 -10647.005 5000.000
v 15421.119 -10642.881 5000.000
v 15480.000 -10664.840 5000.000
v 15552.000 -10648.149 5000.000
v 15621.010 -10658.990 5000.000
v 15712.080 -10639.920 5000.000
v 15768.000 -10650.946 5000.000
v 15869.167 -10770.833 5000.000
v 15984.000 -10790.354 5000.000
v 16040.082 -10815.918 5000.000
v 16107.596 -10892.404 5000.000
v 16200.000 -10954.176 5000.000
v 16356.402 -11003.598 5000.000
v 16416.000 -11057.609 5000.000
v 16443.875 -11060.125 5000.000
v 16488.000 -11123.862 5000.000
v 16519.744 -11128.256 5000.000
v 16532.643 -11160.000 5000.000
v 16551.584 -11168.416 5000.000
v 16560.000 -11197.748 5000.000
v 16586.693 -11205.307 5000.000
v 16604.373 -11232.000 5000.000
v 16622.471 -11241.529 5000.000
v 16632.000 -11265.456 5000.000
v 16666.459 -11269.541 5000.000
v 16704.000 -11287.246 5000.000
v 16776.000 -11266.088 5000.000
v 16815.246 -11232.000 5000.000
v 16855.760 -11160.000 5000.000
v 16863.830 -11088.000 5000.000
v 16834.324 -10813.675 5000.000
v 16832.086 -10584.000 5000.000
v 16892.459 -10440.000 5000.000
v 16964.098 -10368.000 5000.000
v 17049.133 -10224.000 5000.000
v 17071.607 -10080.000 5000.000
v 17074.467 -9936.000 5000.000
v 17104.371 -9864.000 5000.000
v 17152.215 -9792.000 5000.000
v 17160.676 -9648.000 5000.000
v 17138.914 -9504.000 5000.000
v 17164.414 -9288.000 5000.000
v 17161.430 -9216.000 5000.000
v 17190.084 -9144.000 5000.000
v 17260.818 -9072.000 5000.000
v 17287.057 -9000.000 5000.000
v 17292.039 -8928.000 5000.000
v 17251.006 -8884.993 5000.000
v 17199.109 -8792.892 5000.000
v 17193.129 -8712.000 5000.000
v 17209.863 -8640.000 5000.000
v 17249.217 -8568.000 5000.000
v 17264.131 -8496.000 5000.000
v 17261.602 -8424.000 5000.000
v 17280.000 -8379.047 5000.000
v 17342.148 -8280.000 5000.000
v 17416.234 -8208.000 5000.000
v 17419.502 -8136.000 5000.000
v 17369.225 -8046.775 5000.000
v 17368.918 -7992.000 5000.000
v 17385.154 -7920.000 5000.000
v 17412.582 -7848.000 5000.000
v 17496.000 -7798.890 5000.000
v 17568.000 -7777.793 5000.000
v 17627.680 -7704.000 5000.000
v 17681.326 -7560.000 5000.000
v 17748.043 -7488.000 5000.000
v 17784.000 -7433.030 5000.000
v 17856.000 -7381.787 5000.000
v 17884.797 -7344.000 5000.000
v 17893.211 -7200.000 5000.000
v 17918.137 -7128.000 5000.000
v 18008.080 -7056.000 5000.000
v 18009.924 -7046.076 5000.000
v 18011.508 -6984.000 5000.000
v 17985.590 -6912.000 5000.000
v 18026.473 -6840.000 5000.000
v 18036.543 -6768.000 5000.000
v 18024.484 -6624.000 5000.000
v 17928.000 -6494.628 5000.000
v 17873.152 -6462.847 5000.000
v 17854.453 -6408.000 5000.000
v 17824.199 -6367.800 5000.000
v 17798.209 -6177.790 5000.000
v 17761.496 -6070.503 5000.000
v 17762.959 -5997.041 5000.000
v 17748.793 -5976.000 5000.000
v 17784.000 -5924.322 5000.000
v 17856.000 -5879.863 5000.000
v 17889.244 -5832.000 5000.000
v 17892.279 -5760.000 5000.000
v 17852.430 -5619.570 5000.000
v 17801.322 -5598.679 5000.000
v 17733.891 -5522.108 5000.000
v 17689.424 -5400.000 5000.000
v 17702.766 -5328.000 5000.000
v 17746.000 -5328.000 5000.000
v 17762.521 -5349.479 5000.000
v 17784.000 -5333.256 5000.000
v 17819.889 -5364.111 5000.000
v 17894.699 -5361.301 5000.000
v 17928.000 -5393.131 5000.000
v 18000.000 -5423.141 5000.000
v 18072.000 -5404.519 5000.000
v 18097.371 -5328.000 5000.000
v 18099.285 -5256.000 5000.000
v 18144.000 -5208.262 5000.000
v 18216.000 -5177.449 5000.000
v 18237.920 -5112.000 5000.000
v 18241.316 -5014.685 5000.000
v 18229.643 -4968.000 5000.000
v 18288.000 -4896.201 5000.000
v 18360.000 -4904.451 5000.000
v 18432.000 -4861.750 5000.000
v 18576.000 -4882.218 5000.000
v 18589.779 -4896.000 5000.000
v 18607.371 -4968.000 5000.000
v 18555.682 -5184.000 5000.000
v 18568.396 -5328.000 5000.000
v 18557.102 -5472.000 5000.000
v 18605.885 -5514.115 5000.000
v 18635.303 -5556.698 5000.000
v 18661.131 -5616.000 5000.000
v 18676.402 -5688.000 5000.000
v 18648.000 -5724.091 5000.000
v 18598.869 -5760.000 5000.000
v 18569.191 -5838.809 5000.000
v 18604.545 -5947.456 5000.000
v 18649.119 -5976.000 5000.000
v 18670.418 -6025.582 5000.000
v 18726.484 -6041.516 5000.000
v 18792.000 -6036.467 5000.000
v 18832.314 -6079.685 5000.000
v 18864.000 -6093.987 5000.000
v 18216.000 -4901.977 5000.000
v 18279.590 -4896.000 5000.000
v 18216.000 -4892.404 5000.000
l 2187 2188 2189 2190 2191 2192 2193 2194 2195 2196 2197 2198 2199 2200 2201 2202 2203 2204 2205 2206 2207 2208 2209 2210 2211 2212 2213 2214 2215 2216 2217 2218 2219 2220 2221 2222 2223 2224 2225 2226 2227 2228 2229 2230 2231 2232 2233 2234 2235 2236 2237 2238 2239 2240 2241 2242 2243 2244 2245 2246 2247 2248 2249 2250 2251 2252 2253 2254 2255 2256 2257 2258 2259 2260 2261 2262 2263 2264 2265 2266 2267 2268 2269 2270 2271 2272 2273 2274 2275 2276 2277 2278 2279 2280 2281 2282 2283 2284 2285 2286 2287 2288 2289 2290 2291 2292 2293 2294 2295 2296 2297 2298 2299 2300 2301 2302 2303 2304 2305 2306 2307 2308 2309 2310 2311 2312 2313 2314 2315 2316 2317 2318 2319 2320 2321 2322 2323 2324 2325 2326 2327 2328 2329 2330 2331 2332 2333 2334 2335 2336 2337 2338 2339 2340 2341 2342 2343 2344 2345 2346 2347 2348 2349 2350 2351 2352 2353 2354 2355 2356 2357 2358 2359 2360 2361 2362 2363 2364 2365 2366 2367 2368 2369 2370 2371 2372 2373 2374 2375 2376 2377 2378 2379 2380 2381 2382 2383 2384 2385 2386 2387 2388 2389 2390 2391 2392 2393 2394 2395 2396 2397 2398 2399 2400 2401 2402 2403 2404 2405 2406 2407 2408 2409 2410 2411 2412 2413 2414 2415 2416 2417 2418 2419 2420 2421 2422 2423 2424 2425 2426 2427 2428 2429 2430 2431 2432 2433 2434 2435 2436 2437 2438 2439 2440 2441 2442 2443 2444 2445 2446 2447 2448 2449 2450 2451 2452 2453 2454 2455 2456 2457 2458 2459 2460 2461 2462 2463 2464 2465 2466 2467 2468 2469 2470 2471 2472 2473 2474 2475 2476 2477 2478 2479 2480 2481 2482 2483 2484 2485 2486 2487 2488 2489 2490 2491 2492 2493 2494 2495 2496 2497 2498 2499 2500 2501 2502 2503 2504 2505 2506 2507 2508 2509 2510 2511 2512 2513 2514 2515 2516 2517 2518 2519 2520 2521 2522 2523 2524 2525 2526 2527 2528 2529 2530 2531 2532 2533 2534 2535 2536 2537 2538 2539 2540 2541 2542 2543 2544 2545 2546 2547 2548 2549 2550 2551 2552 2553 2554 2555 2556 2557 2558 2559 2560 2561 2562 2563 2564 2565 2566 2567 2568 2569 2570 2571 2572 2573 2574 2575 2576 2577 2578 2579 2580 2581 2582 2583 2584 2585 2586 2587 2588 2589 2590 2591 2592 2593 2594 2595 2596 2597 2598 2599 2600 2601 2602 2603 2604 2605 2606 2607 2608 2609 2610 2611 2612 2613 2614 2615 2616 2617 2618 2619 2620 2621 2622 2623 2624 2625 2626 2627 2628 2629 2630 2631 2632 2633 2634 2635 2636 2637 2638 2639 2640 2641 2642 2643 2644 2645 2646 2647 2648 2649 2650 2651 2652 2653 2654 2655 2656 2657 2658 2659 2660 2661 2662 2663 2664 2665 2666 2667 2668 2669 2670 2671 2672 2673 2674 2675 2676 2677 2678 2679 2680 2681 2682 2683 2684 2685 2686 2687 2688 2689 2690 2691 2692 2693 2694 2695 2696 2697 2698 2699 2700 2701 2702 2703 2704 2705 2706 2707 2708 2709 2710 2711 2712 2713 2714 2715 2716 2717 2718 2719 2720 2721 2722 2723 2724 2725 2726 2727 2728 2729 2730 2731 2732 2733 2734 2735 2736 2737 2738 2739 2740 2741 2742 2743 2744 2745 2746 2747 2748 2749 2750 2751 2752 2753 2754 2755 2756 2757 2758 2759 2760 2761 2762 2763 2764 2765 2766 2767 2768 2769 2770 2771 2772 2773 2774 2775 2776 2777 2778 2779 2780 2781 2782 2783 2784 2785 2786 2787 2788 2789 2790 2791 2792 2793 2794 2795 2796 2797 2798 2799 2800 2801 2802 2803 2804 2805 2806 2807 2808 2809 2810 2811 2812 2813 2814 2815 2816 2817 2818 2819 2820 2821 2822 2823 2824 2825 2826 2827 2828 2829 2830 2831 2832 2833 2834 2835 2836 2837 2838 2839 2840 2841 2842 2843 2844 2845 2846 2847 2848 2849 2850 2851 2852 2853 2854 2855 2856 2857 2858 2859 2860 2861 2862 2863 2864 2865 2866 2867 2868 2869 2870 2871 2872 2873 2874 2875 2876 2877 2878 2879 2880 2881 2882 2883 2884 2885 2886 2887 2888 2889 2890 2891 2892 2893 2894 2895 2896 2897 2898 2899 2900 2901 2902 2903 2904 2905 2906 2907 2908 2909 2910 2911 2912 2913 2914 2915 2916 2917 2918 2919 2920 2921 2922 2923 2924 2925 2926 2927 2928 2929 2930 2931 2932 2933 2934 2935 2936 2937 2938 2939 2940 2941 2942 2943 2944 2945 2946 2947 2948 2949 2950 2951 2952 2953 2954 2955 2956 2957 2958 2959 2960 2961 2962 2963 2964 2965 2966 2967 2968 2969 2970 2971 2972 2973 2974 2975 2976 2977 2978 2979 2980 2981 2982 2983 2984 2985 2986 2987 2988 2989 2990 2991 2992 2993 2994 2995 2996 2997 2998 2999 3000 3001 3002 3003 3004 3005 3006 3007 3008 3009 3010 3011 3012 3013 3014 3015 3016 3017 3018 3019 3020 3021 3022 3023 3024 3025 3026 3027 3028 3029 3030 3031 3032 3033 3034 3035 3036 3037 3038 3039 3040 3041 3042 3043 3044 3045 3046 3047 3048 3049 3050 3051 3052 3053 3054 3055 3056 3057 3058 3059 3060 3061 3062 3063 3064 3065 3066 3067 3068 3069 3070 3071 3072 3073 3074 3075 3076 3077 3078 3079 3080 3081 3082 3083 3084 3085 3086 3087 3088 3089 3090 3091 3092 3093 3094 3095 3096 3097 3098 3099 3100 3101 3102 3103 3104 3105 3106 3107 3108 3109 3110 3111 3112 3113 3114 3115
v -18000.000 3383.612 5000.000
v -17856.000 3529.714 5000.000
v -17766.258 3600.000 5000.000
v -17712.000 3689.633 5000.000
v -17640.000 3764.758 5000.000
v -17620.570 3816.000 5000.000
v -17573.178 3888.000 5000.000
v -17496.000 3904.838 5000.000
v -17428.238 3955.761 5000.000
v -17352.000 3996.883 5000.000
v -17343.869 3960.000 5000.000
v -17381.885 3816.000 5000.000
v -17365.752 3600.000 5000.000
v -17345.717 3528.000 5000.000
v -17368.465 3456.000 5000.000
v -17338.818 3397.181 5000.000
v -17334.465 3312.000 5000.000
v -17389.520 3240.000 5000.000
v -17405.594 3168.000 5000.000
v -17381.742 3096.000 5000.000
v -17402.707 2973.293 5000.000
v -17401.463 2902.537 5000.000
v -17336.668 2736.000 5000.000
v -17340.080 2531.919 5000.000
v -17363.291 2448.000 5000.000
v -17364.939 2376.000 5000.000
v -17285.258 2154.743 5000.000
v -17272.404 2088.000 5000.000
v -17224.312 1999.688 5000.000
v -17064.000 1803.379 5000.000
v -17013.197 1778.803 5000.000
v -16909.104 1666.897 5000.000
v -16865.609 1638.391 5000.000
v -16848.000 1636.679 5000.000
v -16704.000 1649.855 5000.000
v -16674.934 1613.066 5000.000
v -16632.000 1595.369 5000.000
v -16595.205 1548.794 5000.000
v -16548.863 1523.137 5000.000
v -16392.775 1391.225 5000.000
v -16332.055 1296.000 5000.000
v -16326.870 1241.130 5000.000
v -16293.717 1224.000 5000.000
v -16253.292 1170.708 5000.000
v -16200.000 1138.085 5000.000
v -16173.987 1106.012 5000.000
v -16128.000 1108.103 5000.000
v -16109.049 1098.951 5000.000
v -16081.104 1054.897 5000.000
v -16043.958 1020.042 5000.000
v -15993.890 926.110 5000.000
v -15952.337 895.663 5000.000
v -15862.709 769.291 5000.000
v -15821.472 738.528 5000.000
v -15748.908 648.000 5000.000
v -15722.905 621.095 5000.000
v -15671.358 600.642 5000.000
v -15624.000 542.536 5000.000
v -15597.962 530.038 5000.000
v -15552.000 462.674 5000.000
v -15528.342 455.658 5000.000
v -15480.000 380.786 5000.000
v -15408.000 346.585 5000.000
v -15360.143 335.857 5000.000
v -15298.500 253.500 5000.000
v -15293.859 216.000 5000.000
v -15264.000 190.406 5000.000
v -15221.877 186.123 5000.000
v -15216.473 144.000 5000.000
v -15192.000 123.853 5000.000
v -15135.329 128.671 5000.000
v -15120.000 102.504 5000.000
v -15090.144 101.856 5000.000
v -15070.284 72.000 5000.000
v -15052.297 67.703 5000.000
v -15048.000 52.772 5000.000
v -14976.000 49.564 5000.000
v -14886.331 72.000 5000.000
v -14832.000 111.684 5000.000
v -14785.647 118.353 5000.000
v -14728.620 144.000 5000.000
v -14688.000 187.508 5000.000
v -14668.939 216.000 5000.000
v -14673.865 230.135 5000.000
v -14662.889 288.000 5000.000
v -14677.698 360.000 5000.000
v -14587.301 432.000 5000.000
v -14602.920 445.080 5000.000
v -14616.000 499.547 5000.000
v -14676.490 432.000 5000.000
v -14688.000 405.270 5000.000
v -14694.571 432.000 5000.000
v -14617.181 504.000 5000.000
v -14649.268 576.000 5000.000
v -14616.000 629.314 5000.000
v -14574.069 617.931 5000.000
v -14498.372 648.000 5000.000
v -14522.479 669.521 5000.000
v -14514.066 720.000 5000.000
v -14544.000 743.778 5000.000
v -14581.786 754.214 5000.000
v -14584.636 792.000 5000.000
v -14616.000 819.285 5000.000
v -14650.491 829.509 5000.000
v -14656.735 864.000 5000.000
v -14688.000 895.419 5000.000
v -14716.154 907.846 5000.000
v -14726.764 936.000 5000.000
v -14852.866 1059.134 5000.000
v -15071.141 1344.859 5000.000
v -15264.000 1630.935 5000.000
v -15323.014 1740.986 5000.000
v -15380.474 1800.000 5000.000
v -15471.188 1944.000 5000.000
v -15522.155 2045.844 5000.000
v -15573.979 2088.000 5000.000
v -15553.937 2160.000 5000.000
v -15585.990 2198.010 5000.000
v -15639.388 2232.000 5000.000
v -15700.902 2304.000 5000.000
v -15714.240 2357.760 5000.000
v -15718.401 2376.000 5000.000
v -15696.000 2391.831 5000.000
v -15624.000 2415.318 5000.000
v -15575.579 2448.000 5000.000
v -15589.729 2520.000 5000.000
v -15542.335 2592.000 5000.000
v -15479.044 2664.000 5000.000
v -15438.797 2736.000 5000.000
v -15446.002 2808.000 5000.000
v -15495.834 2864.166 5000.000
v -15552.000 2897.522 5000.000
v -15594.047 2909.953 5000.000
v -15613.198 2962.802 5000.000
v -15661.796 3202.205 5000.000
v -15702.102 3312.000 5000.000
v -15668.240 3456.000 5000.000
v -15684.605 3539.394 5000.000
v -15713.373 3600.000 5000.000
v -15719.114 3672.000 5000.000
v -15504.649 3816.000 5000.000
v -15393.631 3960.000 5000.000
v -15447.315 3992.685 5000.000
v -15480.000 3999.014 5000.000
v -15594.117 3989.883 5000.000
v -15689.358 4038.642 5000.000
v -15721.472 4078.528 5000.000
v -15756.574 4104.000 5000.000
v -15748.176 4176.000 5000.000
v -15794.523 4293.477 5000.000
v -15805.610 4426.390 5000.000
v -15799.887 4536.000 5000.000
v -15767.662 4608.337 5000.000
v -15789.034 4658.966 5000.000
v -15847.256 4744.744 5000.000
v -15863.556 4872.444 5000.000
v -15876.766 4896.000 5000.000
v -15857.293 4968.000 5000.000
v -15862.024 5017.976 5000.000
v -15901.650 5050.350 5000.000
v -15927.368 5112.000 5000.000
v -15923.447 5184.000 5000.000
v -15938.927 5256.000 5000.000
v -15926.471 5313.530 5000.000
v -15912.000 5338.333 5000.000
v -15768.000 5364.065 5000.000
v -15696.000 5402.004 5000.000
v -15627.121 5472.000 5000.000
v -15651.393 5516.607 5000.000
v -15676.489 5616.000 5000.000
v -15741.874 5714.126 5000.000
v -15787.601 5760.000 5000.000
v -15768.000 5800.310 5000.000
v -15696.000 5932.368 5000.000
v -15624.000 5978.469 5000.000
v -15559.593 6048.000 5000.000
v -15552.145 6120.000 5000.000
v -15507.770 6192.000 5000.000
v -15480.000 6213.686 5000.000
v -15264.000 6196.891 5000.000
v -15194.926 6336.000 5000.000
v -15210.774 6389.226 5000.000
v -15198.606 6480.000 5000.000
v -15120.000 6544.566 5000.000
v -15082.806 6624.000 5000.000
v -15028.520 6696.000 5000.000
v -15012.323 6768.000 5000.000
v -14976.000 6792.858 5000.000
v -14832.000 6804.313 5000.000
v -14760.000 6795.460 5000.000
v -14688.000 6808.477 5000.000
v -14548.366 6763.634 5000.000
v -14371.480 6724.520 5000.000
v -14332.397 6691.603 5000.000
v -14256.000 6574.689 5000.000
v -14175.207 6488.793 5000.000
v -14112.000 6388.245 5000.000
v -14080.919 6367.082 5000.000
v -14040.000 6263.339 5000.000
v -13994.755 6336.000 5000.000
v -13941.324 6480.000 5000.000
v -13896.000 6524.642 5000.000
v -13824.000 6523.586 5000.000
v -13752.000 6552.837 5000.000
v -13602.316 6557.683 5000.000
v -13567.222 6520.778 5000.000
v -13476.643 6539.357 5000.000
v -13464.000 6522.625 5000.000
v -13455.151 6552.000 5000.000
v -13462.236 6624.000 5000.000
v -13497.118 6662.882 5000.000
v -13480.685 6696.000 5000.000
v -13494.792 6912.000 5000.000
v -13478.721 6984.000 5000.000
v -13464.000 6995.253 5000.000
v -13432.604 6984.000 5000.000
v -13414.521 6961.479 5000.000
v -13392.000 6971.537 5000.000
v -13320.000 6960.466 5000.000
v -13248.000 6964.199 5000.000
v -13184.712 6984.000 5000.000
v -13196.005 7035.995 5000.000
v -13182.933 7056.000 5000.000
v -13192.822 7200.000 5000.000
v -13170.971 7272.000 5000.000
v -13088.181 7416.000 5000.000
v -13116.297 7488.000 5000.000
v -13058.867 7677.132 5000.000
v -13086.344 7704.000 5000.000
v -13052.719 7776.000 5000.000
v -13064.677 7848.000 5000.000
v -13124.499 7899.500 5000.000
v -13170.699 7925.301 5000.000
v -13233.291 8006.709 5000.000
v -13275.616 8036.384 5000.000
v -13293.876 8064.000 5000.000
v -13307.135 8136.000 5000.000
v -13259.104 8208.000 5000.000
v -13176.000 8219.363 5000.000
v -12960.000 8319.615 5000.000
v -12910.507 8352.000 5000.000
v -12859.140 8424.000 5000.000
v -12947.558 8496.000 5000.000
v -12947.664 8568.000 5000.000
v -12888.000 8672.205 5000.000
v -12852.743 8712.000 5000.000
v -12852.777 8784.000 5000.000
v -12908.343 8835.657 5000.000
v -12944.368 8856.000 5000.000
v -13032.000 8882.627 5000.000
v -13107.481 8924.519 5000.000
v -13125.424 8978.576 5000.000
v -13144.632 9000.000 5000.000
v -13126.264 9049.736 5000.000
v -13176.000 9059.087 5000.000
v -13194.972 9072.000 5000.000
v -13104.000 9079.301 5000.000
v -13032.000 9105.083 5000.000
v -12888.000 9198.496 5000.000
v -12816.000 9232.464 5000.000
v -12744.000 9301.601 5000.000
v -12672.000 9297.579 5000.000
v -12535.556 9360.000 5000.000
v -12528.000 9384.335 5000.000
v -12520.212 9439.788 5000.000
v -12531.038 9500.962 5000.000
v -12600.000 9517.632 5000.000
v -12630.154 9545.846 5000.000
v -12677.410 9570.590 5000.000
v -12738.658 9653.342 5000.000
v -12758.886 9720.000 5000.000
v -12801.811 9806.189 5000.000
v -12947.275 9876.725 5000.000
v -12976.766 9919.234 5000.000
v -13021.377 9946.623 5000.000
v -13060.234 10008.000 5000.000
v -12998.589 10080.000 5000.000
v -12960.483 10152.000 5000.000
v -12973.583 10224.000 5000.000
v -12966.697 10296.000 5000.000
v -12947.612 10368.000 5000.000
v -12953.825 10440.000 5000.000
v -12980.772 10512.000 5000.000
v -12980.094 10563.906 5000.000
v -12953.787 10656.000 5000.000
v -12888.000 10770.540 5000.000
v -12842.256 10944.000 5000.000
v -12787.186 11088.000 5000.000
v -12744.000 11171.669 5000.000
v -12672.000 11178.412 5000.000
v -12528.000 11116.910 5000.000
v -12456.000 11117.754 5000.000
v -12384.000 11150.729 5000.000
v -12371.271 11232.000 5000.000
v -12349.574 11266.426 5000.000
v -12341.489 11304.000 5000.000
v -12312.000 11312.662 5000.000
v -12265.322 11278.678 5000.000
v -12240.000 11287.474 5000.000
v -12168.000 11276.690 5000.000
v -12135.030 11264.970 5000.000
v -12096.000 11224.134 5000.000
v -12024.000 11211.229 5000.000
v -11952.000 11258.225 5000.000
v -11923.996 11260.004 5000.000
v -11880.000 11283.748 5000.000
v -11770.039 11269.961 5000.000
v -11736.000 11283.745 5000.000
v -11533.760 11304.000 5000.000
v -11475.474 11376.000 5000.000
v -11479.104 11416.896 5000.000
v -11466.602 11448.000 5000.000
v -11485.506 11482.494 5000.000
v -11490.739 11549.261 5000.000
v -11556.883 11699.117 5000.000
v -11583.900 11744.100 5000.000
v -11698.176 11845.824 5000.000
v -11721.233 11880.000 5000.000
v -11705.474 11910.526 5000.000
v -11748.825 11952.000 5000.000
v -11652.163 12024.000 5000.000
v -11633.003 12096.000 5000.000
v -11650.140 12168.000 5000.000
v -11829.982 12290.018 5000.000
v -11934.748 12329.252 5000.000
v -12039.418 12384.000 5000.000
v -16191.429 12384.000 5000.000
v -16108.520 12331.480 5000.000
v -16075.168 12292.832 5000.000
v -15984.000 12120.195 5000.000
v -15961.249 12118.751 5000.000
v -15916.125 12091.875 5000.000
v -15906.747 12096.000 5000.000
v -15871.555 12280.445 5000.000
v -15876.971 12384.000 5000.000
l 3116 3117 3118 3119 3120 3121 3122 3123 3124 3125 3126 3127 3128 3129 3130 3131 3132 3133 3134 3135 3136 3137 3138 3139 3140 3141 3142 3143 3144 3145 3146 3147 3148 3149 3150 3151 3152 3153 3154 3155 3156 3157 3158 3159 3160 3161 3162 3163 3164 3165 3166 3167 3168 3169 3170 3171 3172 3173 3174 3175 3176 3177 3178 3179 3180 3181 3182 3183 3184 3185 3186 3187 3188 3189 3190 3191 3192 3193 3194 3195 3196 3197 3198 3199 3200 3201 3202 3203 3204 3205 3206 3207 3208 3209 3210 3211 3212 3213 3214 3215 3216 3217 3218 3219 3220 3221 3222 3223 3224 3225 3226 3227 3228 3229 3230 3231 3232 3233 3234 3235 3236 3237 3238 3239 3240 3241 3242 3243 3244 3245 3246 3247 3248 3249 3250 3251 3252 3253 3254 3255 3256 3257 3258 3259 3260 3261 3262 3263 3264 3265 3266 3267 3268 3269 3270 3271 3272 3273 3274 3275 3276 3277 3278 3279 3280 3281 3282 3283 3284 3285 3286 3287 3288 3289 3290 3291 3292 3293 3294 3295 3296 3297 3298 3299 3300 3301 3302 3303 3304 3305 3306 3307 3308 3309 3310 3311 3312 3313 3314 3315 3316 3317 3318 3319 3320 3321 3322 3323 3324 3325 3326 3327 3328 3329 3330 3331 3332 3333 3334 3335 3336 3337 3338 3339 3340 3341 3342 3343 3344 3345 3346 3347 3348 3349 3350 3351 3352 3353 3354 3355 3356 3357 3358 3359 3360 3361 3362 3363 3364 3365 3366 3367 3368 3369 3370 3371 3372 3373 3374 3375 3376 3377 3378 3379 3380 3381 3382 3383 3384 3385 3386 3387 3388 3389 3390 3391 3392 3393 3394 3395 3396 3397 3398 3399 3400 3401 3402 3403 3404 3405 3406 3407 3408 3409 3410 3411 3412 3413 3414 3415 3416 3417 3418 3419 3420 3421 3422 3423 3424 3425 3426 3427 3428 3429 3430 3431 3432 3433 3434 3435 3436 3437 3438 3439 3440 3441 3442 3443 3444 3445 3446 3447 3448 3449 3450
v -17564.002 1587.998 5000.000
v -17490.729 1584.000 5000.000
v -17568.000 1573.074 5000.000
v -17613.654 1512.000 5000.000
v -17640.000 1492.866 5000.000
v -17713.660 1368.000 5000.000
v -17802.502 1296.000 5000.000
v -17826.650 1224.000 5000.000
v -17856.000 1177.896 5000.000
v -18000.000 1036.765 5000.000
v -18000.000 1844.956 5000.000
v -17734.742 1728.000 5000.000
v -17683.979 1684.022 5000.000
v -17636.545 1659.454 5000.000
v -17576.773 1647.226 5000.000
v -17564.002 1587.998 5000.000
l 3451 3452 3453 3454 3455 3456 3457 3458 3459 3460 3461 3462 3463 3464 3465 3466
v -18000.000 10867.775 5000.000
v -17965.658 10834.343 5000.000
v -17926.848 10729.152 5000.000
v -17890.852 10693.148 5000.000
v -17883.113 10628.886 5000.000
v -17836.834 10603.166 5000.000
v -17784.000 10623.267 5000.000
v -17677.344 10618.655 5000.000
v -17352.000 10632.979 5000.000
v -17136.000 10706.618 5000.000
v -17064.000 10712.503 5000.000
v -16992.000 10686.601 5000.000
v -16920.000 10690.324 5000.000
v -16776.000 10717.225 5000.000
v -16719.156 10712.845 5000.000
v -16670.469 10689.530 5000.000
v -16632.000 10688.176 5000.000
v -16560.000 10730.924 5000.000
v -16488.000 10753.307 5000.000
v -16416.000 10706.982 5000.000
v -16369.209 10702.791 5000.000
v -16326.450 10673.550 5000.000
v -16318.176 10656.000 5000.000
v -16344.000 10628.964 5000.000
v -16409.338 10512.000 5000.000
v -16435.760 10420.239 5000.000
v -16376.500 10335.500 5000.000
v -16332.428 10307.572 5000.000
v -16305.358 10224.000 5000.000
v -16344.000 10180.697 5000.000
v -16416.000 10136.919 5000.000
v -16439.611 10080.000 5000.000
v -16396.475 9936.000 5000.000
v -16488.000 9877.796 5000.000
v -16560.000 9816.869 5000.000
v -16632.000 9806.219 5000.000
v -16776.000 9750.404 5000.000
v -16848.000 9743.175 5000.000
v -16889.484 9720.000 5000.000
v -16920.000 9685.655 5000.000
v -16978.723 9576.000 5000.000
v -17039.715 9504.000 5000.000
v -17020.566 9475.435 5000.000
v -16941.170 9410.830 5000.000
v -16859.326 9288.000 5000.000
v -16920.000 9230.510 5000.000
v -16992.000 9184.477 5000.000
v -17064.000 9121.448 5000.000
v -17136.000 9100.969 5000.000
v -17189.625 9072.000 5000.000
v -17185.184 9022.816 5000.000
v -17194.617 9000.000 5000.000
v -17181.242 8954.758 5000.000
v -17123.867 8856.000 5000.000
v -17097.154 8750.846 5000.000
v -17077.516 8712.000 5000.000
v -17160.082 8640.000 5000.000
v -17267.293 8496.000 5000.000
v -17352.000 8454.458 5000.000
v -17424.000 8392.293 5000.000
v -17496.000 8357.832 5000.000
v -17568.000 8343.603 5000.000
v -17640.000 8314.806 5000.000
v -17768.520 8208.000 5000.000
v -17748.898 8171.101 5000.000
v -17741.584 8064.000 5000.000
v -17700.621 7992.000 5000.000
v -17700.561 7920.000 5000.000
v -17768.709 7848.000 5000.000
v -17883.865 7776.000 5000.000
v -17925.086 7704.000 5000.000
v -17907.051 7632.000 5000.000
v -17928.000 7538.906 5000.000
v -18000.000 7484.682 5000.000
v -18000.000 11145.041 5000.000
v -17988.902 11160.000 5000.000
v -17928.000 11190.576 5000.000
v -17773.680 11232.000 5000.000
v -17738.117 11304.000 5000.000
v -17646.533 11376.000 5000.000
v -17568.000 11381.921 5000.000
v -17408.561 11520.000 5000.000
v -17354.740 11592.000 5000.000
v -17318.129 11664.000 5000.000
v -17233.174 11736.000 5000.000
v -17208.000 11743.974 5000.000
v -17064.000 11740.477 5000.000
v -16992.000 11763.883 5000.000
v -16925.055 11808.000 5000.000
v -16897.867 11902.133 5000.000
v -16896.297 11952.000 5000.000
v -16848.000 12002.018 5000.000
v -16776.000 11981.289 5000.000
v -16726.504 12001.495 5000.000
v -16704.000 11996.336 5000.000
v -16649.920 12096.000 5000.000
v -16632.000 12113.185 5000.000
v -16583.166 12072.833 5000.000
v -16488.000 12056.373 5000.000
v -16272.000 12281.677 5000.000
v -16206.822 12384.000 5000.000
l 3467 3468 3469 3470 3471 3472 3473 3474 3475 3476 3477 3478 3479 3480 3481 3482 3483 3484 3485 3486 3487 3488 3489 3490 3491 3492 3493 3494 3495 3496 3497 3498 3499 3500 3501 3502 3503 3504 3505 3506 3507 3508 3509 3510 3511 3512 3513 3514 3515 3516 3517 3518 3519 3520 3521 3522 3523 3524 3525 3526 3527 3528 3529 3530 3531 3532 3533 3534 3535 3536 3537 3538 3539 3540 3541 3542 3543 3544 3545 3546 3547 3548 3549 3550 3551 3552 3553 3554 3555 3556 3557 3558 3559 3560 3561 3562 3563 3564 3565 3566 3567
v -2768.083 8463.917 5000.000
v -2771.088 8496.000 5000.000
v -2902.374 8617.626 5000.000
v -2927.295 8664.705 5000.000
v -2964.087 8699.913 5000.000
v -2977.444 8830.556 5000.000
v -3027.850 8928.000 5000.000
v -3028.186 9000.000 5000.000
v -3040.253 9055.746 5000.000
v -3071.085 9096.915 5000.000
v -3091.268 9144.000 5000.000
v -3136.986 9175.014 5000.000
v -3205.416 9250.584 5000.000
v -3326.037 9417.963 5000.000
v -3422.442 9576.000 5000.000
v -3439.020 9648.000 5000.000
v -3419.474 9720.000 5000.000
v -3473.182 9774.817 5000.000
v -3564.268 9827.731 5000.000
v -3625.196 9936.000 5000.000
v -3632.716 9975.284 5000.000
v -3659.248 10008.000 5000.000
v -3581.958 10224.000 5000.000
v -3528.000 10278.410 5000.000
v -3361.419 10368.000 5000.000
v -3322.127 10440.000 5000.000
v -3344.076 10551.924 5000.000
v -3375.816 10592.184 5000.000
v -3394.348 10645.652 5000.000
v -3395.573 10716.427 5000.000
v -3349.810 10800.000 5000.000
v -3312.000 10902.097 5000.000
v -3240.000 10981.026 5000.000
v -3151.054 11016.000 5000.000
v -3096.000 11059.044 5000.000
v -3024.000 11062.443 5000.000
v -3001.771 11088.000 5000.000
v -2952.000 11116.849 5000.000
v -2880.000 11135.095 5000.000
v -2808.000 11033.089 5000.000
v -2741.504 11088.000 5000.000
v -2710.786 11376.000 5000.000
v -2681.079 11448.000 5000.000
v -2592.000 11581.984 5000.000
v -2520.000 11608.872 5000.000
v -2335.928 11520.000 5000.000
v -2232.000 11485.031 5000.000
v -2160.000 11474.601 5000.000
v -2091.067 11444.933 5000.000
v -2016.000 11398.240 5000.000
v -1943.717 11376.283 5000.000
v -1872.000 11319.907 5000.000
v -1781.836 11322.164 5000.000
v -1755.278 11232.000 5000.000
v -1716.646 11160.000 5000.000
v -1656.000 11121.123 5000.000
v -1620.868 11123.132 5000.000
v -1584.000 11084.239 5000.000
v -1512.000 11057.956 5000.000
v -1464.431 11063.569 5000.000
v -1440.000 11029.683 5000.000
v -1368.000 11070.062 5000.000
v -1359.863 11088.000 5000.000
v -1383.430 11144.570 5000.000
v -1382.736 11232.000 5000.000
v -1352.711 11304.000 5000.000
v -1296.000 11350.794 5000.000
v -1229.107 11376.000 5000.000
v -1152.000 11443.858 5000.000
v -1080.000 11454.322 5000.000
v -1011.076 11520.000 5000.000
v -1046.564 11553.437 5000.000
v -1080.000 11569.226 5000.000
v -1104.283 11567.717 5000.000
v -1110.000 11592.000 5000.000
v -1203.762 11612.237 5000.000
v -1224.000 11626.753 5000.000
v -1270.279 11617.721 5000.000
v -1270.556 11664.000 5000.000
v -1332.678 11699.321 5000.000
v -1336.259 11736.000 5000.000
v -1368.000 11778.270 5000.000
v -1398.785 11777.216 5000.000
v -1414.187 11880.000 5000.000
v -1396.568 11923.432 5000.000
v -1395.351 11952.000 5000.000
v -1408.546 11983.454 5000.000
v -1560.653 12047.347 5000.000
v -1692.744 12131.256 5000.000
v -1813.666 12226.334 5000.000
v -1981.208 12312.000 5000.000
v -2010.625 12384.000 5000.000
v -4916.559 12384.000 5000.000
v -4968.000 12337.968 5000.000
v -5015.794 12240.000 5000.000
v -5072.720 12168.000 5000.000
v -5094.515 12096.000 5000.000
v -5088.003 12047.997 5000.000
v -5065.271 11998.729 5000.000
v -5027.954 11964.046 5000.000
v -4968.000 11966.933 5000.000
v -4916.875 11931.126 5000.000
v -4887.605 11888.396 5000.000
v -4824.000 11831.170 5000.000
v -4786.413 11773.588 5000.000
v -4736.870 11736.000 5000.000
v -4792.433 11623.567 5000.000
v -4857.729 11520.000 5000.000
v -4951.678 11304.000 5000.000
v -5003.822 11232.000 5000.000
v -5030.938 11160.000 5000.000
v -5032.505 11088.000 5000.000
v -5092.268 11016.000 5000.000
v -5136.993 10944.000 5000.000
v -5128.208 10927.792 5000.000
v -5069.750 10914.250 5000.000
v -5043.211 10872.000 5000.000
v -5075.808 10800.000 5000.000
v -5131.614 10728.000 5000.000
v -5135.203 10656.000 5000.000
v -5106.903 10589.097 5000.000
v -5112.000 10563.340 5000.000
v -5134.266 10512.000 5000.000
v -5207.882 10440.000 5000.000
v -5217.910 10406.091 5000.000
v -5209.111 10368.000 5000.000
v -5112.000 10312.583 5000.000
v -5104.478 10296.000 5000.000
v -5187.503 10152.000 5000.000
v -5244.551 10008.000 5000.000
v -5249.324 9936.000 5000.000
v -5232.097 9887.903 5000.000
v -5229.731 9818.269 5000.000
v -5188.968 9792.000 5000.000
v -5127.896 9704.104 5000.000
v -5080.434 9607.566 5000.000
v -5010.886 9504.000 5000.000
v -5004.071 9467.930 5000.000
v -4970.431 9432.000 5000.000
v -4946.706 9381.294 5000.000
v -4896.000 9354.804 5000.000
v -4864.461 9319.539 5000.000
v -4770.611 9269.390 5000.000
v -4713.557 9216.000 5000.000
v -4680.000 9198.609 5000.000
v -4632.801 9191.199 5000.000
v -4602.136 9144.000 5000.000
v -4582.877 9072.000 5000.000
v -4442.162 9021.838 5000.000
v -4454.255 8928.000 5000.000
v -4439.395 8880.605 5000.000
v -4407.941 8856.000 5000.000
v -4374.146 8801.854 5000.000
v -4347.418 8684.582 5000.000
v -4322.336 8637.664 5000.000
v -4281.217 8606.783 5000.000
v -4225.942 8590.058 5000.000
v -4198.794 8545.206 5000.000
v -4143.443 8528.558 5000.000
v -4104.000 8536.398 5000.000
v -4072.898 8527.103 5000.000
v -4024.844 8503.155 5000.000
v -4002.410 8453.590 5000.000
v -3935.932 8448.067 5000.000
v -3915.602 8252.398 5000.000
v -3841.103 8182.897 5000.000
v -3785.701 8166.299 5000.000
v -3754.901 8125.099 5000.000
v -3699.424 7992.000 5000.000
v -3672.000 7862.792 5000.000
v -3627.820 7820.180 5000.000
v -3615.873 7776.000 5000.000
v -3600.000 7759.182 5000.000
v -3553.247 7750.753 5000.000
v -3528.000 7640.439 5000.000
v -3460.174 7627.827 5000.000
v -3456.000 7607.449 5000.000
v -3384.000 7656.691 5000.000
v -3312.000 7645.794 5000.000
v -3243.029 7700.971 5000.000
v -3168.000 7706.533 5000.000
v -3096.000 7776.223 5000.000
v -2952.000 7816.810 5000.000
v -2880.000 7827.703 5000.000
v -2736.000 7808.934 5000.000
v -2674.942 7837.058 5000.000
v -2664.000 7813.543 5000.000
v -2653.666 8002.334 5000.000
v -2660.686 8067.314 5000.000
v -2678.503 8121.497 5000.000
v -2685.114 8258.886 5000.000
v -2689.839 8280.000 5000.000
v -2752.302 8335.698 5000.000
v -2774.041 8385.959 5000.000
v -2782.559 8424.000 5000.000
v -2768.083 8463.917 5000.000
l 3568 3569 3570 3571 3572 3573 3574 3575 3576 3577 3578 3579 3580 3581 3582 3583 3584 3585 3586 3587 3588 3589 3590 3591 3592 3593 3594 3595 3596 3597 3598 3599 3600 3601 3602 3603 3604 3605 3606 3607 3608 3609 3610 3611 3612 3613 3614 3615 3616 3617 3618 3619 3620 3621 3622 3623 3624 3625 3626 3627 3628 3629 3630 3631 3632 3633 3634 3635 3636 3637 3638 3639 3640 3641 3642 3643 3644 3645 3646 3647 3648 3649 3650 3651 3652 3653 3654 3655 3656 3657 3658 3659 3660 3661 3662 3663 3664 3665 3666 3667 3668 3669 3670 3671 3672 3673 3674 3675 3676 3677 3678 3679 3680 3681 3682 3683 3684 3685 3686 3687 3688 3689 3690 3691 3692 3693 3694 3695 3696 3697 3698 3699 3700 3701 3702 3703 3704 3705 3706 3707 3708 3709 3710 3711 3712 3713 3714 3715 3716 3717 3718 3719 3720 3721 3722 3723 3724 3725 3726 3727 3728 3729 3730 3731 3732 3733 3734 3735 3736 3737 3738 3739 3740 3741 3742 3743 3744 3745 3746 3747 3748 3749 3750 3751 3752 3753 3754 3755 3756 3757 3758 3759 3760 3761 3762 3763
v 11664.000 -22156.168 5000.000
v 11728.902 -22111.098 5000.000
v 11702.733 -22176.000 5000.000
v 11664.000 -22193.740 5000.000
v 11650.720 -22189.281 5000.000
v 11664.000 -22156.168 5000.000
l 3764 3765 3766 3767 3768 3769
v 11808.000 -21727.779 5000.000
v 11844.878 -21707.123 5000.000
v 11842.726 -21744.000 5000.000
v 11808.000 -21759.773 5000.000
v 11797.174 -21754.826 5000.000
v 11783.436 -21744.000 5000.000
v 11808.000 -21727.779 5000.000
l 3770 3771 3772 3773 3774 3775 3776
v 12096.000 -21520.387 5000.000
v 12106.174 -21528.000 5000.000
v 12078.192 -21545.809 5000.000
v 12061.345 -21528.000 5000.000
v 12096.000 -21520.387 5000.000
l 3777 3778 3779 3780 3781
v -11952.000 -13531.495 5000.000
v -11952.000 -13555.925 5000.000
v -11955.629 -13539.629 5000.000
v -11967.935 -13536.000 5000.000
v -11952.000 -13531.495 5000.000
l 3782 3783 3784 3785 3786
v -3240.000 -10342.646 5000.000
v -3190.064 -10368.000 5000.000
v -3240.000 -10395.067 5000.000
v -3267.383 -10395.384 5000.000
v -3312.000 -10378.188 5000.000
v -3312.000 -10299.402 5000.000
v -3302.828 -10358.828 5000.000
v -3240.000 -10342.646 5000.000
l 3787 3788 3789 3790 3791 3792 3793 3794
v 792.000 -5434.499 5000.000
v 832.525 -5431.475 5000.000
v 805.751 -5472.000 5000.000
v 757.349 -5506.651 5000.000
v 764.784 -5472.000 5000.000
v 792.000 -5434.499 5000.000
l 3795 3796 3797 3798 3799 3800
v 288.000 -4134.056 5000.000
v 338.675 -4176.000 5000.000
v 309.379 -4248.000 5000.000
v 288.000 -4275.355 5000.000
v 263.827 -4272.173 5000.000
v 274.758 -4248.000 5000.000
v 266.668 -4176.000 5000.000
v 288.000 -4134.056 5000.000
l 3801 3802 3803 3804 3805 3806 3807 3808
v 16632.000 -2699.830 5000.000
v 16644.701 -2736.000 5000.000
v 16632.000 -2742.148 5000.000
v 16616.057 -2736.000 5000.000
v 16632.000 -2699.830 5000.000
l 3809 3810 3811 3812 3813
v 12384.000 3318.961 5000.000
v 12397.203 3312.000 5000.000
v 12384.000 3308.741 5000.000
v 12384.000 3318.961 5000.000
l 3814 3815 3816 3817
v 15213.023 9885.023 5000.000
v 15232.990 9864.000 5000.000
v 15234.811 9834.811 5000.000
v 15264.000 9836.002 5000.000
v 15336.000 9793.104 5000.000
v 15408.000 9806.699 5000.000
v 15417.336 9792.000 5000.000
v 15363.621 9720.000 5000.000
v 15346.355 9648.000 5000.000
v 15347.635 9576.000 5000.000
v 15367.379 9504.000 5000.000
v 15339.562 9432.000 5000.000
v 15264.000 9347.005 5000.000
v 15192.000 9327.433 5000.000
v 15162.493 9330.493 5000.000
v 15165.192 9432.000 5000.000
v 15192.000 9456.301 5000.000
v 15283.172 9504.000 5000.000
v 15322.546 9576.000 5000.000
v 15322.555 9634.555 5000.000
v 15277.611 9661.611 5000.000
v 15264.000 9654.810 5000.000
v 15207.259 9720.000 5000.000
v 15214.259 9742.259 5000.000
v 15192.000 9743.336 5000.000
v 15162.875 9792.000 5000.000
v 15164.658 9836.658 5000.000
v 15133.749 9864.000 5000.000
v 15192.000 9910.939 5000.000
v 15213.023 9885.023 5000.000
l 3818 3819 3820 3821 3822 3823 3824 3825 3826 3827 3828 3829 3830 3831 3832 3833 3834 3835 3836 3837 3838 3839 3840 3841 3842 3843 3844 3845 3846 3847
v 15192.000 10159.729 5000.000
v 15199.078 10152.000 5000.000
v 15192.000 10131.332 5000.000
v 15185.419 10145.419 5000.000
v 15192.000 10159.729 5000.000
l 3848 3849 3850 3851 3852
v -16760.695 -23240.695 5500.000
v -16776.000 -23281.154 5500.000
v -16825.041 -23328.000 5500.000
v -17078.459 -23544.000 5500.000
v -17208.000 -23632.742 5500.000
v -17280.000 -23699.854 5500.000
v -17393.955 -23760.000 5500.000
v -17472.301 -23832.000 5500.000
v -17520.221 -23976.000 5500.000
v -17523.320 -24048.000 5500.000
v -17468.512 -24092.512 5500.000
v -17405.936 -24173.936 5500.000
v -17398.580 -24238.580 5500.000
v -17379.320 -24264.000 5500.000
v -17318.309 -24302.309 5500.000
v -17288.057 -24344.057 5500.000
v -17310.598 -24408.000 5500.000
v -17364.238 -24480.000 5500.000
v -18000.000 -24251.502 5500.000
v -17928.000 -24196.494 5500.000
v -17874.887 -24120.000 5500.000
v -17840.969 -24048.000 5500.000
v -17784.000 -23980.291 5500.000
v -17587.395 -23851.395 5500.000
v -17496.000 -23807.318 5500.000
v -17459.484 -23760.000 5500.000
v -17451.258 -23715.258 5500.000
v -17397.578 -23616.000 5500.000
v -17280.000 -23468.348 5500.000
v -17136.000 -23392.672 5500.000
v -17064.000 -23343.627 5500.000
v -16920.000 -23198.932 5500.000
v -16776.199 -23112.000 5500.000
v -16743.996 -23151.996 5500.000
v -16757.086 -23184.000 5500.000
v -16760.695 -23240.695 5500.000
l 3853 3854 3855 3856 3857 3858 3859 3860 3861 3862 3863 3864 3865 3866 3867 3868 3869 3870 3871 3872 3873 3874 3875 3876 3877 3878 3879 3880 3881 3882 3883 3884 3885 3886 3887 3888
v -3953.324 -24480.000 5500.000
v -3965.736 -24413.736 5500.000
v -3998.562 -24374.562 5500.000
v -4018.473 -24336.000 5500.000
v -4016.140 -24320.141 5500.000
v -4068.073 -24300.074 5500.000
v -4176.000 -24281.887 5500.000
v -4207.932 -24264.000 5500.000
v -4225.615 -24241.615 5500.000
v -4245.823 -24189.822 5500.000
v -4244.917 -24120.000 5500.000
v -4270.228 -24048.000 5500.000
v -4327.282 -23976.000 5500.000
v -4301.076 -23760.000 5500.000
v -4248.000 -23621.604 5500.000
v -4202.109 -23544.000 5500.000
v -4196.692 -23492.691 5500.000
v -4218.021 -23472.000 5500.000
v -4320.000 -23426.492 5500.000
v -4363.314 -23371.314 5500.000
v -4457.437 -23321.436 5500.000
v -4549.792 -23197.791 5500.000
v -4589.060 -23165.059 5500.000
v -4637.055 -23069.055 5500.000
v -4684.159 -23044.160 5500.000
v -4698.617 -22986.617 5500.000
v -4711.742 -22968.000 5500.000
v -4691.062 -22824.000 5500.000
v -4689.939 -22752.000 5500.000
v -4616.364 -22536.000 5500.000
v -4438.604 -22248.000 5500.000
v -4304.521 -22104.000 5500.000
v -4219.516 -22075.516 5500.000
v -4137.745 -22065.744 5500.000
v -3983.895 -22055.895 5500.000
v -3816.000 -22066.158 5500.000
v -3744.302 -22104.303 5500.000
v -3672.000 -22126.168 5500.000
v -3620.727 -22124.727 5500.000
v -3209.472 -22217.473 5500.000
v -3158.738 -22238.738 5500.000
v -3120.695 -22272.695 5500.000
v -3024.000 -22414.250 5500.000
v -2993.009 -22433.010 5500.000
v -2863.778 -22447.777 5500.000
v -2808.000 -22475.377 5500.000
v -2748.291 -22548.291 5500.000
v -2726.353 -22598.354 5500.000
v -2695.388 -22639.389 5500.000
v -2621.882 -22709.883 5500.000
v -2527.735 -22759.734 5500.000
v -2448.000 -22780.211 5500.000
v -2367.426 -22815.426 5500.000
v -2304.000 -22824.609 5500.000
v -2232.000 -22779.049 5500.000
v -2182.052 -22774.053 5500.000
v -2088.000 -22790.543 5500.000
v -1965.004 -22845.004 5500.000
v -1901.830 -22925.830 5500.000
v -1827.890 -22995.891 5500.000
v -1799.535 -23039.535 5500.000
v -1744.909 -23056.908 5500.000
v -1656.000 -23115.348 5500.000
v -1584.000 -23133.840 5500.000
v -1512.000 -23137.564 5500.000
v -1483.299 -23112.000 5500.000
v -1504.036 -23104.037 5500.000
v -1507.896 -23035.896 5500.000
v -1558.508 -23014.508 5500.000
v -1584.000 -22976.723 5500.000
v -1595.411 -22979.410 5500.000
v -1590.745 -22968.000 5500.000
v -1623.651 -22935.650 5500.000
v -1678.000 -22846.000 5500.000
v -1690.406 -22786.406 5500.000
v -1714.999 -22752.000 5500.000
v -1740.041 -22680.000 5500.000
v -1735.085 -22615.086 5500.000
v -1720.908 -22536.000 5500.000
v -1693.707 -22464.000 5500.000
v -1656.000 -22415.336 5500.000
v -1550.365 -22320.000 5500.000
v -1512.000 -22273.805 5500.000
v -1481.317 -22289.318 5500.000
v -1440.000 -22278.137 5500.000
v -1368.000 -22286.738 5500.000
v -1224.000 -22326.410 5500.000
v -1182.398 -22350.398 5500.000
v -1152.607 -22392.000 5500.000
v -1113.518 -22425.518 5500.000
v -1063.216 -22447.217 5500.000
v -936.000 -22577.166 5500.000
v -864.000 -22558.654 5500.000
v -815.131 -22631.131 5500.000
v -720.000 -22707.012 5500.000
v -648.000 -22691.992 5500.000
v -579.222 -22755.223 5500.000
v -508.302 -22756.301 5500.000
v -432.000 -22800.041 5500.000
v -384.908 -22776.908 5500.000
v -360.000 -22792.371 5500.000
v -317.295 -22680.000 5500.000
v -327.626 -22608.000 5500.000
v -308.549 -22536.000 5500.000
v -222.957 -22464.000 5500.000
v -352.083 -22384.082 5500.000
v -432.000 -22366.992 5500.000
v -648.000 -22349.674 5500.000
v -720.000 -22330.117 5500.000
v -792.000 -22323.418 5500.000
v -864.000 -22336.213 5500.000
v -936.000 -22319.979 5500.000
v -1030.570 -22270.570 5500.000
v -1065.760 -22233.760 5500.000
v -1161.700 -22185.699 5500.000
v -1164.932 -22176.000 5500.000
v -1224.000 -22142.145 5500.000
v -1259.772 -22139.771 5500.000
v -1296.000 -22109.246 5500.000
v -1440.000 -22221.949 5500.000
v -1539.371 -22248.000 5500.000
v -1584.000 -22284.686 5500.000
v -1599.638 -22263.639 5500.000
v -1872.000 -22305.732 5500.000
v -2232.000 -22107.094 5500.000
v -2345.617 -22001.617 5500.000
v -2520.000 -21916.475 5500.000
v -2592.000 -21922.605 5500.000
v -2664.000 -21952.660 5500.000
v -2829.477 -21981.477 5500.000
v -2880.000 -21979.750 5500.000
v -3024.000 -21925.723 5500.000
v -3076.092 -21888.000 5500.000
v -3121.178 -21816.000 5500.000
v -3096.000 -21605.498 5500.000
v -3010.910 -21456.000 5500.000
v -2952.000 -21409.727 5500.000
v -2873.447 -21312.000 5500.000
v -2830.825 -21240.000 5500.000
v -2782.809 -21096.000 5500.000
v -2828.092 -21044.092 5500.000
v -2837.784 -20981.785 5500.000
v -2860.353 -20952.000 5500.000
v -2875.552 -20875.553 5500.000
v -2900.431 -20828.432 5500.000
v -2945.167 -20808.000 5500.000
v -3018.228 -20730.227 5500.000
v -3003.924 -20643.924 5500.000
v -2936.495 -20520.000 5500.000
v -3006.864 -20502.863 5500.000
v -3142.582 -20494.582 5500.000
v -3253.469 -20461.469 5500.000
v -3332.458 -20396.457 5500.000
v -3405.517 -20304.000 5500.000
v -3483.725 -20259.725 5500.000
v -3512.520 -20232.000 5500.000
v -3550.488 -20182.488 5500.000
v -3569.878 -20088.000 5500.000
v -3600.000 -20068.283 5500.000
v -3650.587 -20066.588 5500.000
v -3672.000 -20017.004 5500.000
v -3707.763 -20088.000 5500.000
v -3676.365 -20304.000 5500.000
v -3681.785 -20457.785 5500.000
v -3614.158 -20736.000 5500.000
v -3627.042 -20808.000 5500.000
v -3744.000 -20974.672 5500.000
v -3796.013 -21024.000 5500.000
v -4032.000 -21182.773 5500.000
v -4176.000 -21413.842 5500.000
v -4248.000 -21497.555 5500.000
v -4293.063 -21501.062 5500.000
v -4372.039 -21528.000 5500.000
v -4464.000 -21574.844 5500.000
v -4536.000 -21584.281 5500.000
v -4680.000 -21637.350 5500.000
v -4824.000 -21671.682 5500.000
v -5012.859 -21644.859 5500.000
v -5040.000 -21628.986 5500.000
v -5075.716 -21672.000 5500.000
v -5099.192 -21744.000 5500.000
v -5184.000 -21870.750 5500.000
v -5256.000 -21919.078 5500.000
v -5306.059 -21938.059 5500.000
v -5400.000 -21948.516 5500.000
v -5472.000 -21974.879 5500.000
v -5523.568 -22032.000 5500.000
v -5616.000 -22084.258 5500.000
v -5760.000 -22100.557 5500.000
v -5832.000 -22095.277 5500.000
v -5976.000 -22104.688 5500.000
v -6120.000 -22145.799 5500.000
v -6192.000 -22182.926 5500.000
v -6336.000 -22223.055 5500.000
v -6546.568 -22242.568 5500.000
v -6624.000 -22260.236 5500.000
v -6757.909 -22237.910 5500.000
v -6912.000 -22184.475 5500.000
v -6976.163 -22176.000 5500.000
v -7056.000 -22171.820 5500.000
v -7200.000 -22201.867 5500.000
v -7272.000 -22177.875 5500.000
v -7344.000 -22186.652 5500.000
v -7416.000 -22156.621 5500.000
v -7534.935 -22150.936 5500.000
v -7776.000 -22179.932 5500.000
v -7920.000 -22257.922 5500.000
v -8064.000 -22290.500 5500.000
v -8280.000 -22270.041 5500.000
v -8424.000 -22286.648 5500.000
v -8479.116 -22303.117 5500.000
v -8698.560 -22306.559 5500.000
v -8863.370 -22255.369 5500.000
v -8928.000 -22276.365 5500.000
v -8954.705 -22274.705 5500.000
v -9059.969 -22235.969 5500.000
v -9105.476 -22209.477 5500.000
v -9242.483 -22202.482 5500.000
v -9298.979 -22186.979 5500.000
v -9373.339 -22117.340 5500.000
v -9400.466 -22072.467 5500.000
v -9442.369 -22032.000 5500.000
v -9456.576 -21984.576 5500.000
v -9491.847 -21960.000 5500.000
v -9466.048 -21888.000 5500.000
v -9432.000 -21848.283 5500.000
v -9408.644 -21792.643 5500.000
v -9432.000 -21803.967 5500.000
v -9480.711 -21792.711 5500.000
v -9461.460 -21744.000 5500.000
v -9432.000 -21719.090 5500.000
v -9390.598 -21702.598 5500.000
v -9360.000 -21717.994 5500.000
v -9328.145 -21712.145 5500.000
v -9263.352 -21672.000 5500.000
v -9218.075 -21600.000 5500.000
v -9214.209 -21528.000 5500.000
v -9144.000 -21462.213 5500.000
v -9000.000 -21425.781 5500.000
v -8971.612 -21384.000 5500.000
v -8866.832 -21322.832 5500.000
v -8784.000 -21302.664 5500.000
v -8640.000 -21238.223 5500.000
v -8568.000 -21219.051 5500.000
v -8496.000 -21178.143 5500.000
v -8492.149 -21168.000 5500.000
v -8526.312 -21126.312 5500.000
v -8524.017 -21096.000 5500.000
v -8568.000 -21023.898 5500.000
v -8605.694 -20880.000 5500.000
v -8600.942 -20840.943 5500.000
v -8616.156 -20808.000 5500.000
v -8558.584 -20664.000 5500.000
v -8546.854 -20592.000 5500.000
v -8552.847 -20504.848 5500.000
v -8531.626 -20448.000 5500.000
v -8478.471 -20376.000 5500.000
v -8472.317 -20352.316 5500.000
v -8474.507 -20232.000 5500.000
v -8536.209 -20160.000 5500.000
v -8598.580 -20118.580 5500.000
v -8630.317 -20078.318 5500.000
v -8623.246 -19999.246 5500.000
v -8568.000 -19907.371 5500.000
v -8520.715 -19800.000 5500.000
v -8352.000 -19628.658 5500.000
v -8283.612 -19584.000 5500.000
v -8208.000 -19546.064 5500.000
v -8108.787 -19512.000 5500.000
v -8064.000 -19485.084 5500.000
v -7928.262 -19440.000 5500.000
v -7848.000 -19402.111 5500.000
v -7823.153 -19368.000 5500.000
v -7809.000 -19296.000 5500.000
v -7776.000 -19249.561 5500.000
v -7704.000 -19194.627 5500.000
v -7416.000 -19102.500 5500.000
v -7344.000 -19094.559 5500.000
v -7272.000 -19139.238 5500.000
v -7201.584 -19080.000 5500.000
v -7245.938 -19008.000 5500.000
v -7234.128 -18970.129 5500.000
v -7272.000 -18957.154 5500.000
v -7283.153 -18936.000 5500.000
v -7317.994 -18909.994 5500.000
v -7416.000 -18900.703 5500.000
v -7488.000 -18909.887 5500.000
v -7632.000 -18898.137 5500.000
v -7992.000 -18922.350 5500.000
v -8064.655 -18936.654 5500.000
v -8131.733 -18931.732 5500.000
v -8186.038 -18914.037 5500.000
v -8276.697 -18860.697 5500.000
v -8309.201 -18821.201 5500.000
v -8358.934 -18726.934 5500.000
v -8345.674 -18576.000 5500.000
v -8312.609 -18504.000 5500.000
v -8261.548 -18269.549 5500.000
v -8280.000 -18224.275 5500.000
v -8289.685 -18288.000 5500.000
v -8424.560 -18360.000 5500.000
v -8496.000 -18427.410 5500.000
v -8541.050 -18504.000 5500.000
v -8568.000 -18527.301 5500.000
v -8640.000 -18555.188 5500.000
v -8666.073 -18576.000 5500.000
v -8659.011 -18595.012 5500.000
v -8662.303 -18720.000 5500.000
v -8691.740 -18792.000 5500.000
v -8870.504 -18936.000 5500.000
v -8928.000 -19006.764 5500.000
v -9000.000 -19062.818 5500.000
v -9144.000 -19129.980 5500.000
v -9216.000 -19144.992 5500.000
v -9288.000 -19140.836 5500.000
v -9360.000 -19199.922 5500.000
v -9446.113 -19296.000 5500.000
v -9504.000 -19331.297 5500.000
v -9648.000 -19388.039 5500.000
v -9744.377 -19392.377 5500.000
v -9803.227 -19379.227 5500.000
v -9856.078 -19360.078 5500.000
v -9889.577 -19321.578 5500.000
v -9934.553 -19294.553 5500.000
v -10008.000 -19331.332 5500.000
v -10080.000 -19327.463 5500.000
v -10102.722 -19318.721 5500.000
v -10152.000 -19274.742 5500.000
v -10296.562 -19368.000 5500.000
v -10367.177 -19440.000 5500.000
v -10412.055 -19512.000 5500.000
v -10395.877 -19539.877 5500.000
v -10386.979 -19584.000 5500.000
v -10439.093 -19656.000 5500.000
v -10444.175 -19728.000 5500.000
v -10402.599 -19834.600 5500.000
v -10400.615 -19872.000 5500.000
v -10469.122 -20160.000 5500.000
v -10512.000 -20216.758 5500.000
v -10584.000 -20278.205 5500.000
v -10656.000 -20290.092 5500.000
v -10764.991 -20268.990 5500.000
v -10872.000 -20276.650 5500.000
v -10900.813 -20260.812 5500.000
v -11016.000 -20232.463 5500.000
v -11160.000 -20162.602 5500.000
v -11232.000 -20147.605 5500.000
v -11304.000 -20187.338 5500.000
v -11448.000 -20244.984 5500.000
v -11487.385 -20304.000 5500.000
v -11505.469 -20376.000 5500.000
v -11520.000 -20397.410 5500.000
v -11592.000 -20437.342 5500.000
v -11736.000 -20445.150 5500.000
v -11919.518 -20415.518 5500.000
v -11952.000 -20380.553 5500.000
v -12012.313 -20364.312 5500.000
v -12096.000 -20305.797 5500.000
v -12117.888 -20253.889 5500.000
v -12312.000 -20205.285 5500.000
v -12384.000 -20226.623 5500.000
v -12456.000 -20279.088 5500.000
v -12528.000 -20313.229 5500.000
v -12600.000 -20371.982 5500.000
v -12672.000 -20448.846 5500.000
v -12781.234 -20592.000 5500.000
v -12760.235 -20664.000 5500.000
v -12679.611 -20743.611 5500.000
v -12600.000 -20759.459 5500.000
v -12461.073 -20813.072 5500.000
v -12415.610 -20839.609 5500.000
v -12379.451 -20875.451 5500.000
v -12361.040 -20952.000 5500.000
v -12374.292 -21096.000 5500.000
v -12321.703 -21105.703 5500.000
v -12272.436 -21096.000 5500.000
v -12168.000 -21039.000 5500.000
v -12096.000 -20982.146 5500.000
v -12024.000 -20951.406 5500.000
v -11954.527 -20954.527 5500.000
v -11880.000 -20943.273 5500.000
v -11671.979 -20959.980 5500.000
v -11635.579 -20995.580 5500.000
v -11521.215 -21025.215 5500.000
v -11476.208 -21096.000 5500.000
v -11528.910 -21168.000 5500.000
v -11473.180 -21193.180 5500.000
v -11435.231 -21227.232 5500.000
v -11416.593 -21280.592 5500.000
v -11414.695 -21350.695 5500.000
v -11431.461 -21456.000 5500.000
v -11418.550 -21498.549 5500.000
v -11384.362 -21536.361 5500.000
v -11364.305 -21588.305 5500.000
v -11376.958 -21672.957 5500.000
v -11356.916 -21744.000 5500.000
v -11359.522 -21799.523 5500.000
v -11361.416 -21816.000 5500.000
v -11448.000 -21927.557 5500.000
v -11598.971 -22104.000 5500.000
v -11674.623 -22176.000 5500.000
v -11683.751 -22248.000 5500.000
v -11709.131 -22320.000 5500.000
v -11700.199 -22356.199 5500.000
v -11702.937 -22464.000 5500.000
v -11808.000 -22533.510 5500.000
v -11899.195 -22608.000 5500.000
v -12024.000 -22632.938 5500.000
v -12096.000 -22665.002 5500.000
v -12168.000 -22672.918 5500.000
v -12240.000 -22664.828 5500.000
v -12290.838 -22680.000 5500.000
v -12528.000 -22878.283 5500.000
v -12616.347 -22896.000 5500.000
v -12672.000 -22919.885 5500.000
v -12888.000 -23129.545 5500.000
v -12970.911 -23266.910 5500.000
v -12992.354 -23360.354 5500.000
v -12989.294 -23400.000 5500.000
v -12925.630 -23437.631 5500.000
v -12892.337 -23476.336 5500.000
v -12870.950 -23544.000 5500.000
v -12873.318 -23601.318 5500.000
v -12806.886 -23678.887 5500.000
v -12762.292 -23778.293 5500.000
v -12587.653 -23819.652 5500.000
v -12456.000 -23887.824 5500.000
v -12384.000 -23906.012 5500.000
v -12341.673 -23933.672 5500.000
v -12226.978 -23962.979 5500.000
v -12134.189 -24014.189 5500.000
v -12096.000 -24047.109 5500.000
v -12042.487 -24066.486 5500.000
v -11983.352 -24120.000 5500.000
v -11942.050 -24192.000 5500.000
v -11992.578 -24304.578 5500.000
v -12108.313 -24480.000 5500.000
v -4879.784 -24480.000 5500.000
v -4815.886 -24408.000 5500.000
v -4807.361 -24264.000 5500.000
v -4827.376 -24192.000 5500.000
v -4895.608 -24119.607 5500.000
v -4945.915 -24097.914 5500.000
v -5130.827 -24066.826 5500.000
v -5138.223 -24048.000 5500.000
v -5082.019 -23976.000 5500.000
v -5040.000 -23944.795 5500.000
v -4894.957 -23760.000 5500.000
v -4844.007 -23616.000 5500.000
v -4813.286 -23472.000 5500.000
v -4812.638 -23400.000 5500.000
v -4836.291 -23328.000 5500.000
v -4868.323 -23256.000 5500.000
v -4971.752 -23115.752 5500.000
v -5060.559 -23040.000 5500.000
v -5272.483 -22912.482 5500.000
v -5336.668 -22904.668 5500.000
v -5544.000 -22841.289 5500.000
v -5627.235 -22835.236 5500.000
v -5808.093 -22800.094 5500.000
v -5904.000 -22799.342 5500.000
v -6089.611 -22865.611 5500.000
v -6176.607 -22880.607 5500.000
v -6220.759 -22852.758 5500.000
v -6336.000 -22700.094 5500.000
v -6397.315 -22669.316 5500.000
v -6550.384 -22534.385 5500.000
v -6624.000 -22506.346 5500.000
v -6824.005 -22520.006 5500.000
v -6917.030 -22541.031 5500.000
v -7010.927 -22608.000 5500.000
v -7128.000 -22764.367 5500.000
v -7200.000 -22835.434 5500.000
v -7272.000 -22884.939 5500.000
v -7344.000 -22891.086 5500.000
v -7399.514 -22879.514 5500.000
v -7560.000 -22825.139 5500.000
v -7656.200 -22776.201 5500.000
v -7704.000 -22787.342 5500.000
v -7892.645 -22868.645 5500.000
v -7920.000 -22871.758 5500.000
v -7998.298 -22830.299 5500.000
v -8071.353 -22831.352 5500.000
v -8208.000 -22812.949 5500.000
v -8352.000 -22806.246 5500.000
v -8424.000 -22840.150 5500.000
v -8528.337 -22968.000 5500.000
v -8610.005 -23040.000 5500.000
v -8735.228 -23112.000 5500.000
v -8786.098 -23184.000 5500.000
v -8791.095 -23256.000 5500.000
v -8775.540 -23328.000 5500.000
v -8845.065 -23400.000 5500.000
v -8883.730 -23472.000 5500.000
v -8837.812 -23544.000 5500.000
v -8810.053 -23570.053 5500.000
v -8784.000 -23651.061 5500.000
v -8784.000 -23703.777 5500.000
v -8827.666 -23760.000 5500.000
v -8837.266 -23832.000 5500.000
v -8819.814 -23867.814 5500.000
v -8750.288 -23942.289 5500.000
v -8707.159 -24043.158 5500.000
v -8667.169 -24075.168 5500.000
v -8640.000 -24123.145 5500.000
v -8558.976 -24182.975 5500.000
v -8496.000 -24248.178 5500.000
v -8422.744 -24262.744 5500.000
v -8374.789 -24286.789 5500.000
v -8280.000 -24368.518 5500.000
v -8250.899 -24408.000 5500.000
v -8308.447 -24480.000 5500.000
l 3889 3890 3891 3892 3893 3894 3895 3896 3897 3898 3899 3900 3901 3902 3903 3904 3905 3906 3907 3908 3909 3910 3911 3912 3913 3914 3915 3916 3917 3918 3919 3920 3921 3922 3923 3924 3925 3926 3927 3928 3929 3930 3931 3932 3933 3934 3935 3936 3937 3938 3939 3940 3941 3942 3943 3944 3945 3946 3947 3948 3949 3950 3951 3952 3953 3954 3955 3956 3957 3958 3959 3960 3961 3962 3963 3964 3965 3966 3967 3968 3969 3970 3971 3972 3973 3974 3975 3976 3977 3978 3979 3980 3981 3982 3983 3984 3985 3986 3987 3988 3989 3990 3991 3992 3993 3994 3995 3996 3997 3998 3999 4000 4001 4002 4003 4004 4005 4006 4007 4008 4009 4010 4011 4012 4013 4014 4015 4016 4017 4018 4019 4020 4021 4022 4023 4024 4025 4026 4027 4028 4029 4030 4031 4032 4033 4034 4035 4036 4037 4038 4039 4040 4041 4042 4043 4044 4045 4046 4047 4048 4049 4050 4051 4052 4053 4054 4055 4056 4057 4058 4059 4060 4061 4062 4063 4064 4065 4066 4067 4068 4069 4070 4071 4072 4073 4074 4075 4076 4077 4078 4079 4080 4081 4082 4083 4084 4085 4086 4087 4088 4089 4090 4091 4092 4093 4094 4095 4096 4097 4098 4099 4100 4101 4102 4103 4104 4105 4106 4107 4108 4109 4110 4111 4112 4113 4114 4115 4116 4117 4118 4119 4120 4121 4122 4123 4124 4125 4126 4127 4128 4129 4130 4131 4132 4133 4134 4135 4136 4137 4138 4139 4140 4141 4142 4143 4144 4145 4146 4147 4148 4149 4150 4151 4152 4153 4154 4155 4156 4157 4158 4159 4160 4161 4162 4163 4164 4165 4166 4167 4168 4169 4170 4171 4172 4173 4174 4175 4176 4177 4178 4179 4180 4181 4182 4183 4184 4185 4186 4187 4188 4189 4190 4191 4192 4193 4194 4195 4196 4197 4198 4199 4200 4201 4202 4203 4204 4205 4206 4207 4208 4209 4210 4211 4212 4213 4214 4215 4216 4217 4218 4219 4220 4221 4222 4223 4224 4225 4226 4227 4228 4229 4230 4231 4232 4233 4234 4235 4236 4237 4238 4239 4240 4241 4242 4243 4244 4245 4246 4247 4248 4249 4250 4251 4252 4253 4254 4255 4256 4257 4258 4259 4260 4261 4262 4263 4264 4265 4266 4267 4268 4269 4270 4271 4272 4273 4274 4275 4276 4277 4278 4279 4280 4281 4282 4283 4284 4285 4286 4287 4288 4289 4290 4291 4292 4293 4294 4295 4296 4297 4298 4299 4300 4301 4302 4303 4304 4305 4306 4307 4308 4309 4310 4311 4312 4313 4314 4315 4316 4317 4318 4319 4320 4321 4322 4323 4324 4325 4326 4327 4328 4329 4330 4331 4332 4333 4334 4335 4336 4337 4338 4339 4340 4341 4342 4343 4344 4345 4346 4347 4348 4349 4350 4351 4352 4353 4354 4355 4356 4357 4358 4359 4360 4361 4362 4363 4364 4365 4366 4367 4368 4369 4370 4371 4372 4373 4374 4375 4376 4377 4378 4379 4380 4381 4382 4383 4384 4385 4386 4387 4388 4389 4390 4391 4392 4393 4394 4395 4396 4397 4398 4399 4400
v 6289.025 -24480.000 5500.000
v 6360.862 -24408.000 5500.000
v 6393.956 -24350.043 5500.000
v 6407.340 -24264.000 5500.000
v 6400.938 -24192.000 5500.000
v 6389.608 -24138.393 5500.000
v 6192.000 -24006.600 5500.000
v 6120.000 -24009.471 5500.000
v 6083.775 -24048.000 5500.000
v 6042.597 -24120.000 5500.000
v 5904.000 -24245.605 5500.000
v 5867.001 -24264.000 5500.000
v 5688.000 -24336.000 5500.000
v 5590.329 -24361.672 5500.000
v 5521.638 -24358.361 5500.000
v 5492.182 -24336.000 5500.000
v 5477.288 -24264.000 5500.000
v 5477.842 -24192.000 5500.000
v 5451.103 -24140.896 5500.000
v 5454.722 -24120.000 5500.000
v 5438.982 -24081.018 5500.000
v 5439.943 -24048.000 5500.000
v 5404.967 -23971.033 5500.000
v 5348.513 -23883.486 5500.000
v 5333.840 -23826.160 5500.000
v 5305.046 -23782.953 5500.000
v 5267.027 -23760.000 5500.000
v 5254.465 -23689.535 5500.000
v 5302.816 -23616.000 5500.000
v 5306.154 -23565.846 5500.000
v 5282.111 -23517.889 5500.000
v 5277.820 -23472.000 5500.000
v 5288.837 -23400.000 5500.000
v 5322.541 -23328.000 5500.000
v 5341.099 -23256.000 5500.000
v 5313.768 -23198.232 5500.000
v 5286.027 -23040.000 5500.000
v 5297.414 -22998.586 5500.000
v 5288.598 -22968.000 5500.000
v 5304.933 -22896.000 5500.000
v 5281.290 -22870.711 5500.000
v 5256.000 -22861.771 5500.000
v 5201.694 -22878.307 5500.000
v 5112.000 -22924.961 5500.000
v 4968.000 -22926.066 5500.000
v 4825.682 -22966.318 5500.000
v 4680.000 -22985.393 5500.000
v 4608.000 -22974.057 5500.000
v 4555.760 -22876.240 5500.000
v 4474.869 -22813.131 5500.000
v 4429.979 -22786.021 5500.000
v 4259.264 -22740.736 5500.000
v 4104.000 -22593.404 5500.000
v 4032.000 -22556.293 5500.000
v 3960.000 -22550.650 5500.000
v 3932.059 -22536.000 5500.000
v 3883.078 -22464.000 5500.000
v 3861.449 -22346.551 5500.000
v 3819.001 -22244.998 5500.000
v 3794.198 -22104.000 5500.000
v 3816.000 -22048.102 5500.000
v 3888.000 -22010.471 5500.000
v 3930.240 -21960.000 5500.000
v 3972.262 -21888.000 5500.000
v 3988.508 -21816.000 5500.000
v 3978.446 -21797.555 5500.000
v 3936.639 -21767.361 5500.000
v 3876.865 -21755.135 5500.000
v 3772.974 -21715.027 5500.000
v 3732.874 -21683.127 5500.000
v 3698.346 -21645.654 5500.000
v 3676.842 -21595.158 5500.000
v 3631.754 -21568.246 5500.000
v 3561.066 -21494.934 5500.000
v 3553.681 -21456.000 5500.000
v 3501.160 -21338.840 5500.000
v 3470.496 -21297.504 5500.000
v 3428.914 -21267.086 5500.000
v 3312.000 -21218.697 5500.000
v 3252.721 -21227.279 5500.000
v 3240.000 -21197.682 5500.000
v 3188.515 -21384.000 5500.000
v 3193.336 -21430.664 5500.000
v 3254.387 -21528.000 5500.000
v 3264.304 -21575.695 5500.000
v 3263.549 -21600.000 5500.000
v 3225.132 -21672.000 5500.000
v 3223.147 -21744.000 5500.000
v 3233.177 -21816.000 5500.000
v 3267.101 -21888.000 5500.000
v 3268.473 -21960.000 5500.000
v 3239.969 -22032.000 5500.000
v 3092.236 -22251.764 5500.000
v 3093.503 -22320.000 5500.000
v 3132.375 -22355.625 5500.000
v 3154.665 -22405.336 5500.000
v 3120.665 -22608.000 5500.000
v 3131.941 -22680.000 5500.000
v 3101.174 -22752.000 5500.000
v 3042.350 -22824.000 5500.000
v 3052.325 -22867.676 5500.000
v 3085.997 -22906.004 5500.000
v 3146.269 -22917.730 5500.000
v 3193.949 -22942.051 5500.000
v 3213.836 -22968.000 5500.000
v 3225.028 -23054.973 5500.000
v 3262.516 -23089.484 5500.000
v 3322.735 -23101.266 5500.000
v 3356.614 -23139.387 5500.000
v 3374.884 -23193.115 5500.000
v 3457.765 -23256.000 5500.000
v 3465.063 -23318.938 5500.000
v 3489.789 -23366.211 5500.000
v 3528.810 -23399.189 5500.000
v 3578.282 -23421.719 5500.000
v 3641.524 -23430.477 5500.000
v 3684.967 -23459.033 5500.000
v 3738.290 -23477.711 5500.000
v 3772.221 -23515.779 5500.000
v 3855.158 -23576.842 5500.000
v 3892.460 -23616.000 5500.000
v 3925.107 -23688.000 5500.000
v 3941.037 -23760.000 5500.000
v 3922.112 -23832.000 5500.000
v 3874.375 -23904.000 5500.000
v 3816.000 -23945.385 5500.000
v 3672.000 -23999.088 5500.000
v 3596.195 -24048.000 5500.000
v 3528.000 -24076.846 5500.000
v 3384.000 -24109.248 5500.000
v 3312.000 -24100.621 5500.000
v 3060.441 -24011.559 5500.000
v 3034.074 -23976.000 5500.000
v 2981.902 -23946.098 5500.000
v 2952.000 -23912.213 5500.000
v 2943.253 -23912.748 5500.000
v 2944.018 -23904.000 5500.000
v 2880.000 -23854.873 5500.000
v 2857.818 -23854.182 5500.000
v 2854.028 -23832.000 5500.000
v 2736.000 -23780.131 5500.000
v 2708.056 -23787.943 5500.000
v 2664.000 -23760.516 5500.000
v 2553.408 -23904.000 5500.000
v 2556.863 -23939.137 5500.000
v 2592.000 -23939.410 5500.000
v 2736.000 -23995.172 5500.000
v 2811.403 -24044.598 5500.000
v 2880.487 -24119.512 5500.000
v 2914.906 -24192.000 5500.000
v 2919.205 -24224.795 5500.000
v 2905.259 -24408.000 5500.000
v 2910.998 -24480.000 5500.000
v 11104.189 -24480.000 5500.000
v 11171.671 -24396.328 5500.000
v 11203.290 -24336.000 5500.000
v 11304.000 -24273.375 5500.000
v 11520.000 -24274.711 5500.000
v 11542.292 -24264.000 5500.000
v 11592.000 -24171.080 5500.000
v 11629.819 -24010.180 5500.000
v 11621.762 -23904.000 5500.000
v 11581.685 -23760.000 5500.000
v 11582.684 -23688.000 5500.000
v 11664.000 -23661.195 5500.000
v 11747.837 -23616.000 5500.000
v 11788.423 -23544.000 5500.000
v 11808.000 -23460.787 5500.000
v 11858.414 -23400.000 5500.000
v 11952.000 -23379.453 5500.000
v 12096.000 -23370.375 5500.000
v 12152.292 -23328.000 5500.000
v 12159.267 -23256.000 5500.000
v 12240.000 -23158.943 5500.000
v 12312.000 -23137.488 5500.000
v 12456.000 -23171.471 5500.000
v 12537.045 -23102.955 5500.000
v 12613.435 -23098.564 5500.000
v 12732.952 -23123.049 5500.000
v 12816.000 -23109.236 5500.000
v 12966.143 -23040.000 5500.000
v 13104.000 -22963.266 5500.000
v 13200.882 -23015.117 5500.000
v 13227.814 -23040.000 5500.000
v 13257.861 -23102.139 5500.000
v 13320.000 -23096.555 5500.000
v 13503.096 -23144.904 5500.000
v 13550.549 -23169.451 5500.000
v 13608.000 -23228.514 5500.000
v 13684.331 -23251.668 5500.000
v 13726.349 -23281.650 5500.000
v 13763.535 -23328.000 5500.000
v 13850.708 -23373.293 5500.000
v 13910.755 -23385.244 5500.000
v 13954.404 -23413.596 5500.000
v 14112.000 -23383.387 5500.000
v 14229.627 -23328.000 5500.000
v 14328.000 -23265.676 5500.000
v 14416.767 -23184.000 5500.000
v 14568.102 -23159.898 5500.000
v 14616.000 -23164.748 5500.000
v 14623.993 -23176.006 5500.000
v 14690.485 -23181.514 5500.000
v 14794.884 -23293.115 5500.000
v 14838.814 -23321.186 5500.000
v 14869.057 -23362.943 5500.000
v 15023.771 -23424.230 5500.000
v 15120.000 -23498.217 5500.000
v 15192.000 -23531.436 5500.000
v 15264.000 -23559.047 5500.000
v 15313.750 -23566.250 5500.000
v 15408.000 -23521.389 5500.000
v 15506.785 -23517.215 5500.000
v 15624.000 -23610.971 5500.000
v 15768.000 -23690.879 5500.000
v 15848.265 -23679.736 5500.000
v 16056.000 -23750.586 5500.000
v 16128.000 -23726.000 5500.000
v 16344.000 -23623.828 5500.000
v 16391.350 -23640.650 5500.000
v 16432.195 -23671.805 5500.000
v 16460.795 -23715.205 5500.000
v 16482.564 -23837.436 5500.000
v 16518.508 -23873.492 5500.000
v 16529.615 -23904.000 5500.000
v 16528.461 -23935.539 5500.000
v 16560.000 -24001.771 5500.000
v 16632.000 -24086.398 5500.000
v 16655.500 -24096.500 5500.000
v 16661.779 -24120.000 5500.000
v 16688.449 -24135.551 5500.000
v 16704.000 -24158.209 5500.000
v 16763.865 -24132.135 5500.000
v 16776.000 -24137.277 5500.000
v 16803.248 -24120.000 5500.000
v 16920.000 -23993.965 5500.000
v 16992.000 -23964.895 5500.000
v 17064.000 -23955.086 5500.000
v 17136.000 -23977.715 5500.000
v 17208.000 -24025.855 5500.000
v 17280.000 -24114.695 5500.000
v 17323.227 -24148.773 5500.000
v 17424.000 -24171.312 5500.000
v 17496.000 -24124.816 5500.000
v 17572.605 -24048.000 5500.000
v 17640.000 -24010.291 5500.000
v 17712.000 -23984.902 5500.000
v 17856.000 -23965.223 5500.000
v 17928.000 -23918.148 5500.000
v 18000.000 -23912.455 5500.000
v 18072.000 -23922.021 5500.000
v 18199.223 -23920.777 5500.000
v 18282.980 -23904.000 5500.000
v 18324.426 -23832.000 5500.000
v 18339.914 -23708.086 5500.000
v 18366.354 -23616.000 5500.000
v 18400.010 -23544.000 5500.000
v 18451.633 -23472.000 5500.000
v 18576.000 -23356.738 5500.000
v 18648.000 -23333.486 5500.000
v 18668.631 -23256.000 5500.000
v 18670.578 -23161.422 5500.000
v 18648.000 -23101.424 5500.000
v 18617.471 -23070.529 5500.000
v 18441.857 -22968.000 5500.000
v 18375.965 -22896.000 5500.000
v 18345.582 -22824.000 5500.000
v 18356.646 -22680.000 5500.000
v 18339.082 -22484.918 5500.000
v 18305.334 -22446.666 5500.000
v 18190.029 -22417.971 5500.000
v 18152.631 -22383.369 5500.000
v 18072.000 -22340.824 5500.000
v 17858.912 -22317.088 5500.000
v 17640.000 -22355.518 5500.000
v 17496.000 -22333.762 5500.000
v 17424.000 -22302.928 5500.000
v 17399.715 -22272.285 5500.000
v 17242.139 -22213.861 5500.000
v 17208.000 -22184.453 5500.000
v 17150.967 -22161.033 5500.000
v 17125.084 -22114.916 5500.000
v 17077.238 -22090.762 5500.000
v 16992.000 -22099.703 5500.000
v 16876.164 -22032.000 5500.000
v 16864.605 -21960.000 5500.000
v 16832.338 -21888.000 5500.000
v 16831.074 -21816.000 5500.000
v 16844.459 -21747.541 5500.000
v 16812.076 -21707.924 5500.000
v 16731.816 -21672.000 5500.000
v 16628.875 -21603.125 5500.000
v 16580.277 -21579.723 5500.000
v 16560.000 -21584.285 5500.000
v 16516.766 -21571.234 5500.000
v 16368.200 -21575.799 5500.000
v 16200.000 -21603.096 5500.000
v 16067.501 -21588.500 5500.000
v 16008.508 -21575.492 5500.000
v 15972.435 -21539.566 5500.000
v 15927.252 -21512.748 5500.000
v 15850.756 -21517.244 5500.000
v 15811.016 -21484.984 5500.000
v 15747.898 -21476.102 5500.000
v 15704.328 -21447.672 5500.000
v 15516.788 -21419.213 5500.000
v 15480.000 -21399.457 5500.000
v 15408.000 -21411.598 5500.000
v 15336.000 -21302.344 5500.000
v 15293.922 -21282.078 5500.000
v 15213.012 -21290.988 5500.000
v 15161.488 -21270.512 5500.000
v 15120.000 -21201.516 5500.000
v 15032.294 -21111.707 5500.000
v 14942.455 -21057.545 5500.000
v 14904.000 -21011.760 5500.000
v 14859.569 -20996.432 5500.000
v 14794.445 -20989.555 5500.000
v 14742.437 -20969.562 5500.000
v 14713.964 -20880.000 5500.000
v 14636.034 -20808.000 5500.000
v 14616.657 -20736.000 5500.000
v 14610.383 -20664.000 5500.000
v 14648.594 -20592.000 5500.000
v 14637.420 -20498.580 5500.000
v 14603.479 -20448.000 5500.000
v 14617.241 -20374.760 5500.000
v 14608.272 -20304.000 5500.000
v 14575.083 -20272.918 5500.000
v 14477.288 -20226.713 5500.000
v 14438.333 -20193.666 5500.000
v 14407.946 -20152.055 5500.000
v 14399.761 -20088.000 5500.000
v 14353.937 -19990.062 5500.000
v 14344.122 -19944.000 5500.000
v 14328.000 -19908.547 5500.000
v 14276.573 -19851.428 5500.000
v 14188.911 -19656.000 5500.000
v 14181.274 -19584.000 5500.000
v 14150.739 -19545.262 5500.000
v 14105.226 -19512.000 5500.000
v 13974.378 -19440.000 5500.000
v 13939.999 -19396.002 5500.000
v 13928.982 -19368.000 5500.000
v 13967.971 -19224.000 5500.000
v 13927.639 -19192.361 5500.000
v 13897.921 -19150.078 5500.000
v 13809.395 -19094.605 5500.000
v 13774.243 -19057.758 5500.000
v 13741.500 -19018.500 5500.000
v 13695.994 -18920.006 5500.000
v 13620.446 -18851.553 5500.000
v 13536.000 -18721.553 5500.000
v 13464.000 -18767.152 5500.000
v 13392.000 -18830.701 5500.000
v 13320.000 -18968.498 5500.000
v 13297.209 -18958.791 5500.000
v 13248.000 -18963.555 5500.000
v 13176.000 -19073.027 5500.000
v 13104.000 -19063.936 5500.000
v 13032.000 -19094.871 5500.000
v 12960.000 -19063.764 5500.000
v 12947.999 -19080.000 5500.000
v 12842.890 -19125.111 5500.000
v 12816.000 -19102.723 5500.000
v 12758.671 -19281.328 5500.000
v 12760.272 -19368.000 5500.000
v 12795.784 -19460.215 5500.000
v 12815.829 -19584.172 5500.000
v 12842.289 -19629.711 5500.000
v 12845.615 -19698.385 5500.000
v 12829.804 -19872.000 5500.000
v 12859.710 -20016.000 5500.000
v 12910.897 -20137.104 5500.000
v 12906.374 -20232.000 5500.000
v 12888.000 -20270.844 5500.000
v 12744.000 -20264.320 5500.000
v 12693.507 -20304.000 5500.000
v 12695.888 -20352.111 5500.000
v 12672.000 -20405.674 5500.000
v 12528.000 -20564.912 5500.000
v 12503.561 -20520.000 5500.000
v 12488.690 -20415.311 5500.000
v 12459.354 -20372.646 5500.000
v 12240.000 -20371.547 5500.000
v 12168.000 -20410.002 5500.000
v 12122.064 -20421.936 5500.000
v 11952.000 -20429.125 5500.000
v 11880.000 -20408.277 5500.000
v 11736.000 -20412.455 5500.000
v 11647.026 -20392.975 5500.000
v 11520.000 -20334.234 5500.000
v 11234.659 -20301.340 5500.000
v 11192.512 -20271.488 5500.000
v 11135.206 -20256.793 5500.000
v 11088.000 -20258.752 5500.000
v 11016.000 -20277.768 5500.000
v 10944.000 -20268.385 5500.000
v 10864.306 -20304.000 5500.000
v 10829.751 -20376.000 5500.000
v 10800.000 -20401.996 5500.000
v 10728.000 -20519.047 5500.000
v 10656.000 -20533.396 5500.000
v 10368.000 -20693.221 5500.000
v 10296.000 -20702.434 5500.000
v 10080.000 -20815.471 5500.000
v 10012.616 -20880.000 5500.000
v 10003.319 -20952.000 5500.000
v 10009.772 -21024.000 5500.000
v 9940.755 -21168.000 5500.000
v 9859.879 -21244.121 5500.000
v 9792.000 -21272.828 5500.000
v 9757.572 -21274.428 5500.000
v 9673.832 -21214.168 5500.000
v 9612.407 -21131.594 5500.000
v 9560.486 -21111.514 5500.000
v 9533.995 -21066.004 5500.000
v 9453.483 -21002.516 5500.000
v 9382.294 -20929.705 5500.000
v 9324.870 -20915.129 5500.000
v 9216.000 -20824.455 5500.000
v 9147.624 -20804.377 5500.000
v 9193.425 -20736.000 5500.000
v 9213.863 -20664.000 5500.000
v 9281.517 -20592.000 5500.000
v 9312.778 -20448.000 5500.000
v 9432.000 -20323.500 5500.000
v 9501.860 -20232.000 5500.000
v 9534.068 -20160.000 5500.000
v 9542.092 -20088.000 5500.000
v 9535.863 -20016.000 5500.000
v 9575.014 -19944.000 5500.000
v 9634.554 -19728.000 5500.000
v 9693.029 -19656.000 5500.000
v 9728.378 -19584.000 5500.000
v 9725.747 -19512.000 5500.000
v 9699.118 -19388.881 5500.000
v 9648.000 -19324.369 5500.000
v 9626.305 -19317.695 5500.000
v 9504.000 -19335.768 5500.000
v 9414.949 -19385.051 5500.000
v 9288.000 -19474.316 5500.000
v 9184.926 -19584.000 5500.000
v 9000.000 -19756.842 5500.000
v 8928.000 -19766.582 5500.000
v 8784.000 -19867.342 5500.000
v 8742.279 -19944.000 5500.000
v 8640.000 -20024.582 5500.000
v 8568.000 -20040.223 5500.000
v 8496.000 -20091.016 5500.000
v 8424.000 -20123.988 5500.000
v 8352.000 -20120.328 5500.000
v 8275.312 -20160.000 5500.000
v 8227.177 -20232.000 5500.000
v 8208.000 -20243.314 5500.000
v 8199.909 -20240.092 5500.000
v 8190.837 -20177.162 5500.000
v 8169.974 -20160.000 5500.000
v 8139.726 -20088.000 5500.000
v 8092.791 -20059.209 5500.000
v 8022.279 -19985.721 5500.000
v 7992.000 -19978.648 5500.000
v 7930.478 -20005.521 5500.000
v 7926.522 -19944.000 5500.000
v 7857.886 -19872.000 5500.000
v 7920.000 -19831.207 5500.000
v 8028.782 -19800.000 5500.000
v 8031.404 -19760.596 5500.000
v 8058.886 -19728.000 5500.000
v 8058.877 -19656.000 5500.000
v 8136.000 -19597.104 5500.000
v 8153.534 -19566.465 5500.000
v 8173.542 -19512.000 5500.000
v 8139.919 -19436.080 5500.000
v 8076.441 -19355.559 5500.000
v 8087.150 -19272.850 5500.000
v 8083.160 -19224.000 5500.000
v 8127.338 -19152.000 5500.000
v 8208.000 -19112.184 5500.000
v 8404.479 -18936.000 5500.000
v 8496.000 -18896.516 5500.000
v 8568.000 -18877.537 5500.000
v 8585.742 -18864.000 5500.000
v 8595.569 -18792.000 5500.000
v 8568.000 -18741.096 5500.000
v 8543.284 -18720.000 5500.000
v 8609.723 -18648.000 5500.000
v 8722.927 -18576.000 5500.000
v 8796.973 -18491.027 5500.000
v 8825.972 -18432.000 5500.000
v 8833.605 -18360.000 5500.000
v 8816.443 -18288.000 5500.000
v 8809.565 -18190.436 5500.000
v 8771.455 -18084.545 5500.000
v 8707.053 -18076.947 5500.000
v 8596.482 -18115.518 5500.000
v 8496.000 -18173.053 5500.000
v 8424.000 -18185.943 5500.000
v 8280.000 -18189.543 5500.000
v 8136.000 -18234.152 5500.000
v 7992.000 -18210.053 5500.000
v 7942.602 -18216.000 5500.000
v 7920.000 -18218.910 5500.000
v 7848.000 -18263.998 5500.000
v 7723.852 -18268.148 5500.000
v 7632.000 -18289.596 5500.000
v 7488.000 -18278.125 5500.000
v 7377.296 -18326.703 5500.000
v 7327.695 -18304.305 5500.000
v 7259.428 -18300.572 5500.000
v 7248.183 -18288.000 5500.000
v 7330.483 -18216.000 5500.000
v 7334.907 -18144.000 5500.000
v 7312.610 -18072.000 5500.000
v 7307.104 -18000.000 5500.000
v 7344.000 -17981.018 5500.000
v 7406.289 -17928.000 5500.000
v 7409.975 -17784.000 5500.000
v 7416.000 -17775.318 5500.000
v 7488.000 -17766.709 5500.000
v 7542.331 -17712.000 5500.000
v 7630.068 -17568.000 5500.000
v 7647.444 -17496.000 5500.000
v 7672.974 -17455.027 5500.000
v 7674.015 -17424.000 5500.000
v 7696.603 -17359.396 5500.000
v 7681.267 -17280.000 5500.000
v 7659.279 -17252.721 5500.000
v 7556.244 -17211.756 5500.000
v 7489.840 -17206.160 5500.000
v 7416.000 -17236.131 5500.000
v 7200.000 -17280.639 5500.000
v 7075.910 -17260.090 5500.000
v 7069.426 -17194.574 5500.000
v 7022.287 -17169.713 5500.000
v 6912.000 -17172.928 5500.000
v 6886.330 -17161.670 5500.000
v 6849.779 -17126.221 5500.000
v 6799.488 -17104.512 5500.000
v 6708.916 -17123.084 5500.000
v 6582.434 -17105.566 5500.000
v 6552.000 -17075.270 5500.000
v 6539.691 -17076.309 5500.000
v 6551.916 -16992.000 5500.000
v 6614.545 -16920.000 5500.000
v 6620.271 -16848.000 5500.000
v 6584.813 -16743.186 5500.000
v 6554.932 -16701.068 5500.000
v 6470.079 -16641.922 5500.000
v 6308.921 -16587.078 5500.000
v 6192.000 -16572.996 5500.000
v 6120.000 -16578.062 5500.000
v 5976.000 -16661.596 5500.000
v 5904.000 -16718.418 5500.000
v 5688.000 -16782.746 5500.000
v 5616.000 -16832.113 5500.000
v 5532.329 -16859.672 5500.000
v 5534.955 -16848.000 5500.000
v 5490.692 -16829.309 5500.000
v 5458.832 -16789.168 5500.000
v 5400.000 -16765.922 5500.000
v 5256.000 -16767.529 5500.000
v 5214.139 -16745.861 5500.000
v 5176.812 -16711.188 5500.000
v 5125.711 -16690.289 5500.000
v 5090.527 -16653.473 5500.000
v 5044.327 -16627.672 5500.000
v 4972.579 -16555.422 5500.000
v 4896.000 -16562.229 5500.000
v 4824.000 -16522.938 5500.000
v 4730.103 -16509.898 5500.000
v 4702.717 -16465.283 5500.000
v 4701.160 -16416.000 5500.000
v 4852.885 -16272.000 5500.000
v 4873.184 -16222.816 5500.000
v 4873.021 -16200.000 5500.000
v 4860.333 -16163.667 5500.000
v 4822.675 -16129.324 5500.000
v 4838.275 -16056.000 5500.000
v 4926.153 -15912.000 5500.000
v 4944.934 -15863.066 5500.000
v 4932.419 -15731.581 5500.000
v 4908.224 -15683.776 5500.000
v 4872.510 -15647.490 5500.000
v 4752.000 -15668.663 5500.000
v 4392.000 -15834.490 5500.000
v 4320.000 -15809.594 5500.000
v 4248.000 -15820.823 5500.000
v 4176.000 -15873.457 5500.000
v 4104.000 -15903.973 5500.000
v 4043.908 -15900.092 5500.000
v 4009.295 -15862.704 5500.000
v 3987.398 -15812.603 5500.000
v 4019.976 -15696.000 5500.000
v 4104.000 -15634.556 5500.000
v 4143.599 -15624.000 5500.000
v 4248.000 -15609.353 5500.000
v 4324.690 -15619.310 5500.000
v 4464.000 -15616.886 5500.000
v 4608.000 -15597.817 5500.000
v 4686.170 -15545.830 5500.000
v 4752.000 -15528.090 5500.000
v 4896.000 -15467.952 5500.000
v 4988.154 -15459.846 5500.000
v 5193.943 -15470.058 5500.000
v 5256.000 -15483.275 5500.000
v 5472.000 -15406.254 5500.000
v 5616.000 -15420.732 5500.000
v 5760.000 -15411.869 5500.000
v 5832.000 -15419.753 5500.000
v 5976.000 -15390.991 5500.000
v 6120.000 -15396.056 5500.000
v 6336.000 -15329.984 5500.000
v 6408.000 -15330.919 5500.000
v 6480.000 -15291.367 5500.000
v 6552.000 -15212.743 5500.000
v 6624.000 -15157.169 5500.000
v 6783.932 -15176.068 5500.000
v 6984.000 -15169.088 5500.000
v 7200.000 -15084.032 5500.000
v 7272.000 -15039.315 5500.000
v 7344.000 -14958.476 5500.000
v 7429.380 -14904.000 5500.000
v 7414.506 -14761.493 5500.000
v 7422.519 -14688.000 5500.000
v 7395.838 -14544.000 5500.000
v 7416.000 -14516.832 5500.000
v 7488.000 -14478.806 5500.000
v 7753.706 -14400.000 5500.000
v 7851.118 -14328.000 5500.000
v 7894.507 -14256.000 5500.000
v 7920.000 -14186.004 5500.000
v 7931.026 -14112.000 5500.000
v 7920.378 -14040.000 5500.000
v 7895.744 -13992.257 5500.000
v 7895.979 -13968.000 5500.000
v 7871.486 -13944.514 5500.000
v 7848.077 -13896.000 5500.000
v 7746.627 -13853.372 5500.000
v 7635.969 -13820.031 5500.000
v 7537.021 -13774.979 5500.000
v 7416.000 -13746.981 5500.000
v 7344.000 -13740.244 5500.000
v 7253.209 -13698.790 5500.000
v 7200.000 -13693.982 5500.000
v 7086.717 -13721.283 5500.000
v 6912.000 -13721.227 5500.000
v 6884.524 -13707.476 5500.000
v 6846.866 -13673.134 5500.000
v 6871.383 -13576.617 5500.000
v 6877.796 -13498.203 5500.000
v 6815.278 -13416.722 5500.000
v 6725.010 -13362.990 5500.000
v 6611.114 -13332.886 5500.000
v 6552.000 -13340.449 5500.000
v 6480.000 -13372.403 5500.000
v 6336.000 -13470.654 5500.000
v 6264.000 -13543.468 5500.000
v 6192.000 -13576.664 5500.000
v 6120.000 -13548.408 5500.000
v 6048.000 -13572.393 5500.000
v 5991.305 -13520.694 5500.000
v 5987.197 -13452.803 5500.000
v 5940.195 -13355.805 5500.000
v 5904.000 -13316.498 5500.000
v 5684.646 -13179.354 5500.000
v 5632.813 -13159.187 5500.000
v 5544.000 -13150.085 5500.000
v 5396.811 -13107.189 5500.000
v 5256.000 -13108.146 5500.000
v 5155.379 -13176.000 5500.000
v 5064.213 -13320.000 5500.000
v 5017.255 -13608.000 5500.000
v 5022.400 -13680.000 5500.000
v 4968.000 -13735.931 5500.000
v 4865.076 -13782.925 5500.000
v 4782.764 -13793.236 5500.000
v 4680.000 -13790.951 5500.000
v 4464.000 -13836.627 5500.000
v 4392.000 -13793.125 5500.000
v 4320.000 -13785.888 5500.000
v 4248.000 -13832.300 5500.000
v 4111.979 -13816.021 5500.000
v 4063.067 -13792.933 5500.000
v 4035.733 -13748.267 5500.000
v 3873.727 -13694.272 5500.000
v 3826.826 -13669.174 5500.000
v 3761.763 -13662.237 5500.000
v 3600.000 -13580.146 5500.000
v 3539.048 -13596.951 5500.000
v 3456.000 -13544.115 5500.000
v 3384.000 -13537.259 5500.000
v 3456.000 -13533.470 5500.000
v 3528.000 -13492.766 5500.000
v 3543.778 -13464.000 5500.000
v 3637.252 -13392.000 5500.000
v 3672.000 -13345.308 5500.000
v 3744.000 -13312.034 5500.000
v 3954.471 -13104.000 5500.000
v 4104.000 -13060.882 5500.000
v 4232.661 -12960.000 5500.000
v 4290.690 -12816.000 5500.000
v 4320.000 -12788.724 5500.000
v 4392.000 -12744.225 5500.000
v 4464.000 -12728.541 5500.000
v 4536.000 -12728.038 5500.000
v 4608.000 -12706.154 5500.000
v 4680.000 -12664.421 5500.000
v 4852.639 -12528.000 5500.000
v 4926.263 -12384.000 5500.000
v 4937.421 -12312.000 5500.000
v 4971.202 -12236.798 5500.000
v 4968.608 -12167.392 5500.000
v 4941.823 -12122.177 5500.000
v 4906.850 -12096.000 5500.000
v 4896.000 -12075.188 5500.000
v 4880.337 -12024.000 5500.000
v 4878.506 -11952.000 5500.000
v 4896.278 -11879.723 5500.000
v 4945.587 -11808.000 5500.000
v 4947.936 -11736.000 5500.000
v 4937.526 -11664.000 5500.000
v 4925.420 -11634.580 5500.000
v 4824.000 -11538.662 5500.000
v 4784.835 -11487.165 5500.000
v 4752.000 -11480.377 5500.000
v 4644.794 -11411.206 5500.000
v 4536.000 -11415.711 5500.000
v 4464.000 -11441.891 5500.000
v 4415.993 -11424.007 5500.000
v 4320.000 -11443.014 5500.000
v 4248.000 -11443.174 5500.000
v 4176.000 -11490.962 5500.000
v 4104.000 -11483.886 5500.000
v 4032.000 -11449.279 5500.000
v 3960.000 -11454.084 5500.000
v 3888.000 -11538.484 5500.000
v 3847.876 -11520.000 5500.000
v 3838.397 -11497.603 5500.000
v 3838.871 -11448.000 5500.000
v 3871.064 -11376.000 5500.000
v 3918.984 -11304.000 5500.000
v 4003.885 -11232.000 5500.000
v 4117.582 -11160.000 5500.000
v 4173.411 -11090.590 5500.000
v 4215.172 -11016.000 5500.000
v 4228.247 -10944.000 5500.000
v 4255.441 -10872.000 5500.000
v 4320.000 -10802.967 5500.000
v 4392.000 -10754.617 5500.000
v 4478.746 -10656.000 5500.000
v 4536.000 -10608.143 5500.000
v 4572.154 -10547.846 5500.000
v 4575.032 -10472.968 5500.000
v 4553.719 -10422.280 5500.000
v 4520.119 -10383.882 5500.000
v 4464.000 -10374.768 5500.000
v 4392.000 -10342.148 5500.000
v 4373.546 -10314.454 5500.000
v 4334.335 -10296.000 5500.000
v 4289.512 -10254.487 5500.000
v 4229.756 -10224.000 5500.000
v 4208.250 -10191.750 5500.000
v 4128.444 -10152.000 5500.000
v 4140.028 -10115.972 5500.000
v 4135.518 -10080.000 5500.000
v 4143.836 -10040.163 5500.000
v 4162.330 -10008.000 5500.000
v 4063.757 -9976.243 5500.000
v 3960.000 -9985.310 5500.000
v 3918.975 -9977.024 5500.000
v 3816.000 -9983.103 5500.000
v 3672.000 -9967.677 5500.000
v 3528.000 -10000.719 5500.000
v 3456.000 -10027.518 5500.000
v 3390.500 -10001.500 5500.000
v 3348.370 -9971.630 5500.000
v 3240.000 -9978.182 5500.000
v 3204.258 -10008.000 5500.000
v 3168.000 -10067.789 5500.000
v 3096.000 -10153.845 5500.000
v 3043.106 -10080.000 5500.000
v 3033.644 -10008.000 5500.000
v 3096.000 -9915.870 5500.000
v 3164.279 -9864.000 5500.000
v 3227.818 -9792.000 5500.000
v 3244.526 -9648.000 5500.000
v 3226.494 -9589.506 5500.000
v 3024.000 -9574.759 5500.000
v 2952.000 -9549.845 5500.000
v 2925.237 -9530.763 5500.000
v 2736.000 -9551.854 5500.000
v 2669.078 -9576.000 5500.000
v 2592.000 -9612.898 5500.000
v 2546.776 -9720.000 5500.000
v 2520.000 -9752.343 5500.000
v 2448.000 -9802.381 5500.000
v 2376.000 -9823.546 5500.000
v 2294.238 -9864.000 5500.000
v 2232.000 -9985.306 5500.000
v 2159.111 -9864.890 5500.000
v 2204.941 -9747.059 5500.000
v 2230.890 -9648.000 5500.000
v 2196.465 -9611.535 5500.000
v 2181.998 -9554.002 5500.000
v 2152.300 -9511.700 5500.000
v 2159.365 -9432.000 5500.000
v 2133.217 -9360.000 5500.000
v 2071.992 -9288.000 5500.000
v 1993.961 -9238.039 5500.000
v 1974.428 -9216.000 5500.000
v 1969.631 -9190.369 5500.000
v 1916.812 -9099.188 5500.000
v 1910.949 -9072.000 5500.000
v 1958.725 -8913.275 5500.000
v 1957.331 -8856.000 5500.000
v 1932.084 -8784.000 5500.000
v 1904.855 -8751.145 5500.000
v 1925.109 -8568.000 5500.000
v 1947.087 -8496.000 5500.000
v 2014.759 -8352.000 5500.000
v 1992.205 -8303.795 5500.000
v 1987.527 -8236.474 5500.000
v 1955.177 -8208.000 5500.000
v 1928.488 -8151.512 5500.000
v 1826.769 -8064.000 5500.000
v 1826.032 -7992.000 5500.000
v 1879.666 -7920.000 5500.000
v 1952.525 -7776.000 5500.000
v 2029.448 -7704.000 5500.000
v 2071.950 -7632.000 5500.000
v 2164.378 -7560.000 5500.000
v 2232.000 -7406.316 5500.000
v 2263.172 -7272.000 5500.000
v 2272.441 -7159.559 5500.000
v 2235.105 -6980.896 5500.000
v 2208.629 -6935.371 5500.000
v 2098.378 -6829.622 5500.000
v 2055.902 -6800.098 5500.000
v 1890.271 -6749.729 5500.000
v 1771.218 -6696.000 5500.000
v 1872.000 -6662.280 5500.000
v 1944.000 -6609.262 5500.000
v 2067.294 -6552.000 5500.000
v 2116.798 -6480.000 5500.000
v 2156.227 -6339.773 5500.000
v 2151.179 -6272.820 5500.000
v 2146.896 -6264.000 5500.000
v 2102.796 -6249.204 5500.000
v 2068.355 -6211.645 5500.000
v 2016.000 -6203.419 5500.000
v 1962.958 -6173.042 5500.000
v 1782.697 -6137.303 5500.000
v 1575.207 -6120.000 5500.000
v 1540.285 -6091.715 5500.000
v 1525.838 -6048.000 5500.000
v 1530.443 -6029.557 5500.000
v 1502.695 -5985.305 5500.000
v 1413.351 -5930.649 5500.000
v 1368.000 -5861.588 5500.000
v 1330.827 -5832.000 5500.000
v 1389.904 -5760.000 5500.000
v 1594.638 -5616.000 5500.000
v 1728.000 -5472.266 5500.000
v 1800.000 -5470.677 5500.000
v 2016.000 -5284.753 5500.000
v 2035.054 -5256.000 5500.000
v 2037.742 -5184.000 5500.000
v 2084.003 -5112.000 5500.000
v 2172.919 -5040.000 5500.000
v 2203.590 -4968.000 5500.000
v 2232.000 -4933.232 5500.000
v 2284.378 -4896.000 5500.000
v 2337.332 -4824.000 5500.000
v 2342.114 -4785.886 5500.000
v 2358.949 -4752.000 5500.000
v 2346.149 -4637.851 5500.000
v 2335.013 -4608.000 5500.000
v 2448.000 -4495.220 5500.000
v 2520.000 -4462.735 5500.000
v 2592.000 -4342.778 5500.000
v 2717.406 -4248.000 5500.000
v 2757.871 -4176.000 5500.000
v 2808.000 -4121.812 5500.000
v 3176.233 -3816.000 5500.000
v 3240.000 -3742.724 5500.000
v 3337.182 -3600.000 5500.000
v 3582.383 -3456.000 5500.000
v 3600.000 -3434.790 5500.000
v 3672.000 -3273.107 5500.000
v 3702.108 -3240.000 5500.000
v 3816.000 -3156.004 5500.000
v 3888.000 -3137.043 5500.000
v 3984.944 -3096.000 5500.000
v 4032.000 -2997.150 5500.000
v 4176.000 -2813.635 5500.000
v 4320.000 -2876.196 5500.000
v 4392.000 -2934.966 5500.000
v 4536.000 -2838.793 5500.000
v 4608.000 -2776.774 5500.000
v 4675.442 -2740.558 5500.000
v 4752.000 -2768.070 5500.000
v 4788.469 -2771.531 5500.000
v 4824.000 -2760.258 5500.000
v 4925.109 -2778.890 5500.000
v 4968.000 -2813.385 5500.000
v 5112.000 -2685.858 5500.000
v 5191.791 -2656.209 5500.000
v 5256.000 -2650.724 5500.000
v 5295.379 -2624.621 5500.000
v 5328.000 -2641.588 5500.000
v 5339.433 -2520.000 5500.000
v 5306.904 -2469.096 5500.000
v 5310.135 -2448.000 5500.000
v 5271.917 -2360.083 5500.000
v 5270.825 -2304.000 5500.000
v 5256.000 -2270.234 5500.000
v 5234.582 -2253.418 5500.000
v 5239.317 -2232.000 5500.000
v 5212.691 -2203.309 5500.000
v 5195.815 -2160.000 5500.000
v 5122.973 -2088.000 5500.000
v 5065.676 -2062.324 5500.000
v 5011.764 -2016.000 5500.000
v 4981.265 -2002.735 5500.000
v 4943.272 -1968.727 5500.000
v 4931.516 -1944.000 5500.000
v 4864.958 -1903.042 5500.000
v 4824.000 -1852.890 5500.000
v 4712.324 -1767.676 5500.000
v 4649.741 -1686.259 5500.000
v 4605.285 -1658.715 5500.000
v 4495.063 -1552.937 5500.000
v 4459.972 -1372.028 5500.000
v 4458.063 -1296.000 5500.000
v 4502.997 -1152.000 5500.000
v 4504.637 -1080.000 5500.000
v 4556.814 -915.186 5500.000
v 4550.789 -777.211 5500.000
v 4536.000 -704.125 5500.000
v 4392.000 -753.201 5500.000
v 4248.000 -758.894 5500.000
v 4176.000 -778.863 5500.000
v 4127.678 -768.322 5500.000
v 4040.979 -720.000 5500.000
v 3997.310 -682.691 5500.000
v 3960.000 -588.669 5500.000
v 3960.000 -564.068 5500.000
v 3982.721 -504.000 5500.000
v 4032.000 -437.188 5500.000
v 4104.000 -396.190 5500.000
v 4136.557 -360.000 5500.000
v 4126.012 -288.000 5500.000
v 4104.000 -271.829 5500.000
v 4032.000 -233.038 5500.000
v 4010.464 -237.536 5500.000
v 3960.000 -253.226 5500.000
v 3816.000 -346.469 5500.000
v 3744.000 -364.932 5500.000
v 3672.000 -370.100 5500.000
v 3600.000 -397.747 5500.000
v 3528.000 -465.823 5500.000
v 3456.000 -571.884 5500.000
v 3377.938 -648.000 5500.000
v 3240.000 -736.398 5500.000
v 3209.176 -792.000 5500.000
v 3151.435 -1008.000 5500.000
v 3095.482 -1152.000 5500.000
v 3086.798 -1224.000 5500.000
v 3026.133 -1368.000 5500.000
v 3017.843 -1440.000 5500.000
v 2995.916 -1512.000 5500.000
v 2962.539 -1584.000 5500.000
v 2903.573 -1656.000 5500.000
v 2872.579 -1728.000 5500.000
v 2817.413 -1800.000 5500.000
v 2738.670 -1872.000 5500.000
v 2685.233 -1944.000 5500.000
v 2448.000 -2197.360 5500.000
v 2376.000 -2223.750 5500.000
v 2304.000 -2286.070 5500.000
v 2232.000 -2326.697 5500.000
v 2160.000 -2412.750 5500.000
v 2088.000 -2412.178 5500.000
v 2024.940 -2367.060 5500.000
v 2000.806 -2319.194 5500.000
v 1944.000 -2283.547 5500.000
v 1872.000 -2343.516 5500.000
v 1800.000 -2326.326 5500.000
v 1728.000 -2338.839 5500.000
v 1656.000 -2379.346 5500.000
v 1584.000 -2355.462 5500.000
v 1512.000 -2423.193 5500.000
v 1465.702 -2592.000 5500.000
v 1440.000 -2629.929 5500.000
v 1368.000 -2616.135 5500.000
v 1296.000 -2616.076 5500.000
v 1224.000 -2639.579 5500.000
v 1152.000 -2684.775 5500.000
v 1080.000 -2692.043 5500.000
v 1008.000 -2741.811 5500.000
v 946.628 -2808.000 5500.000
v 892.648 -2952.000 5500.000
v 864.000 -2998.424 5500.000
v 835.239 -3024.000 5500.000
v 792.000 -3052.510 5500.000
v 720.000 -3029.551 5500.000
v 576.000 -3121.356 5500.000
v 426.103 -3101.897 5500.000
v 288.000 -3129.255 5500.000
v 216.000 -3169.597 5500.000
v 144.000 -3168.512 5500.000
v 123.656 -3116.344 5500.000
v 80.207 -3087.793 5500.000
v 0.000 -3048.878 5500.000
v -72.000 -3034.709 5500.000
v -144.000 -3109.231 5500.000
v -216.000 -3104.347 5500.000
v -276.028 -3084.028 5500.000
v -360.000 -3087.120 5500.000
v -504.908 -3024.908 5500.000
v -576.000 -3022.679 5500.000
v -648.000 -3047.098 5500.000
v -792.000 -3177.948 5500.000
v -818.663 -3240.000 5500.000
v -851.308 -3443.308 5500.000
v -874.799 -3672.000 5500.000
v -879.869 -3903.869 5500.000
v -871.426 -3967.426 5500.000
v -830.742 -4070.742 5500.000
v -801.349 -4104.000 5500.000
v -805.453 -4176.000 5500.000
v -832.476 -4248.000 5500.000
v -1008.000 -4524.417 5500.000
v -1085.974 -4608.000 5500.000
v -1150.699 -4752.000 5500.000
v -1224.000 -4753.434 5500.000
v -1276.849 -4824.000 5500.000
v -1296.000 -4915.030 5500.000
v -1405.559 -4968.000 5500.000
v -1457.805 -5040.000 5500.000
v -1512.000 -5074.516 5500.000
v -1571.671 -5184.000 5500.000
v -1656.000 -5227.022 5500.000
v -1723.980 -5328.000 5500.000
v -1731.099 -5400.000 5500.000
v -1800.000 -5488.235 5500.000
v -1816.983 -5488.983 5500.000
v -1888.031 -5416.031 5500.000
v -1888.855 -5400.000 5500.000
v -1911.861 -5367.860 5500.000
v -1925.811 -5256.000 5500.000
v -1949.473 -5189.473 5500.000
v -2064.142 -5160.142 5500.000
v -2105.533 -5129.533 5500.000
v -2138.073 -5090.073 5500.000
v -2192.049 -5072.048 5500.000
v -2232.000 -5021.421 5500.000
v -2278.933 -5014.933 5500.000
v -2304.000 -5001.727 5500.000
v -2376.000 -5089.511 5500.000
v -2448.000 -5121.749 5500.000
v -2506.722 -5184.000 5500.000
v -2520.000 -5191.612 5500.000
v -2531.711 -5184.000 5500.000
v -2561.812 -5153.812 5500.000
v -2563.581 -5112.000 5500.000
v -2602.473 -4978.473 5500.000
v -2649.393 -4953.393 5500.000
v -2666.549 -4896.000 5500.000
v -2644.973 -4804.973 5500.000
v -2655.500 -4743.500 5500.000
v -2691.463 -4680.000 5500.000
v -2736.000 -4615.749 5500.000
v -2808.000 -4604.093 5500.000
v -2855.970 -4583.970 5500.000
v -2858.932 -4536.000 5500.000
v -2946.995 -4386.996 5500.000
v -3024.000 -4344.445 5500.000
v -3099.135 -4323.135 5500.000
v -3163.720 -4243.720 5500.000
v -3197.329 -4133.329 5500.000
v -3272.557 -3992.557 5500.000
v -3280.574 -3928.574 5500.000
v -3322.548 -3816.000 5500.000
v -3337.562 -3744.000 5500.000
v -3320.183 -3600.000 5500.000
v -3291.085 -3528.000 5500.000
v -3247.832 -3456.000 5500.000
v -3168.000 -3406.872 5500.000
v -3096.000 -3338.143 5500.000
v -3050.125 -3312.000 5500.000
v -2986.469 -3240.000 5500.000
v -3014.250 -3158.250 5500.000
v -3020.332 -3092.332 5500.000
v -3045.797 -3045.797 5500.000
v -3070.554 -2926.554 5500.000
v -3089.380 -2880.000 5500.000
v -3125.268 -2693.268 5500.000
v -3143.222 -2664.000 5500.000
v -3205.979 -2629.979 5500.000
v -3276.617 -2556.617 5500.000
v -3304.291 -2440.291 5500.000
v -3355.959 -2347.959 5500.000
v -3384.000 -2199.220 5500.000
v -3417.734 -2193.734 5500.000
v -3456.000 -2143.663 5500.000
v -3528.000 -2152.966 5500.000
v -3600.000 -2213.882 5500.000
v -3672.000 -2215.885 5500.000
v -3744.000 -2199.614 5500.000
v -3812.248 -2156.248 5500.000
v -3888.000 -2126.131 5500.000
v -4104.000 -2188.247 5500.000
v -4196.177 -2232.000 5500.000
v -4251.202 -2304.000 5500.000
v -4236.667 -2376.000 5500.000
v -4252.159 -2592.000 5500.000
v -4309.436 -2664.000 5500.000
v -4392.000 -2687.548 5500.000
v -4455.542 -2736.000 5500.000
v -4506.442 -2808.000 5500.000
v -4608.000 -2857.840 5500.000
v -4680.000 -2811.809 5500.000
v -4752.000 -2854.126 5500.000
v -4968.000 -2895.294 5500.000
v -5112.000 -2864.368 5500.000
v -5184.000 -2869.398 5500.000
v -5328.000 -2949.844 5500.000
v -5400.000 -2967.897 5500.000
v -5498.674 -3024.000 5500.000
v -5521.259 -3096.000 5500.000
v -5524.048 -3168.000 5500.000
v -5556.403 -3240.000 5500.000
v -5688.000 -3324.866 5500.000
v -5722.545 -3384.000 5500.000
v -5741.817 -3456.000 5500.000
v -5737.990 -3528.000 5500.000
v -5689.802 -3672.000 5500.000
v -5633.728 -3761.728 5500.000
v -5432.053 -3920.053 5500.000
v -5312.522 -3944.522 5500.000
v -5162.132 -4010.132 5500.000
v -5009.332 -4145.332 5500.000
v -4927.333 -4320.000 5500.000
v -4863.394 -4536.000 5500.000
v -4766.179 -4766.179 5500.000
v -4738.137 -4810.137 5500.000
v -4721.228 -4865.228 5500.000
v -4676.691 -4892.691 5500.000
v -4658.298 -4946.298 5500.000
v -4635.167 -4968.000 5500.000
v -4680.000 -5012.432 5500.000
v -4752.000 -4967.315 5500.000
v -4784.657 -4928.657 5500.000
v -4843.454 -4915.454 5500.000
v -4874.888 -4874.888 5500.000
v -4944.193 -4872.193 5500.000
v -4968.000 -4875.537 5500.000
v -5076.946 -4932.946 5500.000
v -5112.000 -4935.452 5500.000
v -5141.016 -4968.000 5500.000
v -5162.478 -5040.000 5500.000
v -5156.755 -5112.000 5500.000
v -5140.399 -5140.399 5500.000
v -5143.050 -5215.050 5500.000
v -5111.520 -5255.520 5500.000
v -5111.810 -5328.000 5500.000
v -5170.538 -5400.000 5500.000
v -5160.109 -5448.109 5500.000
v -5170.278 -5472.000 5500.000
v -5168.822 -5544.000 5500.000
v -5182.898 -5614.898 5500.000
v -5196.401 -5832.000 5500.000
v -5242.471 -5904.000 5500.000
v -5349.242 -5976.000 5500.000
v -5354.005 -6002.005 5500.000
v -5384.770 -6048.000 5500.000
v -5530.821 -6106.821 5500.000
v -5552.610 -6128.610 5500.000
v -5557.380 -6192.000 5500.000
v -5547.701 -6195.701 5500.000
v -5532.334 -6264.000 5500.000
v -5490.874 -6354.874 5500.000
v -5497.560 -6433.560 5500.000
v -5489.587 -6480.000 5500.000
v -5472.000 -6506.127 5500.000
v -5400.000 -6590.356 5500.000
v -5378.849 -6602.849 5500.000
v -5351.132 -6647.132 5500.000
v -5190.641 -6774.641 5500.000
v -5140.305 -6796.305 5500.000
v -5066.634 -6794.634 5500.000
v -4957.283 -6840.000 5500.000
v -4848.254 -6864.254 5500.000
v -4803.416 -6891.416 5500.000
v -4775.223 -6935.223 5500.000
v -4721.361 -6984.000 5500.000
v -4598.090 -7046.090 5500.000
v -4469.466 -7133.466 5500.000
v -4352.643 -7160.643 5500.000
v -4301.060 -7181.060 5500.000
v -4248.000 -7219.277 5500.000
v -3960.000 -7232.416 5500.000
v -3888.000 -7224.065 5500.000
v -3792.142 -7248.142 5500.000
v -3636.726 -7308.726 5500.000
v -3500.959 -7388.959 5500.000
v -3462.083 -7422.083 5500.000
v -3286.992 -7632.000 5500.000
v -3270.647 -7662.647 5500.000
v -3179.453 -7715.454 5500.000
v -3115.627 -7776.000 5500.000
v -2901.560 -7941.560 5500.000
v -2808.000 -7989.960 5500.000
v -2736.000 -7975.722 5500.000
v -2579.850 -7848.000 5500.000
v -2546.763 -7776.000 5500.000
v -2530.231 -7704.000 5500.000
v -2535.976 -7647.977 5500.000
v -2492.347 -7460.348 5500.000
v -2494.020 -7416.000 5500.000
v -2448.000 -7356.625 5500.000
v -2376.000 -7354.289 5500.000
v -2232.000 -7386.446 5500.000
v -2013.225 -7413.226 5500.000
v -1872.000 -7455.649 5500.000
v -1800.000 -7442.341 5500.000
v -1656.000 -7375.123 5500.000
v -1532.162 -7364.162 5500.000
v -1512.000 -7375.623 5500.000
v -1485.046 -7416.000 5500.000
v -1485.728 -7488.000 5500.000
v -1542.336 -7632.000 5500.000
v -1598.951 -7704.000 5500.000
v -1633.536 -7776.000 5500.000
v -1652.409 -7844.409 5500.000
v -1654.960 -7918.960 5500.000
v -1592.993 -8000.993 5500.000
v -1547.549 -8027.549 5500.000
v -1353.639 -8049.639 5500.000
v -1409.432 -8208.000 5500.000
v -1387.835 -8371.835 5500.000
v -1305.688 -8505.688 5500.000
v -1269.563 -8541.563 5500.000
v -1211.965 -8568.000 5500.000
v -1181.671 -8640.000 5500.000
v -1182.541 -8712.000 5500.000
v -1158.364 -8784.000 5500.000
v -1146.737 -8856.000 5500.000
v -1051.520 -8928.000 5500.000
v -1037.617 -8957.617 5500.000
v -1031.825 -9000.000 5500.000
v -1046.824 -9072.000 5500.000
v -1006.710 -9142.710 5500.000
v -994.693 -9216.000 5500.000
v -1019.155 -9288.000 5500.000
v -1080.000 -9334.602 5500.000
v -1224.000 -9355.091 5500.000
v -1296.000 -9396.781 5500.000
v -1368.000 -9371.948 5500.000
v -1440.000 -9321.646 5500.000
v -1512.000 -9311.035 5500.000
v -1584.000 -9359.349 5500.000
v -1659.554 -9363.555 5500.000
v -1872.000 -9246.589 5500.000
v -1906.166 -9250.166 5500.000
v -1930.496 -9202.496 5500.000
v -1944.000 -9143.416 5500.000
v -2016.000 -9064.403 5500.000
v -2038.486 -9022.486 5500.000
v -2128.075 -8968.075 5500.000
v -2188.906 -8956.906 5500.000
v -2232.000 -8967.624 5500.000
v -2446.254 -9070.255 5500.000
v -2509.793 -9061.793 5500.000
v -2592.000 -8997.217 5500.000
v -2658.283 -8994.283 5500.000
v -2736.000 -8964.905 5500.000
v -2808.000 -8953.729 5500.000
v -2899.922 -8947.922 5500.000
v -2952.000 -8954.911 5500.000
v -3024.000 -9008.270 5500.000
v -3096.000 -8971.675 5500.000
v -3240.000 -8958.326 5500.000
v -3600.000 -8817.634 5500.000
v -3744.000 -8788.000 5500.000
v -3798.630 -8766.630 5500.000
v -4032.000 -8660.178 5500.000
v -4078.479 -8614.479 5500.000
v -4176.000 -8589.662 5500.000
v -4223.730 -8543.730 5500.000
v -4225.775 -8496.000 5500.000
v -4198.923 -8424.000 5500.000
v -4184.034 -8216.034 5500.000
v -4204.197 -8136.000 5500.000
v -4223.248 -8111.248 5500.000
v -4238.510 -8064.000 5500.000
v -4238.849 -7982.849 5500.000
v -4295.604 -7895.604 5500.000
v -4328.850 -7784.850 5500.000
v -4403.541 -7715.541 5500.000
v -4453.409 -7693.409 5500.000
v -4494.763 -7632.000 5500.000
v -4608.000 -7514.633 5500.000
v -4680.000 -7453.675 5500.000
v -4708.167 -7444.167 5500.000
v -4752.000 -7396.954 5500.000
v -4796.582 -7388.582 5500.000
v -4824.000 -7364.717 5500.000
v -4851.866 -7371.866 5500.000
v -4896.000 -7343.238 5500.000
v -4968.000 -7335.449 5500.000
v -5040.000 -7403.184 5500.000
v -5112.467 -7416.000 5500.000
v -5051.590 -7427.590 5500.000
v -5078.618 -7488.000 5500.000
v -5073.863 -7560.000 5500.000
v -5062.070 -7582.070 5500.000
v -5055.410 -7704.000 5500.000
v -5023.317 -7831.317 5500.000
v -5023.039 -7848.000 5500.000
v -5040.000 -7868.047 5500.000
v -5060.976 -7848.000 5500.000
v -5044.948 -7780.948 5500.000
v -5112.000 -7819.244 5500.000
v -5328.000 -7734.856 5500.000
v -5488.080 -7720.080 5500.000
v -5544.000 -7685.633 5500.000
v -5688.000 -7671.730 5500.000
v -5760.000 -7650.518 5500.000
v -5832.000 -7674.418 5500.000
v -5976.000 -7686.150 5500.000
v -6008.898 -7704.000 5500.000
v -6087.784 -7848.000 5500.000
v -6120.000 -7886.077 5500.000
v -6183.468 -7920.000 5500.000
v -6190.545 -7992.000 5500.000
v -6182.325 -8054.325 5500.000
v -6193.355 -8208.000 5500.000
v -6152.315 -8240.315 5500.000
v -6132.583 -8292.582 5500.000
v -6090.061 -8322.061 5500.000
v -6072.501 -8376.502 5500.000
v -6038.759 -8424.000 5500.000
v -6120.000 -8448.710 5500.000
v -6192.000 -8428.931 5500.000
v -6264.000 -8422.712 5500.000
v -6372.984 -8388.984 5500.000
v -6480.000 -8378.198 5500.000
v -6552.000 -8377.376 5500.000
v -6749.161 -8405.161 5500.000
v -6817.566 -8424.000 5500.000
v -6840.000 -8439.090 5500.000
v -6916.709 -8496.000 5500.000
v -6984.000 -8564.881 5500.000
v -6998.633 -8726.633 5500.000
v -6840.000 -9011.902 5500.000
v -6801.718 -9033.718 5500.000
v -6768.000 -9074.795 5500.000
v -6716.927 -9092.927 5500.000
v -6696.000 -9111.951 5500.000
v -6559.958 -9151.957 5500.000
v -6470.036 -9206.036 5500.000
v -6303.747 -9327.747 5500.000
v -6264.000 -9375.745 5500.000
v -6187.788 -9432.000 5500.000
v -6093.483 -9477.483 5500.000
v -6058.878 -9514.878 5500.000
v -5958.015 -9558.015 5500.000
v -5869.598 -9613.598 5500.000
v -5778.979 -9648.000 5500.000
v -5718.444 -9720.000 5500.000
v -5658.269 -9762.269 5500.000
v -5544.000 -9871.962 5500.000
v -5455.925 -9991.925 5500.000
v -5416.208 -10024.208 5500.000
v -5389.508 -10069.509 5500.000
v -5280.181 -10176.181 5500.000
v -5222.076 -10262.076 5500.000
v -5181.273 -10293.272 5500.000
v -5112.000 -10298.128 5500.000
v -5066.290 -10322.290 5500.000
v -4953.882 -10353.882 5500.000
v -4912.210 -10512.000 5500.000
v -4847.081 -10584.000 5500.000
v -4782.524 -10614.524 5500.000
v -4749.538 -10653.538 5500.000
v -4587.193 -10707.193 5500.000
v -4499.606 -10763.605 5500.000
v -4447.803 -10783.803 5500.000
v -4331.708 -10811.708 5500.000
v -4252.997 -10804.996 5500.000
v -4148.671 -10844.671 5500.000
v -4104.000 -10839.981 5500.000
v -4032.000 -10853.695 5500.000
v -3888.000 -10821.825 5500.000
v -3816.000 -10835.356 5500.000
v -3744.000 -10816.920 5500.000
v -3693.826 -10821.826 5500.000
v -3675.372 -10875.372 5500.000
v -3688.451 -10944.000 5500.000
v -3683.368 -10955.368 5500.000
v -3653.262 -10997.262 5500.000
v -3605.290 -11021.290 5500.000
v -3569.733 -11057.733 5500.000
v -3542.422 -11160.000 5500.000
v -3594.320 -11520.000 5500.000
v -3570.081 -11634.081 5500.000
v -3528.224 -11736.224 5500.000
v -3521.821 -11801.820 5500.000
v -3432.269 -11928.270 5500.000
v -3415.513 -11983.513 5500.000
v -3405.593 -12117.593 5500.000
v -3389.417 -12168.000 5500.000
v -3416.425 -12240.000 5500.000
v -3448.865 -12384.000 5500.000
v -3448.281 -12520.281 5500.000
v -3439.306 -12600.000 5500.000
v -3417.535 -12672.000 5500.000
v -3427.608 -12744.000 5500.000
v -3476.021 -12816.000 5500.000
v -3528.000 -12871.631 5500.000
v -3600.000 -12875.437 5500.000
v -3691.865 -12960.000 5500.000
v -3744.000 -12990.156 5500.000
v -3816.000 -12990.434 5500.000
v -3864.598 -13008.598 5500.000
v -3888.000 -13007.425 5500.000
v -3929.411 -13032.000 5500.000
v -3960.000 -13072.892 5500.000
v -3975.217 -13047.217 5500.000
v -3948.627 -12960.000 5500.000
v -3959.485 -12887.485 5500.000
v -3944.730 -12744.000 5500.000
v -3974.440 -12686.440 5500.000
v -3978.015 -12618.015 5500.000
v -3988.226 -12600.000 5500.000
v -3956.035 -12528.000 5500.000
v -3897.148 -12456.000 5500.000
v -3874.736 -12384.000 5500.000
v -3824.190 -12312.000 5500.000
v -3823.141 -12240.000 5500.000
v -3874.930 -12096.000 5500.000
v -3921.201 -12024.000 5500.000
v -3960.000 -11975.742 5500.000
v -4052.490 -11900.490 5500.000
v -4102.146 -11878.146 5500.000
v -4176.000 -11854.728 5500.000
v -4320.000 -11907.945 5500.000
v -4392.000 -11958.320 5500.000
v -4446.143 -12024.000 5500.000
v -4485.387 -12096.000 5500.000
v -4598.551 -12240.000 5500.000
v -4675.943 -12312.000 5500.000
v -4683.410 -12384.000 5500.000
v -4824.000 -12585.659 5500.000
v -4864.172 -12568.172 5500.000
v -4903.767 -12535.767 5500.000
v -4888.162 -12456.000 5500.000
v -4805.428 -12312.000 5500.000
v -4784.145 -12240.000 5500.000
v -4788.007 -12168.000 5500.000
v -4764.479 -12108.479 5500.000
v -4757.590 -12024.000 5500.000
v -4680.000 -11906.444 5500.000
v -4557.396 -11808.000 5500.000
v -4529.394 -11736.000 5500.000
v -4546.585 -11664.000 5500.000
v -4578.554 -11592.000 5500.000
v -4677.716 -11520.000 5500.000
v -4778.778 -11546.778 5500.000
v -4968.000 -11649.367 5500.000
v -5072.624 -11736.000 5500.000
v -5112.000 -11786.984 5500.000
v -5163.850 -11808.000 5500.000
v -5161.356 -11857.355 5500.000
v -5256.000 -11974.737 5500.000
v -5278.997 -11974.996 5500.000
v -5264.969 -11880.000 5500.000
v -5194.935 -11808.000 5500.000
v -5209.557 -11761.558 5500.000
v -5224.231 -11632.231 5500.000
v -5243.684 -11579.684 5500.000
v -5280.854 -11520.000 5500.000
v -5287.201 -11407.201 5500.000
v -5304.029 -11376.000 5500.000
v -5278.533 -11304.000 5500.000
v -5282.187 -11232.000 5500.000
v -5300.002 -11088.000 5500.000
v -5359.015 -10831.015 5500.000
v -5385.528 -10785.528 5500.000
v -5424.182 -10752.182 5500.000
v -5498.384 -10656.000 5500.000
v -5691.976 -10443.976 5500.000
v -5760.000 -10331.360 5500.000
v -5904.000 -10181.984 5500.000
v -5927.298 -10175.299 5500.000
v -5976.000 -10139.002 5500.000
v -6025.108 -10129.108 5500.000
v -6048.000 -10097.530 5500.000
v -6070.448 -10102.447 5500.000
v -6120.000 -10065.434 5500.000
v -6226.806 -10114.806 5500.000
v -6271.718 -10152.000 5500.000
v -6274.394 -10656.000 5500.000
v -6265.107 -10728.000 5500.000
v -6233.670 -10769.670 5500.000
v -6194.036 -10944.000 5500.000
v -6234.213 -11058.214 5500.000
v -6248.118 -11144.117 5500.000
v -6224.111 -11192.111 5500.000
v -6212.281 -11252.281 5500.000
v -6225.188 -11337.188 5500.000
v -6228.122 -11448.000 5500.000
v -6268.009 -11592.000 5500.000
v -6364.075 -11664.000 5500.000
v -6408.000 -11714.237 5500.000
v -6479.286 -11808.000 5500.000
v -6497.087 -11880.000 5500.000
v -6552.000 -11948.236 5500.000
v -6587.542 -11915.542 5500.000
v -6696.000 -11898.915 5500.000
v -6736.137 -11880.000 5500.000
v -6742.410 -11854.410 5500.000
v -6724.333 -11808.000 5500.000
v -6752.184 -11736.000 5500.000
v -6715.165 -11664.000 5500.000
v -6696.477 -11592.000 5500.000
v -6687.398 -11520.000 5500.000
v -6691.578 -11448.000 5500.000
v -6736.153 -11416.153 5500.000
v -6761.353 -11376.000 5500.000
v -6762.021 -11298.021 5500.000
v -6784.704 -11248.704 5500.000
v -6840.000 -11213.691 5500.000
v -6881.494 -11201.494 5500.000
v -6905.615 -11160.000 5500.000
v -6893.277 -11016.000 5500.000
v -6916.622 -10948.622 5500.000
v -6990.942 -10878.942 5500.000
v -7081.833 -10825.833 5500.000
v -7128.000 -10808.741 5500.000
v -7200.000 -10819.096 5500.000
v -7272.000 -10761.410 5500.000
v -7296.397 -10752.397 5500.000
v -7344.000 -10746.032 5500.000
v -7372.303 -10756.304 5500.000
v -7394.836 -10706.836 5500.000
v -7406.946 -10646.945 5500.000
v -7452.183 -10620.183 5500.000
v -7507.223 -10603.223 5500.000
v -7538.979 -10562.979 5500.000
v -7584.308 -10536.309 5500.000
v -7645.372 -10440.000 5500.000
v -7717.111 -10381.111 5500.000
v -7723.143 -10368.000 5500.000
v -7704.000 -10341.906 5500.000
v -7625.865 -10296.000 5500.000
v -7569.500 -10224.000 5500.000
v -7588.967 -10180.967 5500.000
v -7603.674 -10051.675 5500.000
v -7632.231 -10008.230 5500.000
v -7642.245 -9936.000 5500.000
v -7684.244 -9844.244 5500.000
v -7789.823 -9733.823 5500.000
v -7941.745 -9669.744 5500.000
v -7992.000 -9663.611 5500.000
v -8064.000 -9699.350 5500.000
v -8208.000 -9730.151 5500.000
v -8352.000 -9878.252 5500.000
v -8424.000 -9884.362 5500.000
v -8438.348 -9878.348 5500.000
v -8470.474 -9838.474 5500.000
v -8530.446 -9792.000 5500.000
v -8482.248 -9720.000 5500.000
v -8456.664 -9648.000 5500.000
v -8416.836 -9576.000 5500.000
v -8430.682 -9504.000 5500.000
v -8399.228 -9432.000 5500.000
v -8364.404 -9288.000 5500.000
v -8406.338 -9144.000 5500.000
v -8362.138 -9000.000 5500.000
v -8382.435 -8958.435 5500.000
v -8429.084 -8933.084 5500.000
v -8448.305 -8856.000 5500.000
v -8412.463 -8844.463 5500.000
v -8208.000 -8846.285 5500.000
v -8136.000 -8809.850 5500.000
v -8064.000 -8715.588 5500.000
v -7992.000 -8590.120 5500.000
v -7949.179 -8424.000 5500.000
v -7950.098 -8352.000 5500.000
v -7973.182 -8280.000 5500.000
v -8037.952 -8181.952 5500.000
v -8109.548 -8136.000 5500.000
v -8227.489 -8083.489 5500.000
v -8280.000 -8077.404 5500.000
v -8424.000 -8115.907 5500.000
v -8496.000 -8106.998 5500.000
v -8568.000 -8077.361 5500.000
v -8712.000 -8094.716 5500.000
v -8736.451 -8088.451 5500.000
v -8779.151 -8059.151 5500.000
v -8804.414 -8012.414 5500.000
v -8856.051 -7992.051 5500.000
v -8891.208 -7955.208 5500.000
v -8912.998 -7904.998 5500.000
v -8907.216 -7776.000 5500.000
v -8939.626 -7715.626 5500.000
v -9020.827 -7704.000 5500.000
v -9000.000 -7690.857 5500.000
v -8974.438 -7632.000 5500.000
v -8802.276 -7488.000 5500.000
v -8746.521 -7416.000 5500.000
v -8705.400 -7344.000 5500.000
v -8453.877 -7200.000 5500.000
v -8352.744 -7128.000 5500.000
v -8310.938 -7056.000 5500.000
v -8253.875 -6984.000 5500.000
v -8228.489 -6932.489 5500.000
v -8225.219 -6840.000 5500.000
v -8289.165 -6768.000 5500.000
v -8353.295 -6481.294 5500.000
v -8399.889 -6455.888 5500.000
v -8483.931 -6467.930 5500.000
v -8640.000 -6567.205 5500.000
v -8846.307 -6614.307 5500.000
v -8991.879 -6615.878 5500.000
v -9104.840 -6584.840 5500.000
v -9144.000 -6560.276 5500.000
v -9288.000 -6604.933 5500.000
v -9360.000 -6638.636 5500.000
v -9455.304 -6647.304 5500.000
v -9505.022 -6625.022 5500.000
v -9621.622 -6336.000 5500.000
v -9506.283 -6192.000 5500.000
v -9355.930 -5976.000 5500.000
v -9333.229 -5904.000 5500.000
v -9334.779 -5832.000 5500.000
v -9288.000 -5798.658 5500.000
v -9188.917 -5760.000 5500.000
v -9124.266 -5688.000 5500.000
v -9096.443 -5616.000 5500.000
v -9090.810 -5544.000 5500.000
v -9057.319 -5457.319 5500.000
v -9042.981 -5370.982 5500.000
v -9047.039 -5328.000 5500.000
v -9029.892 -5256.000 5500.000
v -8993.305 -5184.000 5500.000
v -8930.587 -4968.000 5500.000
v -8900.884 -4896.000 5500.000
v -8846.524 -4824.000 5500.000
v -8809.498 -4705.498 5500.000
v -8807.020 -4608.000 5500.000
v -8890.393 -4210.393 5500.000
v -8916.209 -4164.209 5500.000
v -8959.661 -4135.661 5500.000
v -9000.000 -4094.049 5500.000
v -9043.741 -4075.741 5500.000
v -9216.000 -4124.069 5500.000
v -9288.000 -4185.402 5500.000
v -9344.935 -4248.000 5500.000
v -9406.334 -4392.000 5500.000
v -9432.000 -4427.801 5500.000
v -9529.738 -4536.000 5500.000
v -9697.516 -4752.000 5500.000
v -9827.658 -4896.000 5500.000
v -10008.000 -5015.007 5500.000
v -10029.618 -5040.000 5500.000
v -10229.697 -5184.000 5500.000
v -10302.666 -5256.000 5500.000
v -10368.000 -5289.302 5500.000
v -10399.040 -5287.040 5500.000
v -10440.000 -5276.677 5500.000
v -10486.735 -5230.735 5500.000
v -10551.517 -5151.517 5500.000
v -10567.630 -5112.000 5500.000
v -10573.330 -4896.000 5500.000
v -10553.560 -4752.000 5500.000
v -10530.612 -4680.000 5500.000
v -10440.000 -4494.643 5500.000
v -10409.342 -4361.342 5500.000
v -10440.000 -4325.792 5500.000
v -10533.336 -4269.336 5500.000
v -10595.786 -4259.786 5500.000
v -10705.087 -4297.086 5500.000
v -10800.000 -4306.258 5500.000
v -11016.000 -4432.293 5500.000
v -11037.511 -4413.511 5500.000
v -11055.789 -4320.000 5500.000
v -11088.000 -4252.654 5500.000
v -11141.204 -4176.000 5500.000
v -11232.000 -4095.371 5500.000
v -11304.000 -4065.480 5500.000
v -11349.232 -4077.233 5500.000
v -11376.000 -4072.548 5500.000
v -11448.000 -4122.169 5500.000
v -11520.000 -4139.286 5500.000
v -11670.331 -4110.332 5500.000
v -11736.000 -4077.146 5500.000
v -11749.329 -4104.000 5500.000
v -11818.211 -4176.000 5500.000
v -11880.000 -4227.203 5500.000
v -11952.000 -4245.893 5500.000
v -11998.408 -4222.409 5500.000
v -12069.513 -4149.513 5500.000
v -12240.000 -4011.346 5500.000
v -12331.671 -3907.671 5500.000
v -12372.874 -3816.000 5500.000
v -12456.000 -3765.951 5500.000
v -12528.446 -3744.446 5500.000
v -12619.889 -3672.000 5500.000
v -12677.208 -3600.000 5500.000
v -12713.944 -3569.944 5500.000
v -12816.000 -3504.561 5500.000
v -12992.740 -3488.740 5500.000
v -13094.908 -3446.908 5500.000
v -13176.000 -3373.515 5500.000
v -13216.697 -3352.697 5500.000
v -13240.163 -3312.000 5500.000
v -13226.405 -3240.000 5500.000
v -13235.139 -3227.139 5500.000
v -13278.871 -3198.871 5500.000
v -13479.731 -3111.731 5500.000
v -13513.716 -3073.716 5500.000
v -13625.218 -3041.218 5500.000
v -13680.000 -3015.537 5500.000
v -13752.000 -3002.042 5500.000
v -13802.817 -3024.000 5500.000
v -13896.000 -3094.783 5500.000
v -13968.000 -3167.908 5500.000
v -13980.530 -3240.000 5500.000
v -14014.860 -3312.000 5500.000
v -14040.000 -3340.958 5500.000
v -14059.552 -3403.552 5500.000
v -14062.914 -3456.000 5500.000
v -14049.350 -3537.350 5500.000
v -14027.646 -3587.646 5500.000
v -14002.910 -3744.000 5500.000
v -13970.718 -3816.000 5500.000
v -13958.016 -3878.016 5500.000
v -13972.266 -4032.000 5500.000
v -13961.251 -4104.000 5500.000
v -13933.626 -4176.000 5500.000
v -13846.404 -4342.404 5500.000
v -13832.149 -4392.000 5500.000
v -13778.595 -4464.000 5500.000
v -13747.365 -4608.000 5500.000
v -13608.000 -4684.182 5500.000
v -13434.288 -4722.288 5500.000
v -13391.393 -4752.000 5500.000
v -13293.062 -4797.062 5500.000
v -13256.736 -4832.737 5500.000
v -13197.485 -4845.485 5500.000
v -13151.121 -4871.122 5500.000
v -13066.610 -4930.610 5500.000
v -13036.416 -4972.416 5500.000
v -13019.695 -5040.000 5500.000
v -12993.923 -5073.923 5500.000
v -12964.982 -5188.982 5500.000
v -12928.667 -5224.667 5500.000
v -12916.175 -5256.000 5500.000
v -12707.143 -5472.000 5500.000
v -12687.240 -5487.241 5500.000
v -12600.000 -5515.230 5500.000
v -12503.393 -5591.393 5500.000
v -12354.466 -5802.466 5500.000
v -12244.718 -5904.000 5500.000
v -12134.160 -6158.160 5500.000
v -12108.891 -6192.000 5500.000
v -12010.470 -6250.470 5500.000
v -11952.000 -6300.865 5500.000
v -11818.575 -6490.576 5500.000
v -11740.536 -6556.537 5500.000
v -11635.318 -6667.318 5500.000
v -11584.454 -6696.000 5500.000
v -11555.970 -6731.970 5500.000
v -11537.316 -6768.000 5500.000
v -11521.368 -6840.000 5500.000
v -11517.025 -6909.025 5500.000
v -11382.632 -7056.000 5500.000
v -11363.696 -7128.000 5500.000
v -11376.000 -7170.209 5500.000
v -11430.418 -7272.000 5500.000
v -11421.339 -7317.339 5500.000
v -11428.039 -7344.000 5500.000
v -11407.156 -7375.156 5500.000
v -11408.574 -7416.000 5500.000
v -11378.717 -7490.717 5500.000
v -11345.802 -7529.801 5500.000
v -11323.617 -7579.617 5500.000
v -11249.357 -7649.358 5500.000
v -11219.163 -7691.163 5500.000
v -11174.261 -7862.261 5500.000
v -11123.238 -7955.239 5500.000
v -11081.203 -8064.000 5500.000
v -11088.000 -8080.320 5500.000
v -11149.394 -8136.000 5500.000
v -11162.037 -8138.038 5500.000
v -11251.843 -8083.843 5500.000
v -11278.531 -8038.531 5500.000
v -11331.784 -8019.785 5500.000
v -11376.000 -7969.322 5500.000
v -11439.383 -7983.383 5500.000
v -11448.000 -7968.538 5500.000
v -11471.018 -7992.000 5500.000
v -11520.000 -8005.561 5500.000
v -11592.548 -7992.548 5500.000
v -11670.153 -7926.154 5500.000
v -11695.551 -7879.551 5500.000
v -11736.000 -7833.209 5500.000
v -11808.000 -7791.154 5500.000
v -11952.000 -7801.259 5500.000
v -12024.000 -7860.727 5500.000
v -12169.604 -7849.604 5500.000
v -12322.293 -7786.292 5500.000
v -12384.000 -7708.330 5500.000
v -12430.184 -7678.184 5500.000
v -12489.032 -7665.032 5500.000
v -12519.588 -7623.588 5500.000
v -12577.699 -7609.699 5500.000
v -12693.148 -7560.000 5500.000
v -12816.000 -7550.569 5500.000
v -12902.070 -7560.000 5500.000
v -12960.000 -7584.562 5500.000
v -13012.376 -7632.000 5500.000
v -13032.000 -7683.542 5500.000
v -13038.007 -7710.007 5500.000
v -13027.782 -7771.782 5500.000
v -13007.832 -7823.832 5500.000
v -12985.285 -7873.285 5500.000
v -12942.831 -7920.000 5500.000
v -12932.941 -7964.941 5500.000
v -12904.413 -7992.000 5500.000
v -12904.125 -8008.125 5500.000
v -12868.968 -8064.000 5500.000
v -12869.825 -8117.825 5500.000
v -12826.332 -8136.000 5500.000
v -12890.123 -8208.000 5500.000
v -12849.186 -8241.186 5500.000
v -12838.480 -8280.000 5500.000
v -12719.698 -8399.698 5500.000
v -12631.441 -8455.441 5500.000
v -12559.359 -8527.359 5500.000
v -12518.357 -8640.000 5500.000
v -12540.933 -8856.000 5500.000
v -12513.641 -8913.641 5500.000
v -12499.983 -8971.983 5500.000
v -12456.000 -9027.610 5500.000
v -12390.896 -9072.000 5500.000
v -12394.591 -9154.591 5500.000
v -12414.320 -9216.000 5500.000
v -12408.739 -9240.739 5500.000
v -12284.894 -9432.000 5500.000
v -12218.845 -9554.845 5500.000
v -12183.503 -9591.503 5500.000
v -12141.839 -9693.839 5500.000
v -12096.000 -9738.165 5500.000
v -12080.751 -9792.000 5500.000
v -11990.416 -9936.000 5500.000
v -12000.118 -9984.118 5500.000
v -11993.770 -10008.000 5500.000
v -12056.143 -10080.000 5500.000
v -12104.609 -10232.609 5500.000
v -12071.366 -10271.366 5500.000
v -12023.341 -10295.341 5500.000
v -11961.414 -10305.414 5500.000
v -11880.000 -10279.160 5500.000
v -11808.000 -10278.153 5500.000
v -11765.284 -10296.000 5500.000
v -11759.888 -10368.000 5500.000
v -11768.795 -10440.000 5500.000
v -11735.543 -10583.543 5500.000
v -11664.000 -10676.354 5500.000
v -11592.000 -10704.431 5500.000
v -11520.000 -10703.988 5500.000
v -11448.000 -10687.662 5500.000
v -11376.000 -10642.405 5500.000
v -11362.396 -10656.000 5500.000
v -11410.826 -10728.000 5500.000
v -11399.865 -10751.865 5500.000
v -11399.526 -10823.526 5500.000
v -11365.569 -10872.000 5500.000
v -11376.000 -10897.260 5500.000
v -11448.147 -10944.000 5500.000
v -11481.449 -11016.000 5500.000
v -11483.424 -11051.424 5500.000
v -11481.471 -11088.000 5500.000
v -11463.917 -11103.917 5500.000
v -11443.240 -11160.000 5500.000
v -11357.219 -11285.219 5500.000
v -11332.095 -11376.000 5500.000
v -11376.000 -11425.182 5500.000
v -11397.978 -11397.978 5500.000
v -11458.247 -11386.247 5500.000
v -11488.265 -11344.265 5500.000
v -11553.906 -11337.906 5500.000
v -11620.429 -11304.000 5500.000
v -11686.604 -11254.604 5500.000
v -11784.620 -11208.620 5500.000
v -11880.000 -11179.243 5500.000
v -11952.000 -11196.533 5500.000
v -12024.000 -11176.015 5500.000
v -12096.000 -11171.073 5500.000
v -12168.429 -11376.000 5500.000
v -12201.146 -11520.000 5500.000
v -12225.454 -11577.454 5500.000
v -12235.533 -11736.000 5500.000
v -12289.953 -11808.000 5500.000
v -12305.432 -11880.000 5500.000
v -12249.193 -12024.000 5500.000
v -12295.706 -12168.000 5500.000
v -12302.390 -12240.000 5500.000
v -12334.639 -12312.000 5500.000
v -12337.410 -12384.000 5500.000
v -12392.843 -12456.000 5500.000
v -12386.983 -12528.000 5500.000
v -12583.294 -12744.000 5500.000
v -12600.000 -12793.166 5500.000
v -12672.000 -12810.951 5500.000
v -12721.742 -12793.742 5500.000
v -12758.480 -12758.480 5500.000
v -12816.000 -12749.489 5500.000
v -12960.000 -12751.221 5500.000
v -13067.149 -12779.149 5500.000
v -13067.840 -12744.000 5500.000
v -13053.819 -12693.819 5500.000
v -12999.510 -12600.000 5500.000
v -12960.000 -12551.936 5500.000
v -12888.000 -12507.157 5500.000
v -12859.482 -12456.000 5500.000
v -12824.942 -12320.942 5500.000
v -12817.578 -12240.000 5500.000
v -12833.027 -12168.000 5500.000
v -12854.378 -12134.378 5500.000
v -12864.174 -12072.174 5500.000
v -12951.681 -12024.000 5500.000
v -12935.129 -11952.000 5500.000
v -12793.671 -11880.000 5500.000
v -12744.000 -11812.605 5500.000
v -12672.000 -11675.352 5500.000
v -12532.674 -11520.000 5500.000
v -12523.053 -11448.000 5500.000
v -12487.215 -11376.000 5500.000
v -12471.273 -11304.000 5500.000
v -12506.768 -11210.768 5500.000
v -12514.931 -11160.000 5500.000
v -12548.737 -11108.737 5500.000
v -12589.128 -11016.000 5500.000
v -12672.000 -10958.327 5500.000
v -12744.000 -10939.684 5500.000
v -12816.000 -10961.378 5500.000
v -12906.395 -11088.000 5500.000
v -12932.854 -11160.000 5500.000
v -12995.893 -11232.000 5500.000
v -13032.000 -11252.874 5500.000
v -13104.000 -11260.344 5500.000
v -13150.640 -11278.640 5500.000
v -13222.308 -11278.308 5500.000
v -13232.670 -11232.000 5500.000
v -13146.087 -11160.000 5500.000
v -13104.000 -11104.816 5500.000
v -13081.483 -11016.000 5500.000
v -13008.423 -10944.000 5500.000
v -12963.280 -10872.000 5500.000
v -12940.713 -10800.000 5500.000
v -12947.602 -10728.000 5500.000
v -12966.472 -10662.472 5500.000
v -12953.978 -10577.978 5500.000
v -13046.541 -10368.000 5500.000
v -13071.243 -10335.243 5500.000
v -13116.979 -10308.979 5500.000
v -13150.438 -10270.438 5500.000
v -13176.000 -10256.540 5500.000
v -13267.247 -10243.247 5500.000
v -13392.000 -10248.945 5500.000
v -13464.000 -10298.634 5500.000
v -13536.000 -10320.228 5500.000
v -13608.000 -10387.584 5500.000
v -13635.515 -10395.515 5500.000
v -13621.720 -10368.000 5500.000
v -13612.978 -10228.978 5500.000
v -13628.280 -10172.280 5500.000
v -13644.335 -10152.000 5500.000
v -13647.923 -10119.923 5500.000
v -13494.307 -9750.307 5500.000
v -13474.044 -9648.000 5500.000
v -13498.878 -9504.000 5500.000
v -13476.915 -9360.000 5500.000
v -13536.000 -9187.199 5500.000
v -13604.475 -9140.475 5500.000
v -13627.076 -9072.000 5500.000
v -13664.178 -9056.178 5500.000
v -13680.000 -9017.777 5500.000
v -13752.000 -8993.599 5500.000
v -13824.000 -8986.953 5500.000
v -13906.373 -9010.373 5500.000
v -14040.000 -9072.628 5500.000
v -14112.000 -9087.975 5500.000
v -14184.000 -9090.847 5500.000
v -14234.831 -9050.831 5500.000
v -14287.561 -9031.561 5500.000
v -14400.000 -9044.380 5500.000
v -14472.000 -9065.622 5500.000
v -14811.444 -9288.000 5500.000
v -14884.330 -9360.000 5500.000
v -14940.939 -9432.000 5500.000
v -14967.056 -9495.056 5500.000
v -14948.007 -9620.007 5500.000
v -14935.185 -9648.000 5500.000
v -14976.000 -9687.438 5500.000
v -15048.000 -9719.829 5500.000
v -15120.000 -9725.269 5500.000
v -15192.000 -9743.493 5500.000
v -15300.794 -9792.000 5500.000
v -15331.426 -9864.000 5500.000
v -15295.930 -10039.930 5500.000
v -15270.660 -10080.000 5500.000
v -15157.113 -10189.113 5500.000
v -15102.208 -10278.208 5500.000
v -15062.025 -10310.025 5500.000
v -14976.000 -10345.244 5500.000
v -14872.535 -10408.535 5500.000
v -14857.948 -10440.000 5500.000
v -14855.488 -10512.000 5500.000
v -14883.251 -10563.251 5500.000
v -14902.018 -10654.018 5500.000
v -14947.090 -10728.000 5500.000
v -14963.410 -10800.000 5500.000
v -14958.453 -10872.000 5500.000
v -15075.633 -11016.000 5500.000
v -15116.624 -11088.000 5500.000
v -15121.354 -11160.000 5500.000
v -15170.402 -11304.000 5500.000
v -15144.667 -11376.000 5500.000
v -15192.000 -11452.276 5500.000
v -15336.000 -11637.318 5500.000
v -15368.182 -11624.182 5500.000
v -15402.260 -11586.260 5500.000
v -15451.452 -11563.452 5500.000
v -15462.930 -11502.930 5500.000
v -15490.760 -11448.000 5500.000
v -15461.603 -11376.000 5500.000
v -15463.331 -11304.000 5500.000
v -15467.961 -11291.961 5500.000
v -15513.542 -11265.542 5500.000
v -15561.542 -11160.000 5500.000
v -15562.773 -11026.773 5500.000
v -15623.579 -10728.000 5500.000
v -15656.694 -10688.694 5500.000
v -15696.000 -10576.096 5500.000
v -15722.147 -10538.147 5500.000
v -15810.726 -10482.726 5500.000
v -15821.091 -10440.000 5500.000
v -15840.000 -10414.602 5500.000
v -15901.059 -10429.059 5500.000
v -15912.000 -10422.322 5500.000
v -15922.111 -10440.000 5500.000
v -15912.000 -10470.699 5500.000
v -15889.917 -10489.917 5500.000
v -15898.540 -10512.000 5500.000
v -15888.134 -10560.134 5500.000
v -15900.988 -10656.000 5500.000
v -15970.725 -10786.725 5500.000
v -16027.701 -10944.000 5500.000
v -16071.761 -11016.000 5500.000
v -16091.284 -11160.000 5500.000
v -16128.000 -11234.602 5500.000
v -16190.622 -11304.000 5500.000
v -16178.142 -11376.000 5500.000
v -16200.000 -11416.980 5500.000
v -16219.643 -11395.643 5500.000
v -16344.000 -11436.667 5500.000
v -16392.365 -11424.365 5500.000
v -16451.539 -11267.539 5500.000
v -16453.615 -11232.000 5500.000
v -16427.309 -11171.310 5500.000
v -16421.102 -11088.000 5500.000
v -16603.049 -10987.049 5500.000
v -16618.320 -10944.000 5500.000
v -16669.600 -10909.600 5500.000
v -16704.000 -10857.977 5500.000
v -16741.654 -10837.654 5500.000
v -16867.838 -10603.838 5500.000
v -16864.555 -10512.000 5500.000
v -16774.494 -10368.000 5500.000
v -16755.973 -10296.000 5500.000
v -16755.105 -10275.105 5500.000
v -16776.719 -10224.000 5500.000
v -16704.000 -10177.938 5500.000
v -16632.000 -10156.032 5500.000
v -16570.676 -10162.676 5500.000
v -16488.000 -10144.886 5500.000
v -16272.000 -10157.789 5500.000
v -15984.000 -10022.297 5500.000
v -15912.000 -10015.490 5500.000
v -15840.000 -10021.603 5500.000
v -15778.849 -10008.000 5500.000
v -15601.470 -9936.000 5500.000
v -15466.641 -9864.000 5500.000
v -15421.783 -9792.000 5500.000
v -15450.953 -9762.953 5500.000
v -15480.252 -9576.000 5500.000
v -15624.000 -9467.679 5500.000
v -15696.000 -9490.232 5500.000
v -15768.000 -9551.220 5500.000
v -15822.146 -9558.146 5500.000
v -15840.000 -9552.291 5500.000
v -15867.671 -9531.671 5500.000
v -15930.919 -9432.000 5500.000
v -15958.160 -9360.000 5500.000
v -15964.667 -9288.000 5500.000
v -15908.197 -9216.000 5500.000
v -15840.000 -9168.278 5500.000
v -15781.662 -9144.000 5500.000
v -15692.564 -9072.000 5500.000
v -15657.434 -9000.000 5500.000
v -15608.388 -8928.000 5500.000
v -15483.969 -8640.000 5500.000
v -15369.917 -8496.000 5500.000
v -15273.697 -8424.000 5500.000
v -15218.814 -8352.000 5500.000
v -15120.000 -8287.476 5500.000
v -15048.000 -8226.364 5500.000
v -14937.109 -8169.109 5500.000
v -14828.250 -8136.000 5500.000
v -14731.002 -8064.000 5500.000
v -14667.898 -7992.000 5500.000
v -14636.261 -7848.000 5500.000
v -14653.457 -7813.457 5500.000
v -14649.762 -7737.761 5500.000
v -14674.262 -7546.261 5500.000
v -14700.774 -7488.000 5500.000
v -14729.246 -7385.246 5500.000
v -14760.000 -7342.838 5500.000
v -14832.000 -7309.000 5500.000
v -14878.990 -7318.991 5500.000
v -15048.000 -7320.026 5500.000
v -15109.627 -7333.627 5500.000
v -15120.000 -7326.961 5500.000
v -15145.608 -7297.608 5500.000
v -15160.981 -7200.000 5500.000
v -15094.644 -7056.000 5500.000
v -15103.198 -7039.198 5500.000
v -15093.516 -6984.000 5500.000
v -15136.359 -6912.000 5500.000
v -15192.000 -6872.396 5500.000
v -15221.697 -6869.697 5500.000
v -15264.000 -6818.515 5500.000
v -15308.835 -6812.835 5500.000
v -15355.314 -6787.314 5500.000
v -15408.000 -6800.626 5500.000
v -15430.976 -6790.976 5500.000
v -15480.000 -6796.891 5500.000
v -15552.000 -6814.030 5500.000
v -15696.000 -6888.944 5500.000
v -15849.519 -6984.000 5500.000
v -15940.129 -7128.000 5500.000
v -15964.634 -7200.000 5500.000
v -15984.000 -7218.897 5500.000
v -16056.000 -7274.560 5500.000
v -16128.000 -7247.281 5500.000
v -16200.000 -7354.443 5500.000
v -16273.925 -7345.925 5500.000
v -16319.337 -7319.336 5500.000
v -16344.068 -7200.000 5500.000
v -16456.010 -6984.000 5500.000
v -16486.738 -6838.739 5500.000
v -16532.207 -6768.000 5500.000
v -16516.891 -6696.000 5500.000
v -16459.789 -6595.789 5500.000
v -16492.205 -6412.205 5500.000
v -16496.604 -6336.000 5500.000
v -16485.504 -6261.503 5500.000
v -16523.996 -6120.000 5500.000
v -16577.877 -6065.877 5500.000
v -16638.941 -6054.942 5500.000
v -16704.000 -6064.155 5500.000
v -16773.998 -6045.998 5500.000
v -16860.316 -5976.000 5500.000
v -16880.938 -5936.938 5500.000
v -16949.803 -5861.803 5500.000
v -17208.000 -5702.124 5500.000
v -17339.676 -5675.676 5500.000
v -17424.000 -5722.074 5500.000
v -17496.000 -5801.195 5500.000
v -17568.000 -5829.937 5500.000
v -17604.881 -5904.000 5500.000
v -17608.512 -5976.000 5500.000
v -17605.361 -6013.361 5500.000
v -17549.529 -6192.000 5500.000
v -17536.193 -6304.192 5500.000
v -17563.727 -6408.000 5500.000
v -17572.490 -6624.000 5500.000
v -17566.676 -6696.000 5500.000
v -17522.941 -6794.941 5500.000
v -17496.000 -6983.739 5500.000
v -17516.180 -7056.000 5500.000
v -17511.775 -7128.000 5500.000
v -17484.260 -7200.000 5500.000
v -17448.504 -7344.000 5500.000
v -17469.902 -7416.000 5500.000
v -17496.000 -7441.546 5500.000
v -17640.000 -7440.394 5500.000
v -17714.445 -7418.446 5500.000
v -17749.445 -7381.446 5500.000
v -17928.000 -7251.064 5500.000
v -17969.955 -7241.955 5500.000
v -18000.000 -7217.537 5500.000
v -18000.000 -7932.582 5500.000
v -17894.201 -8030.202 5500.000
v -17813.656 -8064.000 5500.000
v -17763.975 -8115.974 5500.000
v -17716.096 -8140.096 5500.000
v -17689.256 -8208.000 5500.000
v -17676.914 -8280.000 5500.000
v -17739.607 -8496.000 5500.000
v -17785.865 -8568.000 5500.000
v -17796.447 -8652.447 5500.000
v -17783.377 -8712.000 5500.000
v -17795.902 -8784.000 5500.000
v -17928.000 -8938.996 5500.000
v -18000.000 -8941.328 5500.000
l 4401 4402 4403 4404 4405 4406 4407 4408 4409 4410 4411 4412 4413 4414 4415 4416 4417 4418 4419 4420 4421 4422 4423 4424 4425 4426 4427 4428 4429 4430 4431 4432 4433 4434 4435 4436 4437 4438 4439 4440 4441 4442 4443 4444 4445 4446 4447 4448 4449 4450 4451 4452 4453 4454 4455 4456 4457 4458 4459 4460 4461 4462 4463 4464 4465 4466 4467 4468 4469 4470 4471 4472 4473 4474 4475 4476 4477 4478 4479 4480 4481 4482 4483 4484 4485 4486 4487 4488 4489 4490 4491 4492 4493 4494 4495 4496 4497 4498 4499 4500 4501 4502 4503 4504 4505 4506 4507 4508 4509 4510 4511 4512 4513 4514 4515 4516 4517 4518 4519 4520 4521 4522 4523 4524 4525 4526 4527 4528 4529 4530 4531 4532 4533 4534 4535 4536 4537 4538 4539 4540 4541 4542 4543 4544 4545 4546 4547 4548 4549 4550 4551 4552 4553 4554 4555 4556 4557 4558 4559 4560 4561 4562 4563 4564 4565 4566 4567 4568 4569 4570 4571 4572 4573 4574 4575 4576 4577 4578 4579 4580 4581 4582 4583 4584 4585 4586 4587 4588 4589 4590 4591 4592 4593 4594 4595 4596 4597 4598 4599 4600 4601 4602 4603 4604 4605 4606 4607 4608 4609 4610 4611 4612 4613 4614 4615 4616 4617 4618 4619 4620 4621 4622 4623 4624 4625 4626 4627 4628 4629 4630 4631 4632 4633 4634 4635 4636 4637 4638 4639 4640 4641 4642 4643 4644 4645 4646 4647 4648 4649 4650 4651 4652 4653 4654 4655 4656 4657 4658 4659 4660 4661 4662 4663 4664 4665 4666 4667 4668 4669 4670 4671 4672 4673 4674 4675 4676 4677 4678 4679 4680 4681 4682 4683 4684 4685 4686 4687 4688 4689 4690 4691 4692 4693 4694 4695 4696 4697 4698 4699 4700 4701 4702 4703 4704 4705 4706 4707 4708 4709 4710 4711 4712 4713 4714 4715 4716 4717 4718 4719 4720 4721 4722 4723 4724 4725 4726 4727 4728 4729 4730 4731 4732 4733 4734 4735 4736 4737 4738 4739 4740 4741 4742 4743 4744 4745 4746 4747 4748 4749 4750 4751 4752 4753 4754 4755 4756 4757 4758 4759 4760 4761 4762 4763 4764 4765 4766 4767 4768 4769 4770 4771 4772 4773 4774 4775 4776 4777 4778 4779 4780 4781 4782 4783 4784 4785 4786 4787 4788 4789 4790 4791 4792 4793 4794 4795 4796 4797 4798 4799 4800 4801 4802 4803 4804 4805 4806 4807 4808 4809 4810 4811 4812 4813 4814 4815 4816 4817 4818 4819 4820 4821 4822 4823 4824 4825 4826 4827 4828 4829 4830 4831 4832 4833 4834 4835 4836 4837 4838 4839 4840 4841 4842 4843 4844 4845 4846 4847 4848 4849 4850 4851 4852 4853 4854 4855 4856 4857 4858 4859 4860 4861 4862 4863 4864 4865 4866 4867 4868 4869 4870 4871 4872 4873 4874 4875 4876 4877 4878 4879 4880 4881 4882 4883 4884 4885 4886 4887 4888 4889 4890 4891 4892 4893 4894 4895 4896 4897 4898 4899 4900 4901 4902 4903 4904 4905 4906 4907 4908 4909 4910 4911 4912 4913 4914 4915 4916 4917 4918 4919 4920 4921 4922 4923 4924 4925 4926 4927 4928 4929 4930 4931 4932 4933 4934 4935 4936 4937 4938 4939 4940 4941 4942 4943 4944 4945 4946 4947 4948 4949 4950 4951 4952 4953 4954 4955 4956 4957 4958 4959 4960 4961 4962 4963 4964 4965 4966 4967 4968 4969 4970 4971 4972 4973 4974 4975 4976 4977 4978 4979 4980 4981 4982 4983 4984 4985 4986 4987 4988 4989 4990 4991 4992 4993 4994 4995 4996 4997 4998 4999 5000 5001 5002 5003 5004 5005 5006 5007 5008 5009 5010 5011 5012 5013 5014 5015 5016 5017 5018 5019 5020 5021 5022 5023 5024 5025 5026 5027 5028 5029 5030 5031 5032 5033 5034 5035 5036 5037 5038 5039 5040 5041 5042 5043 5044 5045 5046 5047 5048 5049 5050 5051 5052 5053 5054 5055 5056 5057 5058 5059 5060 5061 5062 5063 5064 5065 5066 5067 5068 5069 5070 5071 5072 5073 5074 5075 5076 5077 5078 5079 5080 5081 5082 5083 5084 5085 5086 5087 5088 5089 5090 5091 5092 5093 5094 5095 5096 5097 5098 5099 5100 5101 5102 5103 5104 5105 5106 5107 5108 5109 5110 5111 5112 5113 5114 5115 5116 5117 5118 5119 5120 5121 5122 5123 5124 5125 5126 5127 5128 5129 5130 5131 5132 5133 5134 5135 5136 5137 5138 5139 5140 5141 5142 5143 5144 5145 5146 5147 5148 5149 5150 5151 5152 5153 5154 5155 5156 5157 5158 5159 5160 5161 5162 5163 5164 5165 5166 5167 5168 5169 5170 5171 5172 5173 5174 5175 5176 5177 5178 5179 5180 5181 5182 5183 5184 5185 5186 5187 5188 5189 5190 5191 5192 5193 5194 5195 5196 5197 5198 5199 5200 5201 5202 5203 5204 5205 5206 5207 5208 5209 5210 5211 5212 5213 5214 5215 5216 5217 5218 5219 5220 5221 5222 5223 5224 5225 5226 5227 5228 5229 5230 5231 5232 5233 5234 5235 5236 5237 5238 5239 5240 5241 5242 5243 5244 5245 5246 5247 5248 5249 5250 5251 5252 5253 5254 5255 5256 5257 5258 5259 5260 5261 5262 5263 5264 5265 5266 5267 5268 5269 5270 5271 5272 5273 5274 5275 5276 5277 5278 5279 5280 5281 5282 5283 5284 5285 5286 5287 5288 5289 5290 5291 5292 5293 5294 5295 5296 5297 5298 5299 5300 5301 5302 5303 5304 5305 5306 5307 5308 5309 5310 5311 5312 5313 5314 5315 5316 5317 5318 5319 5320 5321 5322 5323 5324 5325 5326 5327 5328 5329 5330 5331 5332 5333 5334 5335 5336 5337 5338 5339 5340 5341 5342 5343 5344 5345 5346 5347 5348 5349 5350 5351 5352 5353 5354 5355 5356 5357 5358 5359 5360 5361 5362 5363 5364 5365 5366 5367 5368 5369 5370 5371 5372 5373 5374 5375 5376 5377 5378 5379 5380 5381 5382 5383 5384 5385 5386 5387 5388 5389 5390 5391 5392 5393 5394 5395 5396 5397 5398 5399 5400 5401 5402 5403 5404 5405 5406 5407 5408 5409 5410 5411 5412 5413 5414 5415 5416 5417 5418 5419 5420 5421 5422 5423 5424 5425 5426 5427 5428 5429 5430 5431 5432 5433 5434 5435 5436 5437 5438 5439 5440 5441 5442 5443 5444 5445 5446 5447 5448 5449 5450 5451 5452 5453 5454 5455 5456 5457 5458 5459 5460 5461 5462 5463 5464 5465 5466 5467 5468 5469 5470 5471 5472 5473 5474 5475 5476 5477 5478 5479 5480 5481 5482 5483 5484 5485 5486 5487 5488 5489 5490 5491 5492 5493 5494 5495 5496 5497 5498 5499 5500 5501 5502 5503 5504 5505 5506 5507 5508 5509 5510 5511 5512 5513 5514 5515 5516 5517 5518 5519 5520 5521 5522 5523 5524 5525 5526 5527 5528 5529 5530 5531 5532 5533 5534 5535 5536 5537 5538 5539 5540 5541 5542 5543 5544 5545 5546 5547 5548 5549 5550 5551 5552 5553 5554 5555 5556 5557 5558 5559 5560 5561 5562 5563 5564 5565 5566 5567 5568 5569 5570 5571 5572 5573 5574 5575 5576 5577 5578 5579 5580 5581 5582 5583 5584 5585 5586 5587 5588 5589 5590 5591 5592 5593 5594 5595 5596 5597 5598 5599 5600 5601 5602 5603 5604 5605 5606 5607 5608 5609 5610 5611 5612 5613 5614 5615 5616 5617 5618 5619 5620 5621 5622 5623 5624 5625 5626 5627 5628 5629 5630 5631 5632 5633 5634 5635 5636 5637 5638 5639 5640 5641 5642 5643 5644 5645 5646 5647 5648 5649 5650 5651 5652 5653 5654 5655 5656 5657 5658 5659 5660 5661 5662 5663 5664 5665 5666 5667 5668 5669 5670 5671 5672 5673 5674 5675 5676 5677 5678 5679 5680 5681 5682 5683 5684 5685 5686 5687 5688 5689 5690 5691 5692 5693 5694 5695 5696 5697 5698 5699 5700 5701 5702 5703 5704 5705 5706 5707 5708 5709 5710 5711 5712 5713 5714 5715 5716 5717 5718 5719 5720 5721 5722 5723 5724 5725 5726 5727 5728 5729 5730 5731 5732 5733 5734 5735 5736 5737 5738 5739 5740 5741 5742 5743 5744 5745 5746 5747 5748 5749 5750 5751 5752 5753 5754 5755 5756 5757 5758 5759 5760 5761 5762 5763 5764 5765 5766 5767 5768 5769 5770 5771 5772 5773 5774 5775 5776 5777 5778 5779 5780 5781 5782 5783 5784 5785 5786 5787 5788 5789 5790 5791 5792 5793 5794 5795 5796 5797 5798 5799 5800 5801 5802 5803 5804 5805 5806 5807 5808 5809 5810 5811 5812 5813 5814 5815 5816 5817 5818 5819 5820 5821 5822 5823 5824 5825 5826 5827 5828 5829 5830 5831 5832 5833 5834 5835 5836 5837 5838 5839 5840 5841 5842 5843 5844 5845 5846 5847 5848 5849 5850 5851 5852 5853 5854 5855 5856 5857 5858 5859 5860 5861 5862 5863 5864 5865 5866 5867 5868 5869 5870 5871 5872 5873 5874 5875 5876 5877 5878 5879 5880 5881 5882 5883 5884 5885 5886 5887 5888 5889 5890 5891 5892 5893 5894 5895 5896 5897 5898 5899 5900 5901 5902 5903 5904 5905 5906 5907 5908 5909 5910 5911 5912 5913 5914 5915 5916 5917 5918 5919 5920 5921 5922 5923 5924 5925 5926 5927 5928 5929 5930 5931 5932 5933 5934 5935 5936 5937 5938 5939 5940 5941 5942 5943 5944 5945 5946 5947 5948 5949 5950 5951 5952 5953 5954 5955 5956 5957 5958 5959 5960 5961 5962 5963 5964 5965 5966 5967 5968 5969 5970 5971 5972 5973 5974 5975 5976 5977 5978 5979 5980 5981 5982 5983 5984 5985 5986 5987 5988 5989 5990 5991 5992 5993 5994 5995 5996 5997 5998 5999 6000 6001 6002 6003 6004 6005 6006 6007 6008 6009 6010 6011 6012 6013 6014 6015 6016 6017 6018 6019 6020 6021 6022 6023 6024 6025 6026 6027 6028 6029 6030 6031 6032 6033 6034 6035 6036 6037 6038 6039 6040 6041 6042 6043 6044 6045 6046 6047 6048 6049 6050 6051 6052 6053 6054 6055 6056 6057 6058 6059 6060 6061 6062 6063 6064 6065 6066 6067 6068 6069 6070 6071 6072 6073 6074 6075 6076 6077 6078 6079 6080 6081 6082 6083 6084 6085 6086 6087 6088 6089 6090 6091 6092 6093 6094 6095 6096 6097 6098 6099 6100 6101 6102 6103 6104 6105 6106 6107 6108 6109 6110 6111 6112 6113 6114 6115 6116 6117 6118 6119 6120 6121 6122 6123 6124 6125 6126 6127 6128 6129 6130 6131 6132 6133 6134 6135 6136 6137 6138 6139 6140 6141 6142 6143 6144 6145 6146 6147 6148 6149 6150 6151 6152 6153 6154 6155 6156 6157 6158 6159 6160 6161 6162 6163 6164 6165 6166 6167 6168 6169 6170 6171 6172 6173 6174 6175 6176 6177 6178 6179 6180 6181 6182 6183 6184 6185 6186 6187 6188 6189 6190 6191 6192 6193 6194 6195 6196 6197 6198 6199 6200 6201 6202 6203 6204 6205 6206 6207 6208 6209 6210 6211 6212 6213 6214 6215 6216 6217 6218 6219 6220 6221 6222 6223 6224 6225 6226 6227 6228 6229 6230 6231 6232 6233 6234 6235 6236 6237 6238 6239 6240 6241 6242 6243 6244 6245 6246 6247 6248 6249 6250 6251 6252 6253 6254 6255 6256 6257 6258 6259 6260 6261 6262 6263 6264 6265 6266 6267 6268 6269 6270 6271 6272 6273 6274 6275 6276 6277 6278 6279 6280 6281 6282 6283 6284 6285 6286 6287 6288 6289 6290 6291 6292 6293 6294 6295 6296 6297 6298 6299 6300 6301 6302 6303 6304 6305 6306 6307 6308 6309 6310 6311 6312 6313 6314 6315 6316 6317 6318 6319 6320 6321 6322 6323 6324 6325 6326 6327 6328 6329 6330 6331 6332 6333 6334 6335 6336 6337 6338 6339 6340 6341 6342 6343 6344 6345 6346 6347 6348 6349 6350 6351 6352 6353 6354 6355 6356 6357 6358 6359 6360 6361 6362 6363 6364 6365 6366 6367 6368 6369 6370 6371 6372 6373 6374 6375 6376 6377 6378 6379 6380 6381 6382 6383 6384 6385 6386 6387 6388 6389 6390 6391 6392 6393 6394 6395 6396 6397 6398 6399 6400 6401 6402 6403 6404 6405 6406 6407 6408 6409 6410 6411 6412 6413 6414 6415 6416 6417 6418 6419 6420 6421 6422 6423 6424 6425 6426 6427 6428 6429 6430 6431 6432 6433 6434 6435 6436 6437 6438 6439 6440 6441 6442 6443 6444 6445 6446 6447 6448 6449 6450 6451 6452 6453 6454 6455 6456 6457 6458 6459 6460 6461 6462 6463 6464 6465 6466 6467 6468 6469 6470 6471 6472 6473 6474 6475 6476 6477 6478 6479 6480 6481 6482 6483 6484 6485 6486 6487 6488 6489 6490 6491 6492 6493 6494 6495 6496 6497 6498 6499 6500 6501 6502 6503 6504 6505 6506 6507 6508 6509 6510 6511 6512 6513 6514 6515 6516 6517 6518 6519 6520 6521 6522 6523 6524 6525 6526 6527 6528 6529 6530 6531 6532 6533 6534 6535 6536 6537 6538 6539 6540 6541 6542 6543 6544 6545 6546 6547 6548 6549 6550 6551 6552 6553 6554 6555 6556 6557 6558 6559 6560 6561 6562 6563 6564 6565 6566 6567 6568 6569 6570 6571 6572 6573 6574 6575 6576 6577 6578 6579 6580 6581 6582 6583 6584 6585 6586 6587 6588 6589 6590 6591 6592 6593 6594 6595 6596 6597 6598 6599 6600 6601 6602 6603 6604 6605 6606 6607 6608 6609 6610 6611 6612 6613 6614 6615 6616 6617 6618 6619 6620 6621 6622 6623 6624
v 10169.578 12384.000 5500.000
v 10152.000 12303.327 5500.000
v 10080.000 12285.355 5500.000
v 10055.782 12287.782 5500.000
v 10008.000 12327.843 5500.000
v 9936.000 12356.818 5500.000
v 9720.000 12336.993 5500.000
v 9504.000 12339.464 5500.000
v 9434.255 12314.255 5500.000
v 9360.000 12249.439 5500.000
v 9286.004 12168.000 5500.000
v 9247.873 12096.000 5500.000
v 9231.387 12024.000 5500.000
v 9273.263 11937.263 5500.000
v 9320.516 11912.516 5500.000
v 9360.000 11859.440 5500.000
v 9459.304 11763.304 5500.000
v 9504.000 11748.073 5500.000
v 9603.371 11691.371 5500.000
v 9648.000 11633.593 5500.000
v 9792.728 11592.728 5500.000
v 9834.662 11562.662 5500.000
v 9936.000 11519.437 5500.000
v 10111.300 11479.300 5500.000
v 10153.703 11449.703 5500.000
v 10143.838 11367.838 5500.000
v 10166.857 11304.000 5500.000
v 10194.654 11274.654 5500.000
v 10208.210 11232.000 5500.000
v 10244.681 11036.681 5500.000
v 10370.427 10944.000 5500.000
v 10400.566 10904.566 5500.000
v 10440.000 10891.912 5500.000
v 10610.180 10898.180 5500.000
v 10609.768 10753.768 5500.000
v 10636.149 10728.000 5500.000
v 10584.000 10680.009 5500.000
v 10440.000 10764.836 5500.000
v 10080.000 10546.271 5500.000
v 9947.208 10512.000 5500.000
v 9804.254 10440.000 5500.000
v 9782.704 10368.000 5500.000
v 9825.233 10329.233 5500.000
v 9843.937 10296.000 5500.000
v 9895.794 10255.794 5500.000
v 9959.223 10175.223 5500.000
v 10007.965 10080.000 5500.000
v 10191.882 9975.882 5500.000
v 10224.000 9850.309 5500.000
v 10264.673 9832.673 5500.000
v 10410.069 9648.000 5500.000
v 10465.470 9601.470 5500.000
v 10515.315 9507.315 5500.000
v 10524.037 9444.037 5500.000
v 10560.561 9336.561 5500.000
v 10592.000 9296.000 5500.000
v 10694.340 9216.000 5500.000
v 10740.019 9156.019 5500.000
v 10806.410 9000.000 5500.000
v 10831.354 8887.354 5500.000
v 10857.486 8841.486 5500.000
v 11016.000 8839.767 5500.000
v 11113.044 8784.000 5500.000
v 11128.518 8752.518 5500.000
v 11200.716 8712.000 5500.000
v 11168.495 8640.000 5500.000
v 11060.990 8612.990 5500.000
v 11016.000 8628.758 5500.000
v 10944.000 8598.021 5500.000
v 10910.685 8568.000 5500.000
v 10881.390 8496.000 5500.000
v 10835.052 8424.000 5500.000
v 10841.678 8352.000 5500.000
v 10861.017 8341.017 5500.000
v 10888.104 8280.000 5500.000
v 10927.132 8263.132 5500.000
v 10940.001 8208.000 5500.000
v 10993.022 8185.022 5500.000
v 11002.468 8136.000 5500.000
v 11052.142 8100.142 5500.000
v 11055.551 8064.000 5500.000
v 11088.000 8013.605 5500.000
v 11211.300 7899.299 5500.000
v 11273.412 7817.412 5500.000
v 11314.058 7786.058 5500.000
v 11392.517 7648.516 5500.000
v 11448.000 7485.849 5500.000
v 11490.159 7458.159 5500.000
v 11520.000 7400.953 5500.000
v 11556.923 7380.922 5500.000
v 11588.103 7340.102 5500.000
v 11592.000 7320.390 5500.000
v 11618.622 7298.623 5500.000
v 11608.709 7272.000 5500.000
v 11632.309 7240.308 5500.000
v 11627.643 7091.642 5500.000
v 11674.470 6994.470 5500.000
v 11788.353 6892.353 5500.000
v 11843.167 6875.167 5500.000
v 11887.693 6847.693 5500.000
v 11922.271 6810.271 5500.000
v 12024.000 6614.850 5500.000
v 12066.268 6594.268 5500.000
v 12096.000 6561.933 5500.000
v 12168.000 6668.996 5500.000
v 12195.567 6651.567 5500.000
v 12240.000 6646.698 5500.000
v 12297.520 6552.000 5500.000
v 12325.134 6421.134 5500.000
v 12350.615 6374.615 5500.000
v 12351.955 6336.000 5500.000
v 12376.391 6256.391 5500.000
v 12437.269 6173.269 5500.000
v 12489.782 6153.783 5500.000
v 12600.000 6059.820 5500.000
v 12630.487 6006.487 5500.000
v 12662.913 5976.000 5500.000
v 12688.850 5904.000 5500.000
v 12693.553 5853.553 5500.000
v 12730.641 5818.641 5500.000
v 12816.000 5836.559 5500.000
v 12834.006 5904.000 5500.000
v 12888.000 5969.422 5500.000
v 12935.783 5951.783 5500.000
v 13004.326 5948.326 5500.000
v 13044.515 5916.514 5500.000
v 13104.000 5915.292 5500.000
v 13291.860 5875.860 5500.000
v 13464.000 5869.347 5500.000
v 13537.781 5904.000 5500.000
v 13503.863 5943.863 5500.000
v 13509.892 6021.892 5500.000
v 13477.911 6120.000 5500.000
v 13367.483 6239.483 5500.000
v 13354.390 6298.390 5500.000
v 13352.098 6368.098 5500.000
v 13326.522 6480.000 5500.000
v 13348.309 6552.000 5500.000
v 13392.000 6606.278 5500.000
v 13464.000 6596.933 5500.000
v 13608.000 6499.411 5500.000
v 13680.000 6519.619 5500.000
v 13752.000 6573.071 5500.000
v 13824.000 6595.149 5500.000
v 13896.000 6597.993 5500.000
v 13968.000 6623.841 5500.000
v 14112.000 6606.124 5500.000
v 14184.000 6611.399 5500.000
v 14331.139 6696.000 5500.000
v 14400.000 6792.095 5500.000
v 14419.736 6840.000 5500.000
v 14440.617 6952.617 5500.000
v 14398.633 6982.632 5500.000
v 14369.844 7025.844 5500.000
v 14328.000 7022.154 5500.000
v 14304.090 7032.090 5500.000
v 14286.343 7056.000 5500.000
v 14290.541 7090.542 5500.000
v 14256.000 7125.257 5500.000
v 14243.877 7187.876 5500.000
v 14247.306 7272.000 5500.000
v 14256.000 7285.143 5500.000
v 14286.817 7302.817 5500.000
v 14328.000 7284.593 5500.000
v 14333.880 7205.879 5500.000
v 14380.920 7108.919 5500.000
v 14400.000 7105.869 5500.000
v 14445.908 7056.000 5500.000
v 14405.901 6989.902 5500.000
v 14472.000 7031.966 5500.000
v 14541.698 6981.698 5500.000
v 14616.000 6970.293 5500.000
v 14688.000 6976.347 5500.000
v 14813.469 7056.000 5500.000
v 14851.950 7128.000 5500.000
v 14862.187 7200.000 5500.000
v 14904.000 7248.666 5500.000
v 14976.000 7367.406 5500.000
v 15048.000 7428.412 5500.000
v 15055.500 7423.500 5500.000
v 15118.078 7342.078 5500.000
v 15141.056 7221.056 5500.000
v 15176.064 7184.064 5500.000
v 15258.114 7050.114 5500.000
v 15297.176 7017.176 5500.000
v 15313.949 6984.000 5500.000
v 15316.400 6964.400 5500.000
v 15349.391 6912.000 5500.000
v 15343.264 6840.000 5500.000
v 15365.688 6797.687 5500.000
v 15449.961 6737.961 5500.000
v 15479.408 6623.409 5500.000
v 15516.213 6588.213 5500.000
v 15536.473 6552.000 5500.000
v 15534.572 6534.572 5500.000
v 15584.569 6480.000 5500.000
v 15552.000 6404.675 5500.000
v 15480.000 6344.631 5500.000
v 15399.427 6327.426 5500.000
v 15336.000 6383.713 5500.000
v 15264.000 6346.408 5500.000
v 15192.000 6334.091 5500.000
v 15120.000 6287.539 5500.000
v 15095.918 6264.000 5500.000
v 15048.000 6182.028 5500.000
v 14976.000 6135.371 5500.000
v 14904.000 6143.277 5500.000
v 14843.189 6131.189 5500.000
v 14760.000 6073.875 5500.000
v 14688.000 6064.071 5500.000
v 14648.888 6048.000 5500.000
v 14616.000 6010.784 5500.000
v 14544.000 5894.287 5500.000
v 14486.575 5832.000 5500.000
v 14508.775 5688.000 5500.000
v 14544.000 5593.402 5500.000
v 14588.057 5516.057 5500.000
v 14616.000 5485.208 5500.000
v 14688.000 5478.253 5500.000
v 14725.438 5437.438 5500.000
v 14760.000 5428.431 5500.000
v 14806.947 5374.948 5500.000
v 14832.000 5359.308 5500.000
v 14866.748 5290.749 5500.000
v 14916.988 5268.988 5500.000
v 14976.000 5224.404 5500.000
v 15128.338 5192.338 5500.000
v 15197.947 5117.947 5500.000
v 15250.542 5098.542 5500.000
v 15408.000 5136.804 5500.000
v 15552.000 5127.239 5500.000
v 15624.000 5140.085 5500.000
v 15651.203 5139.203 5500.000
v 15695.145 5112.000 5500.000
v 15704.098 5040.000 5500.000
v 15624.000 4967.210 5500.000
v 15569.072 4896.000 5500.000
v 15491.709 4752.000 5500.000
v 15414.844 4680.000 5500.000
v 15365.116 4608.000 5500.000
v 15340.616 4464.000 5500.000
v 15349.060 4392.000 5500.000
v 15404.525 4316.526 5500.000
v 15521.585 4217.585 5500.000
v 15624.000 4160.249 5500.000
v 15647.393 4127.393 5500.000
v 15663.889 4071.889 5500.000
v 15725.364 3989.364 5500.000
v 15771.746 3963.746 5500.000
v 15839.720 3959.720 5500.000
v 15937.977 3985.977 5500.000
v 16015.722 3991.721 5500.000
v 16128.000 3942.004 5500.000
v 16200.000 3937.746 5500.000
v 16333.451 3949.452 5500.000
v 16473.438 4032.000 5500.000
v 16560.000 4161.900 5500.000
v 16642.969 4248.000 5500.000
v 16704.000 4266.787 5500.000
v 16776.000 4274.664 5500.000
v 16823.633 4295.632 5500.000
v 16862.523 4262.523 5500.000
v 16867.461 4248.000 5500.000
v 16902.010 4230.010 5500.000
v 16975.596 4159.596 5500.000
v 17018.799 4058.799 5500.000
v 17046.648 3960.000 5500.000
v 17098.994 3850.994 5500.000
v 17180.500 3716.500 5500.000
v 17202.816 3594.817 5500.000
v 17248.434 3496.433 5500.000
v 17315.730 3384.000 5500.000
v 17313.693 3345.694 5500.000
v 17327.684 3312.000 5500.000
v 17326.496 3286.497 5500.000
v 17314.457 3240.000 5500.000
v 17280.000 3173.029 5500.000
v 17208.000 3152.191 5500.000
v 17128.113 3160.113 5500.000
v 17096.912 3200.913 5500.000
v 17064.000 3213.683 5500.000
v 17041.229 3217.229 5500.000
v 16992.000 3199.383 5500.000
v 16920.000 3208.233 5500.000
v 16882.986 3202.985 5500.000
v 16848.000 3248.936 5500.000
v 16809.898 3240.000 5500.000
v 16776.000 3221.703 5500.000
v 16738.795 3168.000 5500.000
v 16688.205 3024.000 5500.000
v 16632.000 2967.452 5500.000
v 16560.000 2970.031 5500.000
v 16480.869 3016.869 5500.000
v 16416.000 3096.835 5500.000
v 16344.000 3088.884 5500.000
v 16310.975 2952.000 5500.000
v 16272.000 2884.060 5500.000
v 16228.572 2908.573 5500.000
v 16200.000 2899.193 5500.000
v 16056.000 2940.416 5500.000
v 15909.127 2949.126 5500.000
v 15802.752 2986.752 5500.000
v 15768.000 3021.833 5500.000
v 15696.000 2999.367 5500.000
v 15624.000 2942.427 5500.000
v 15575.153 2880.000 5500.000
v 15546.909 2808.000 5500.000
v 15594.479 2736.000 5500.000
v 15592.462 2704.462 5500.000
v 15620.572 2664.000 5500.000
v 15480.000 2562.094 5500.000
v 15458.705 2570.705 5500.000
v 15408.000 2570.173 5500.000
v 15304.539 2632.539 5500.000
v 15210.207 2736.000 5500.000
v 15197.160 2885.160 5500.000
v 15133.688 2965.688 5500.000
v 15050.307 3096.000 5500.000
v 14976.000 3181.405 5500.000
v 14904.000 3217.882 5500.000
v 14816.939 3224.939 5500.000
v 14705.641 3257.640 5500.000
v 14660.660 3284.660 5500.000
v 14616.000 3285.588 5500.000
v 14496.855 3264.855 5500.000
v 14400.000 3230.041 5500.000
v 14352.471 3264.470 5500.000
v 14256.000 3251.635 5500.000
v 14223.808 3240.000 5500.000
v 14184.000 3193.667 5500.000
v 14090.771 3384.000 5500.000
v 14083.630 3456.000 5500.000
v 14162.270 3528.000 5500.000
v 14223.537 3600.000 5500.000
v 14247.380 3672.000 5500.000
v 14100.686 3960.000 5500.000
v 14098.098 4032.000 5500.000
v 14072.918 4064.918 5500.000
v 14073.002 4104.000 5500.000
v 14040.000 4157.920 5500.000
v 13931.884 4139.884 5500.000
v 13752.000 4064.742 5500.000
v 13608.000 4055.959 5500.000
v 13573.906 4069.906 5500.000
v 13508.603 4076.602 5500.000
v 13468.024 4108.024 5500.000
v 13392.000 4192.398 5500.000
v 13229.134 4301.134 5500.000
v 12960.000 4531.699 5500.000
v 12914.840 4562.840 5500.000
v 12863.283 4583.284 5500.000
v 12816.000 4622.742 5500.000
v 12768.971 4632.971 5500.000
v 12733.646 4680.000 5500.000
v 12575.714 4727.714 5500.000
v 12529.206 4753.207 5500.000
v 12386.987 4898.988 5500.000
v 12333.962 4989.962 5500.000
v 12279.033 5040.000 5500.000
v 12265.833 5065.833 5500.000
v 12259.879 5112.000 5500.000
v 12240.000 5125.137 5500.000
v 12096.000 5081.607 5500.000
v 12024.000 5093.648 5500.000
v 11988.988 5112.000 5500.000
v 11936.054 5168.053 5500.000
v 11887.477 5191.477 5500.000
v 11761.012 5209.012 5500.000
v 11736.000 5229.764 5500.000
v 11706.579 5226.579 5500.000
v 11593.091 5257.091 5500.000
v 11562.535 5298.535 5500.000
v 11520.000 5327.758 5500.000
v 11493.899 5373.899 5500.000
v 11463.108 5400.000 5500.000
v 11418.045 5586.045 5500.000
v 11363.969 5675.969 5500.000
v 11304.000 5709.423 5500.000
v 11004.196 5820.196 5500.000
v 10872.000 5916.950 5500.000
v 10825.661 5929.661 5500.000
v 10800.000 5954.140 5500.000
v 10773.102 5949.102 5500.000
v 10728.000 5977.956 5500.000
v 10656.000 5923.882 5500.000
v 10609.830 5832.000 5500.000
v 10561.410 5688.000 5500.000
v 10556.606 5588.606 5500.000
v 10576.598 5472.000 5500.000
v 10597.879 5413.879 5500.000
v 10669.208 5341.208 5500.000
v 10684.462 5284.462 5500.000
v 10725.478 5253.477 5500.000
v 10729.509 5184.000 5500.000
v 10749.569 5112.000 5500.000
v 10728.000 5053.978 5500.000
v 10656.000 5039.958 5500.000
v 10584.000 5043.553 5500.000
v 10512.000 5061.008 5500.000
v 10440.000 5039.796 5500.000
v 10296.000 4950.808 5500.000
v 10152.000 4926.682 5500.000
v 10080.000 4945.612 5500.000
v 10008.000 4950.739 5500.000
v 9864.000 4908.351 5500.000
v 9761.578 4937.578 5500.000
v 9557.946 5021.946 5500.000
v 9524.554 5060.554 5500.000
v 9474.607 5154.608 5500.000
v 9432.000 5203.825 5500.000
v 9361.254 5257.254 5500.000
v 9288.000 5296.533 5500.000
v 9216.000 5304.401 5500.000
v 9144.000 5273.360 5500.000
v 9072.000 5214.432 5500.000
v 8928.000 5065.500 5500.000
v 8856.000 5033.232 5500.000
v 8784.000 5017.698 5500.000
v 8712.000 5038.156 5500.000
v 8620.311 5020.311 5500.000
v 8585.840 5057.840 5500.000
v 8592.253 5136.253 5500.000
v 8619.884 5235.883 5500.000
v 8595.271 5328.000 5500.000
v 8542.713 5374.713 5500.000
v 8496.000 5447.665 5500.000
v 8478.130 5454.130 5500.000
v 8424.000 5528.589 5500.000
v 8407.028 5527.029 5500.000
v 8395.919 5544.000 5500.000
v 8352.000 5572.209 5500.000
v 8290.003 5554.003 5500.000
v 8280.000 5565.444 5500.000
v 8205.922 5472.000 5500.000
v 8121.293 5400.000 5500.000
v 8064.000 5366.910 5500.000
v 8037.926 5328.000 5500.000
v 7992.000 5295.205 5500.000
v 7920.000 5279.774 5500.000
v 7848.000 5218.689 5500.000
v 7776.000 5123.868 5500.000
v 7704.000 5064.597 5500.000
v 7632.000 5018.537 5500.000
v 7523.754 4968.000 5500.000
v 7416.000 4844.983 5500.000
v 7402.391 4810.391 5500.000
v 7398.706 4752.000 5500.000
v 7344.000 4649.294 5500.000
v 7285.990 4608.000 5500.000
v 7253.750 4392.000 5500.000
v 7285.426 4333.426 5500.000
v 7329.107 4305.107 5500.000
v 7359.349 4263.349 5500.000
v 7420.019 4252.019 5500.000
v 7502.159 4262.159 5500.000
v 7509.396 4248.000 5500.000
v 7542.316 4230.316 5500.000
v 7560.000 4212.121 5500.000
v 7607.465 4104.000 5500.000
v 7601.148 4073.148 5500.000
v 7621.769 4032.000 5500.000
v 7560.000 3960.682 5500.000
v 7488.000 3918.671 5500.000
v 7386.711 3888.000 5500.000
v 7272.000 3833.430 5500.000
v 7173.769 3672.000 5500.000
v 7144.707 3600.000 5500.000
v 7149.589 3528.000 5500.000
v 7189.616 3445.616 5500.000
v 7196.328 3380.328 5500.000
v 7235.890 3347.889 5500.000
v 7284.195 3324.195 5500.000
v 7318.188 3286.189 5500.000
v 7369.584 3265.584 5500.000
v 7416.000 3203.803 5500.000
v 7560.000 3267.417 5500.000
v 7632.000 3313.051 5500.000
v 7679.859 3287.859 5500.000
v 7744.752 3280.752 5500.000
v 7992.000 3283.100 5500.000
v 8136.000 3297.875 5500.000
v 8280.000 3295.759 5500.000
v 8496.000 3333.228 5500.000
v 8568.000 3364.513 5500.000
v 8712.000 3485.248 5500.000
v 8856.000 3551.821 5500.000
v 8896.907 3528.000 5500.000
v 8908.812 3508.812 5500.000
v 8911.353 3456.000 5500.000
v 8945.615 3384.000 5500.000
v 8943.569 3327.569 5500.000
v 8962.704 3274.704 5500.000
v 8997.634 3237.634 5500.000
v 9035.507 3168.000 5500.000
v 9114.191 3138.191 5500.000
v 9216.000 3143.202 5500.000
v 9360.000 3202.137 5500.000
v 9432.000 3266.207 5500.000
v 9504.000 3284.086 5500.000
v 9614.907 3350.907 5500.000
v 9720.000 3395.873 5500.000
v 9792.000 3414.468 5500.000
v 9864.000 3396.066 5500.000
v 9936.000 3423.380 5500.000
v 9965.804 3413.804 5500.000
v 10008.000 3417.734 5500.000
v 10110.542 3384.000 5500.000
v 10181.044 3341.044 5500.000
v 10288.529 3304.529 5500.000
v 10440.000 3320.582 5500.000
v 10512.000 3318.541 5500.000
v 10584.000 3297.847 5500.000
v 10615.554 3271.553 5500.000
v 10738.257 3250.257 5500.000
v 10800.000 3228.056 5500.000
v 10855.545 3223.545 5500.000
v 10999.488 3151.488 5500.000
v 11126.502 3134.502 5500.000
v 11216.973 3096.000 5500.000
v 11160.000 3070.455 5500.000
v 10872.000 2757.436 5500.000
v 10800.000 2715.444 5500.000
v 10728.000 2651.060 5500.000
v 10656.000 2611.501 5500.000
v 10512.000 2556.387 5500.000
v 10440.000 2502.877 5500.000
v 10336.667 2448.000 5500.000
v 10296.000 2388.289 5500.000
v 10262.572 2376.000 5500.000
v 10333.388 2197.387 5500.000
v 10321.014 2088.000 5500.000
v 10403.943 2016.000 5500.000
v 10495.365 1999.365 5500.000
v 10584.000 2010.725 5500.000
v 10800.000 2113.961 5500.000
v 10926.487 2160.000 5500.000
v 11088.000 2259.373 5500.000
v 11160.000 2284.896 5500.000
v 11200.611 2272.611 5500.000
v 11304.000 2282.352 5500.000
v 11423.449 2279.449 5500.000
v 11448.000 2265.176 5500.000
v 11592.000 2255.004 5500.000
v 11664.000 2238.167 5500.000
v 11744.872 2240.872 5500.000
v 11807.635 2232.000 5500.000
v 11690.913 2088.000 5500.000
v 11695.802 2016.000 5500.000
v 11669.086 1944.000 5500.000
v 11602.795 1666.795 5500.000
v 11571.741 1440.000 5500.000
v 11517.481 1368.000 5500.000
v 11450.720 1224.000 5500.000
v 11114.294 1008.000 5500.000
v 11016.000 933.420 5500.000
v 10944.000 831.605 5500.000
v 10871.583 792.000 5500.000
v 10834.124 720.000 5500.000
v 10821.520 648.000 5500.000
v 10800.000 593.670 5500.000
v 10728.000 464.532 5500.000
v 10720.127 424.127 5500.000
v 10752.279 360.000 5500.000
v 10829.539 317.539 5500.000
v 10903.052 319.051 5500.000
v 11072.574 344.574 5500.000
v 11304.000 406.459 5500.000
v 11350.566 406.566 5500.000
v 11412.521 432.000 5500.000
v 11520.000 508.685 5500.000
v 11606.763 518.763 5500.000
v 11667.829 507.829 5500.000
v 11808.000 574.560 5500.000
v 11952.000 682.697 5500.000
v 12240.000 820.578 5500.000
v 12312.000 847.591 5500.000
v 12456.000 882.138 5500.000
v 12600.000 944.005 5500.000
v 12672.000 947.320 5500.000
v 12744.000 966.327 5500.000
v 12816.000 1064.016 5500.000
v 12858.761 1152.000 5500.000
v 12960.000 1221.595 5500.000
v 13096.156 1288.156 5500.000
v 13131.517 1152.000 5500.000
v 13138.244 1080.000 5500.000
v 13122.618 1008.000 5500.000
v 13087.187 936.000 5500.000
v 13103.268 863.268 5500.000
v 13101.078 792.000 5500.000
v 13152.812 696.811 5500.000
v 13248.000 613.948 5500.000
v 13372.813 556.814 5500.000
v 13464.000 560.140 5500.000
v 13608.000 582.618 5500.000
v 13680.000 607.113 5500.000
v 13824.000 696.212 5500.000
v 13861.917 685.917 5500.000
v 13903.027 655.028 5500.000
v 14016.813 480.813 5500.000
v 14055.081 447.081 5500.000
v 14184.000 382.618 5500.000
v 14256.000 366.515 5500.000
v 14400.000 374.740 5500.000
v 14484.885 432.000 5500.000
v 14544.000 556.113 5500.000
v 14574.314 534.314 5500.000
v 14616.000 539.658 5500.000
v 14649.928 504.000 5500.000
v 14660.028 476.028 5500.000
v 14697.118 441.118 5500.000
v 14700.759 300.759 5500.000
v 14719.848 247.848 5500.000
v 14728.373 184.373 5500.000
v 14722.207 144.000 5500.000
v 14688.000 75.716 5500.000
v 14563.100 0.000 5500.000
v 14544.000 -37.019 5500.000
v 14472.000 -127.144 5500.000
v 14464.927 -216.000 5500.000
v 14433.138 -288.000 5500.000
v 14400.000 -322.107 5500.000
v 14383.162 -360.000 5500.000
v 14328.000 -419.878 5500.000
v 14256.000 -414.052 5500.000
v 14112.000 -441.458 5500.000
v 14040.000 -460.219 5500.000
v 13988.976 -504.000 5500.000
v 13927.887 -648.000 5500.000
v 13947.846 -720.000 5500.000
v 14001.683 -758.317 5500.000
v 14023.013 -792.000 5500.000
v 14133.724 -842.276 5500.000
v 14184.000 -880.174 5500.000
v 14256.000 -907.786 5500.000
v 14314.958 -949.042 5500.000
v 14400.000 -1042.703 5500.000
v 14472.000 -1072.890 5500.000
v 14544.000 -1073.358 5500.000
v 14688.000 -1036.658 5500.000
v 14714.344 -1053.656 5500.000
v 14775.001 -1064.999 5500.000
v 14817.469 -1094.531 5500.000
v 14904.000 -1120.410 5500.000
v 15087.755 -1112.245 5500.000
v 15192.000 -1133.123 5500.000
v 15264.000 -1120.078 5500.000
v 15336.000 -1085.642 5500.000
v 15418.066 -1008.000 5500.000
v 15437.525 -936.000 5500.000
v 15423.361 -864.000 5500.000
v 15334.106 -793.893 5500.000
v 15333.832 -722.168 5500.000
v 15408.000 -633.456 5500.000
v 15434.324 -621.676 5500.000
v 15480.000 -607.067 5500.000
v 15552.000 -635.372 5500.000
v 15696.000 -628.516 5500.000
v 15768.000 -593.839 5500.000
v 15840.000 -518.337 5500.000
v 15984.000 -474.983 5500.000
v 16051.767 -508.233 5500.000
v 16066.703 -576.000 5500.000
v 16105.013 -648.000 5500.000
v 16136.537 -792.000 5500.000
v 16056.000 -814.618 5500.000
v 15984.000 -860.831 5500.000
v 15972.228 -936.000 5500.000
v 15943.387 -1008.000 5500.000
v 15946.193 -1080.000 5500.000
v 15930.973 -1152.000 5500.000
v 15972.129 -1224.000 5500.000
v 15949.867 -1296.000 5500.000
v 16014.394 -1409.606 5500.000
v 16032.629 -1535.371 5500.000
v 16081.572 -1584.000 5500.000
v 16034.641 -1656.000 5500.000
v 16043.363 -1668.637 5500.000
v 16043.932 -1740.069 5500.000
v 16076.420 -1800.000 5500.000
v 16027.421 -1972.579 5500.000
v 16052.512 -2016.000 5500.000
v 15984.000 -2055.366 5500.000
v 15961.866 -2038.134 5500.000
v 15899.687 -2016.000 5500.000
v 15866.565 -1989.435 5500.000
v 15754.886 -1957.115 5500.000
v 15696.000 -1895.905 5500.000
v 15664.751 -1903.249 5500.000
v 15624.000 -1888.805 5500.000
v 15587.211 -1944.000 5500.000
v 15552.000 -1976.901 5500.000
v 15480.000 -2019.295 5500.000
v 15408.000 -2007.425 5500.000
v 15336.000 -2019.059 5500.000
v 15264.000 -2048.259 5500.000
v 15218.636 -1989.364 5500.000
v 15188.723 -1872.000 5500.000
v 15144.939 -1775.061 5500.000
v 15075.527 -1700.473 5500.000
v 15048.000 -1685.523 5500.000
v 15017.311 -1686.689 5500.000
v 14976.000 -1693.664 5500.000
v 14904.000 -1732.860 5500.000
v 14832.000 -1731.786 5500.000
v 14755.592 -1800.000 5500.000
v 14688.000 -1831.609 5500.000
v 14544.000 -1868.974 5500.000
v 14483.595 -1944.000 5500.000
v 14471.728 -2016.000 5500.000
v 14421.247 -2160.000 5500.000
v 14400.000 -2180.144 5500.000
v 14328.000 -2207.380 5500.000
v 14285.649 -2160.000 5500.000
v 14225.848 -2046.152 5500.000
v 14156.849 -1971.152 5500.000
v 14107.484 -1948.516 5500.000
v 14085.047 -1872.000 5500.000
v 14087.604 -1824.396 5500.000
v 14055.764 -1712.236 5500.000
v 14040.000 -1697.551 5500.000
v 13896.000 -1693.877 5500.000
v 13846.699 -1633.301 5500.000
v 13799.448 -1608.552 5500.000
v 13776.752 -1559.249 5500.000
v 13752.000 -1541.219 5500.000
v 13680.000 -1512.566 5500.000
v 13608.000 -1506.568 5500.000
v 13536.000 -1601.075 5500.000
v 13478.420 -1656.000 5500.000
v 13457.205 -1662.795 5500.000
v 13392.000 -1644.204 5500.000
v 13331.574 -1656.000 5500.000
v 13320.000 -1672.384 5500.000
v 13293.664 -1800.000 5500.000
v 13295.649 -1896.351 5500.000
v 13307.390 -1944.000 5500.000
v 13248.000 -2020.950 5500.000
v 13176.000 -2145.784 5500.000
v 13032.000 -2176.551 5500.000
v 12960.000 -2172.455 5500.000
v 12877.069 -2098.930 5500.000
v 12850.316 -2053.684 5500.000
v 12783.739 -1976.261 5500.000
v 12600.000 -1922.173 5500.000
v 12528.000 -1944.578 5500.000
v 12456.000 -1987.664 5500.000
v 12430.432 -2016.000 5500.000
v 12384.000 -2133.700 5500.000
v 12330.617 -2160.000 5500.000
v 12240.000 -2183.791 5500.000
v 12168.000 -2243.576 5500.000
v 12110.619 -2217.381 5500.000
v 12024.000 -2206.751 5500.000
v 11952.000 -2264.208 5500.000
v 11762.504 -2277.496 5500.000
v 11720.389 -2247.611 5500.000
v 11664.000 -2233.888 5500.000
v 11591.328 -2160.672 5500.000
v 11562.760 -2117.240 5500.000
v 11520.000 -2103.644 5500.000
v 11448.000 -2112.417 5500.000
v 11376.000 -2191.343 5500.000
v 11304.000 -2227.918 5500.000
v 11249.125 -2214.875 5500.000
v 11198.585 -2049.415 5500.000
v 11188.500 -1944.000 5500.000
v 11212.251 -1872.000 5500.000
v 11198.887 -1833.114 5500.000
v 11195.896 -1764.104 5500.000
v 11173.101 -1714.899 5500.000
v 11160.000 -1705.371 5500.000
v 11088.000 -1716.128 5500.000
v 11045.179 -1728.000 5500.000
v 11016.000 -1753.444 5500.000
v 11007.978 -1736.022 5500.000
v 10898.463 -1701.537 5500.000
v 10857.284 -1728.000 5500.000
v 10811.850 -1872.000 5500.000
v 10763.873 -1944.000 5500.000
v 10735.956 -2016.000 5500.000
v 10656.000 -2075.039 5500.000
v 10536.678 -2063.322 5500.000
v 10440.000 -2034.668 5500.000
v 10296.000 -2103.910 5500.000
v 10224.000 -2118.366 5500.000
v 10152.000 -2177.371 5500.000
v 10080.000 -2180.908 5500.000
v 10044.488 -2232.000 5500.000
v 10017.807 -2304.000 5500.000
v 9979.169 -2520.000 5500.000
v 9979.144 -2592.000 5500.000
v 9949.525 -2664.000 5500.000
v 9864.000 -2699.449 5500.000
v 9792.000 -2698.503 5500.000
v 9742.528 -2736.000 5500.000
v 9720.000 -2820.203 5500.000
v 9576.000 -3015.641 5500.000
v 9486.607 -2969.392 5500.000
v 9455.832 -2928.168 5500.000
v 9266.055 -2757.945 5500.000
v 9234.248 -2717.752 5500.000
v 9209.175 -2664.000 5500.000
v 9191.035 -2592.000 5500.000
v 9183.855 -2448.000 5500.000
v 9160.600 -2376.000 5500.000
v 9021.595 -2282.405 5500.000
v 8880.095 -2207.906 5500.000
v 8794.136 -2149.864 5500.000
v 8628.318 -2016.000 5500.000
v 8680.098 -1944.000 5500.000
v 8782.981 -1872.000 5500.000
v 8856.000 -1805.455 5500.000
v 8905.505 -1728.000 5500.000
v 8901.823 -1682.177 5500.000
v 8855.600 -1584.400 5500.000
v 8791.893 -1512.000 5500.000
v 8799.237 -1440.000 5500.000
v 8712.000 -1442.921 5500.000
v 8509.043 -1426.957 5500.000
v 8424.000 -1383.954 5500.000
v 8353.771 -1366.229 5500.000
v 8243.411 -1404.589 5500.000
v 8208.000 -1378.726 5500.000
v 8205.461 -1368.000 5500.000
v 8251.973 -1296.000 5500.000
v 8273.148 -1224.000 5500.000
v 8380.293 -1051.707 5500.000
v 8413.724 -946.276 5500.000
v 8396.071 -891.929 5500.000
v 8351.282 -864.000 5500.000
v 8325.241 -818.759 5500.000
v 8249.353 -750.648 5500.000
v 8176.602 -648.000 5500.000
v 8171.099 -612.901 5500.000
v 8189.907 -522.093 5500.000
v 8139.252 -500.747 5500.000
v 8064.000 -503.791 5500.000
v 7992.000 -524.211 5500.000
v 7920.000 -513.689 5500.000
v 7848.000 -515.861 5500.000
v 7755.896 -576.000 5500.000
v 7680.690 -599.310 5500.000
v 7568.473 -567.527 5500.000
v 7433.466 -486.534 5500.000
v 7344.000 -445.136 5500.000
v 7287.466 -432.000 5500.000
v 7256.309 -432.000 5500.000
v 7200.000 -449.276 5500.000
v 7128.000 -484.922 5500.000
v 6984.000 -642.510 5500.000
v 6912.000 -738.610 5500.000
v 6884.417 -792.000 5500.000
v 6894.559 -881.442 5500.000
v 6982.804 -1008.000 5500.000
v 7028.738 -1107.262 5500.000
v 7091.622 -1152.000 5500.000
v 7130.902 -1224.000 5500.000
v 7123.926 -1372.074 5500.000
v 7074.571 -1656.000 5500.000
v 7056.000 -1692.649 5500.000
v 6968.880 -1800.000 5500.000
v 6922.870 -1944.000 5500.000
v 6885.029 -2016.000 5500.000
v 6874.146 -2088.000 5500.000
v 6899.866 -2172.134 5500.000
v 6948.733 -2448.000 5500.000
v 6977.875 -2526.125 5500.000
v 6998.292 -2649.708 5500.000
v 7088.689 -2919.311 5500.000
v 7128.000 -2989.946 5500.000
v 7146.758 -3005.242 5500.000
v 7200.000 -3002.623 5500.000
v 7272.000 -3076.683 5500.000
v 7333.459 -3250.541 5500.000
v 7366.824 -3312.000 5500.000
v 7420.179 -3379.821 5500.000
v 7567.384 -3520.615 5500.000
v 7607.299 -3624.701 5500.000
v 7658.296 -3672.000 5500.000
v 7687.618 -3816.000 5500.000
v 7715.955 -3876.045 5500.000
v 7730.337 -3933.663 5500.000
v 7733.793 -4002.207 5500.000
v 7784.907 -4167.093 5500.000
v 7858.511 -4248.000 5500.000
v 7969.264 -4342.736 5500.000
v 8044.875 -4392.000 5500.000
v 8106.311 -4493.689 5500.000
v 8239.751 -4576.249 5500.000
v 8274.606 -4608.000 5500.000
v 8313.494 -4646.506 5500.000
v 8371.141 -4732.859 5500.000
v 8424.000 -4784.652 5500.000
v 8449.873 -4798.127 5500.000
v 8472.048 -4968.000 5500.000
v 8525.243 -5082.756 5500.000
v 8518.651 -5112.000 5500.000
v 8534.385 -5145.615 5500.000
v 8534.840 -5289.161 5500.000
v 8544.248 -5328.000 5500.000
v 8513.904 -5400.000 5500.000
v 8352.000 -5490.770 5500.000
v 8280.000 -5579.372 5500.000
v 8224.141 -5616.000 5500.000
v 8215.716 -5680.284 5500.000
v 8230.781 -5737.219 5500.000
v 8234.055 -5832.000 5500.000
v 8199.904 -5976.000 5500.000
v 8215.020 -6120.000 5500.000
v 8302.819 -6169.180 5500.000
v 8352.000 -6224.129 5500.000
v 8416.632 -6264.000 5500.000
v 8474.526 -6285.474 5500.000
v 8568.000 -6289.546 5500.000
v 8663.701 -6312.299 5500.000
v 8716.697 -6336.000 5500.000
v 8732.665 -6459.334 5500.000
v 8725.012 -6552.000 5500.000
v 8652.681 -6683.319 5500.000
v 8637.765 -6768.000 5500.000
v 8644.854 -6912.000 5500.000
v 8672.780 -6951.220 5500.000
v 8687.093 -7008.907 5500.000
v 8710.229 -7201.771 5500.000
v 8754.564 -7301.436 5500.000
v 8787.076 -7340.924 5500.000
v 8787.195 -7412.805 5500.000
v 8813.457 -7458.543 5500.000
v 8856.000 -7499.421 5500.000
v 8900.085 -7515.915 5500.000
v 8967.818 -7592.182 5500.000
v 8990.682 -7632.000 5500.000
v 9020.932 -7755.068 5500.000
v 9072.926 -7847.074 5500.000
v 9110.887 -7881.113 5500.000
v 9168.263 -7967.737 5500.000
v 9218.261 -7989.739 5500.000
v 9226.804 -8053.197 5500.000
v 9257.716 -8094.284 5500.000
v 9309.036 -8208.000 5500.000
v 9310.065 -8280.000 5500.000
v 9271.439 -8352.000 5500.000
v 9281.564 -8358.436 5500.000
v 9288.000 -8396.592 5500.000
v 9321.585 -8424.000 5500.000
v 9351.143 -8432.857 5500.000
v 9360.000 -8451.628 5500.000
v 9432.000 -8448.562 5500.000
v 9497.120 -8430.880 5500.000
v 9576.000 -8472.986 5500.000
v 9648.000 -8476.704 5500.000
v 9720.000 -8415.436 5500.000
v 9765.418 -8352.000 5500.000
v 9792.000 -8333.179 5500.000
v 9814.395 -8329.605 5500.000
v 9936.000 -8350.373 5500.000
v 10013.763 -8208.000 5500.000
v 10035.517 -8136.000 5500.000
v 10080.000 -8109.376 5500.000
v 10101.568 -8064.000 5500.000
v 10170.897 -7973.102 5500.000
v 10265.830 -7734.170 5500.000
v 10251.560 -7676.440 5500.000
v 10241.226 -7560.000 5500.000
v 10196.864 -7443.136 5500.000
v 10195.602 -7416.000 5500.000
v 10272.952 -7272.000 5500.000
v 10278.522 -7217.478 5500.000
v 10249.780 -7174.220 5500.000
v 10234.016 -7045.984 5500.000
v 10212.250 -6995.750 5500.000
v 10196.111 -6984.000 5500.000
v 10237.062 -6840.000 5500.000
v 10236.017 -6755.984 5500.000
v 10250.585 -6696.000 5500.000
v 10298.596 -6552.000 5500.000
v 10334.870 -6480.000 5500.000
v 10331.941 -6408.000 5500.000
v 10358.473 -6336.000 5500.000
v 10413.361 -6264.000 5500.000
v 10440.000 -6207.489 5500.000
v 10458.910 -6120.000 5500.000
v 10426.003 -6048.000 5500.000
v 10347.463 -5996.537 5500.000
v 10336.504 -5976.000 5500.000
v 10430.939 -5904.000 5500.000
v 10454.546 -5832.000 5500.000
v 10410.946 -5760.000 5500.000
v 10480.507 -5616.000 5500.000
v 10487.636 -5544.000 5500.000
v 10562.941 -5400.000 5500.000
v 10656.000 -5317.837 5500.000
v 10753.070 -5302.930 5500.000
v 10904.010 -5295.990 5500.000
v 11160.000 -5238.590 5500.000
v 11232.000 -5282.673 5500.000
v 11304.000 -5384.940 5500.000
v 11390.672 -5457.328 5500.000
v 11520.000 -5515.501 5500.000
v 11664.000 -5555.166 5500.000
v 11698.027 -5581.973 5500.000
v 11793.867 -5630.132 5500.000
v 11899.615 -5668.385 5500.000
v 12091.118 -5832.000 5500.000
v 12234.151 -5909.849 5500.000
v 12293.604 -5994.395 5500.000
v 12312.000 -6159.230 5500.000
v 12337.755 -6238.246 5500.000
v 12342.476 -6377.524 5500.000
v 12384.000 -6460.604 5500.000
v 12450.013 -6485.987 5500.000
v 12440.987 -6552.000 5500.000
v 12493.871 -6696.000 5500.000
v 12482.504 -6741.497 5500.000
v 12498.937 -6768.000 5500.000
v 12384.000 -6921.617 5500.000
v 12312.000 -6935.075 5500.000
v 12240.000 -6962.276 5500.000
v 12096.000 -6985.276 5500.000
v 12024.000 -7062.957 5500.000
v 11883.468 -7128.000 5500.000
v 11824.790 -7200.000 5500.000
v 11793.138 -7214.862 5500.000
v 11717.540 -7218.459 5500.000
v 11640.198 -7272.000 5500.000
v 11603.089 -7344.000 5500.000
v 11606.092 -7416.000 5500.000
v 11637.812 -7442.188 5500.000
v 11687.112 -7464.887 5500.000
v 11799.394 -7568.606 5500.000
v 11920.383 -7591.617 5500.000
v 11952.000 -7635.906 5500.000
v 12168.000 -7610.378 5500.000
v 12240.000 -7590.964 5500.000
v 12384.000 -7516.341 5500.000
v 12456.000 -7495.615 5500.000
v 12524.559 -7491.441 5500.000
v 12672.000 -7461.684 5500.000
v 12744.000 -7435.474 5500.000
v 12816.000 -7396.813 5500.000
v 12888.000 -7322.542 5500.000
v 13032.000 -7262.610 5500.000
v 13104.000 -7200.368 5500.000
v 13176.000 -7116.788 5500.000
v 13220.844 -7056.000 5500.000
v 13248.000 -7000.505 5500.000
v 13320.000 -6947.881 5500.000
v 13392.000 -6924.294 5500.000
v 13485.239 -6962.761 5500.000
v 13478.609 -7056.000 5500.000
v 13490.061 -7101.939 5500.000
v 13469.293 -7338.707 5500.000
v 13490.312 -7416.000 5500.000
v 13499.645 -7524.355 5500.000
v 13553.955 -7614.045 5500.000
v 13617.410 -7694.590 5500.000
v 13641.333 -7776.000 5500.000
v 13677.372 -7850.627 5500.000
v 13732.556 -7867.444 5500.000
v 13752.000 -7887.003 5500.000
v 13896.000 -7895.698 5500.000
v 13945.125 -7942.875 5500.000
v 14021.654 -7938.346 5500.000
v 14112.000 -7925.826 5500.000
v 14184.000 -7889.962 5500.000
v 14457.698 -7704.000 5500.000
v 14538.105 -7632.000 5500.000
v 14648.016 -7416.000 5500.000
v 14759.668 -7344.000 5500.000
v 14832.000 -7258.122 5500.000
v 14897.226 -7278.774 5500.000
v 14892.999 -7344.000 5500.000
v 14832.000 -7391.627 5500.000
v 14773.067 -7488.000 5500.000
v 14746.131 -7560.000 5500.000
v 14722.997 -7704.000 5500.000
v 14679.809 -7776.000 5500.000
v 14678.854 -7848.000 5500.000
v 14697.989 -7920.000 5500.000
v 14664.699 -7992.000 5500.000
v 14652.079 -8099.920 5500.000
v 14658.957 -8136.000 5500.000
v 14616.000 -8207.448 5500.000
v 14554.271 -8280.000 5500.000
v 14622.294 -8424.000 5500.000
v 14631.914 -8480.086 5500.000
v 14612.336 -8640.000 5500.000
v 14591.993 -8712.000 5500.000
v 14649.391 -8822.609 5500.000
v 14712.562 -8903.438 5500.000
v 14728.159 -8959.841 5500.000
v 14688.000 -9085.362 5500.000
v 14624.851 -9144.000 5500.000
v 14635.104 -9268.896 5500.000
v 14621.905 -9360.000 5500.000
v 14601.566 -9432.000 5500.000
v 14563.026 -9504.000 5500.000
v 14584.291 -9535.709 5500.000
v 14596.884 -9595.116 5500.000
v 14643.510 -9648.000 5500.000
v 14625.780 -9710.220 5500.000
v 14632.556 -9720.000 5500.000
v 14616.000 -9744.778 5500.000
v 14603.926 -9804.074 5500.000
v 14611.793 -9864.000 5500.000
v 14645.680 -9936.000 5500.000
v 14639.426 -10008.000 5500.000
v 14489.155 -10152.000 5500.000
v 14486.236 -10224.000 5500.000
v 14594.649 -10389.351 5500.000
v 14616.000 -10514.360 5500.000
v 14760.678 -10656.000 5500.000
v 14832.000 -10684.244 5500.000
v 14976.000 -10709.870 5500.000
v 15028.696 -10728.000 5500.000
v 15082.669 -10765.331 5500.000
v 15192.000 -10812.362 5500.000
v 15222.392 -10841.608 5500.000
v 15242.429 -10872.000 5500.000
v 15246.297 -10944.000 5500.000
v 15205.520 -11016.000 5500.000
v 15205.008 -11074.992 5500.000
v 15233.601 -11118.399 5500.000
v 15373.048 -11232.000 5500.000
v 15381.076 -11258.924 5500.000
v 15429.788 -11304.000 5500.000
v 15440.992 -11343.008 5500.000
v 15489.187 -11366.813 5500.000
v 15552.000 -11354.187 5500.000
v 15624.000 -11353.934 5500.000
v 15696.000 -11299.407 5500.000
v 15768.000 -11213.067 5500.000
v 15840.000 -11212.396 5500.000
v 15912.000 -11183.688 5500.000
v 15984.000 -11170.366 5500.000
v 16033.412 -11182.588 5500.000
v 16102.764 -11257.236 5500.000
v 16150.477 -11281.523 5500.000
v 16200.000 -11327.755 5500.000
v 16344.000 -11531.735 5500.000
v 16602.117 -11736.000 5500.000
v 16764.543 -11891.457 5500.000
v 16868.029 -11931.970 5500.000
v 16983.068 -11960.933 5500.000
v 17111.158 -11976.841 5500.000
v 17195.143 -11964.857 5500.000
v 17280.000 -11928.101 5500.000
v 17352.000 -11915.243 5500.000
v 17376.430 -11927.570 5500.000
v 17443.109 -11932.891 5500.000
v 17568.000 -11969.171 5500.000
v 17746.916 -11989.084 5500.000
v 18000.000 -11973.050 5500.000
v 18144.000 -11947.513 5500.000
v 18216.000 -11925.586 5500.000
v 18275.684 -11880.000 5500.000
v 18325.523 -11808.000 5500.000
v 18351.996 -11736.000 5500.000
v 18432.000 -11607.322 5500.000
v 18467.176 -11592.000 5500.000
v 18504.000 -11543.652 5500.000
v 18530.633 -11709.367 5500.000
v 18582.820 -11808.000 5500.000
v 18598.668 -11880.000 5500.000
v 18563.855 -11952.000 5500.000
v 18595.779 -12076.222 5500.000
v 18585.748 -12168.000 5500.000
v 18630.059 -12240.000 5500.000
v 18661.859 -12384.000 5500.000
v 18644.566 -12531.435 5500.000
v 18689.725 -12600.000 5500.000
v 18662.045 -12657.955 5500.000
v 18668.195 -12672.000 5500.000
v 18648.000 -12681.496 5500.000
v 18596.016 -12744.000 5500.000
v 18626.936 -12816.000 5500.000
v 18609.473 -12854.526 5500.000
v 18611.295 -12924.705 5500.000
v 18596.533 -12960.000 5500.000
v 18692.252 -13104.000 5500.000
v 18671.979 -13392.000 5500.000
v 18648.000 -13439.564 5500.000
v 18590.029 -13464.000 5500.000
v 18571.697 -13464.000 5500.000
v 18511.762 -13384.239 5500.000
v 18450.619 -13229.381 5500.000
v 18353.330 -13104.000 5500.000
v 18288.000 -13054.784 5500.000
v 18216.000 -13027.211 5500.000
v 18041.451 -12990.548 5500.000
v 18015.234 -12960.000 5500.000
v 18011.383 -12948.617 5500.000
v 18068.074 -12819.926 5500.000
v 18086.371 -12744.000 5500.000
v 18057.420 -12672.000 5500.000
v 17975.510 -12600.000 5500.000
v 17835.842 -12548.158 5500.000
v 17784.000 -12483.055 5500.000
v 17624.668 -12384.000 5500.000
v 17568.000 -12356.475 5500.000
v 17496.000 -12349.052 5500.000
v 17424.000 -12355.072 5500.000
v 17359.385 -12384.000 5500.000
v 17307.312 -12456.000 5500.000
v 17288.682 -12519.318 5500.000
v 17280.000 -12603.964 5500.000
v 17260.926 -12456.000 5500.000
v 17235.508 -12384.000 5500.000
v 17178.824 -12312.000 5500.000
v 17095.355 -12240.000 5500.000
v 17064.000 -12215.756 5500.000
v 16992.000 -12185.803 5500.000
v 16920.000 -12178.234 5500.000
v 16857.182 -12158.817 5500.000
v 16776.000 -12118.540 5500.000
v 16704.000 -12107.854 5500.000
v 16632.000 -12120.358 5500.000
v 16560.000 -12155.449 5500.000
v 16472.078 -12183.922 5500.000
v 16344.000 -12211.017 5500.000
v 16302.484 -12240.000 5500.000
v 16298.763 -12285.237 5500.000
v 16301.148 -12312.000 5500.000
v 16325.365 -12330.635 5500.000
v 16340.436 -12387.564 5500.000
v 16337.790 -12456.000 5500.000
v 16368.622 -12503.378 5500.000
v 16366.001 -12528.000 5500.000
v 16380.918 -12563.082 5500.000
v 16322.185 -12744.000 5500.000
v 16326.391 -12816.000 5500.000
v 16385.021 -12990.978 5500.000
v 16496.258 -13176.000 5500.000
v 16535.869 -13272.130 5500.000
v 16551.773 -13400.228 5500.000
v 16582.645 -13513.355 5500.000
v 16609.371 -13558.628 5500.000
v 16637.023 -13674.976 5500.000
v 16636.912 -13747.089 5500.000
v 16618.059 -13896.000 5500.000
v 16726.996 -14233.004 5500.000
v 16754.857 -14277.143 5500.000
v 16848.000 -14334.896 5500.000
v 16981.193 -14482.807 5500.000
v 17064.406 -14543.594 5500.000
v 17169.113 -14760.000 5500.000
v 17256.436 -14855.565 5500.000
v 17305.621 -14950.378 5500.000
v 17323.131 -15004.868 5500.000
v 17357.295 -15048.000 5500.000
v 17438.061 -15120.000 5500.000
v 17524.479 -15163.521 5500.000
v 17600.932 -15231.067 5500.000
v 17626.539 -15277.462 5500.000
v 17735.564 -15312.436 5500.000
v 17816.516 -15375.484 5500.000
v 17850.209 -15413.790 5500.000
v 17945.152 -15462.848 5500.000
v 18072.000 -15567.624 5500.000
v 18288.000 -15680.114 5500.000
v 18432.000 -15728.630 5500.000
v 18864.000 -15770.812 5500.000
v 18864.000 -7595.238 5500.000
v 18832.055 -7560.000 5500.000
v 18825.092 -7488.000 5500.000
v 18814.590 -7465.410 5500.000
v 18735.293 -7344.000 5500.000
v 18725.150 -7200.000 5500.000
v 18669.064 -7178.936 5500.000
v 18678.539 -7128.000 5500.000
v 18648.000 -7079.334 5500.000
v 18586.740 -7045.260 5500.000
v 18576.000 -6974.580 5500.000
v 18511.320 -6976.679 5500.000
v 18513.389 -6912.000 5500.000
v 18504.000 -6895.245 5500.000
v 18497.623 -6912.000 5500.000
v 18504.000 -6994.477 5500.000
v 18562.707 -6997.294 5500.000
v 18557.201 -7056.000 5500.000
v 18566.217 -7065.784 5500.000
v 18554.180 -7149.820 5500.000
v 18576.000 -7170.185 5500.000
v 18613.520 -7162.481 5500.000
v 18631.510 -7216.491 5500.000
v 18635.186 -7272.000 5500.000
v 18576.000 -7373.762 5500.000
v 18490.373 -7560.000 5500.000
v 18437.406 -7632.000 5500.000
v 18361.578 -7704.000 5500.000
v 18350.129 -7776.000 5500.000
v 18325.275 -7848.000 5500.000
v 18264.646 -7920.000 5500.000
v 18216.000 -7958.432 5500.000
v 18140.121 -8064.000 5500.000
v 18103.465 -8136.000 5500.000
v 18111.652 -8280.000 5500.000
v 17938.332 -8568.000 5500.000
v 17917.318 -8640.000 5500.000
v 17968.867 -8743.134 5500.000
v 18001.822 -8784.000 5500.000
v 18002.344 -8853.655 5500.000
v 18056.248 -9000.000 5500.000
v 18056.014 -9072.000 5500.000
v 18042.414 -9144.000 5500.000
v 17984.031 -9216.000 5500.000
v 17928.000 -9261.780 5500.000
v 17879.037 -9288.000 5500.000
v 17856.000 -9313.022 5500.000
v 17821.715 -9360.000 5500.000
v 17793.291 -9432.000 5500.000
v 17810.221 -9477.780 5500.000
v 17815.658 -9616.342 5500.000
v 17831.188 -9672.812 5500.000
v 17871.180 -9704.821 5500.000
v 17928.000 -9726.815 5500.000
v 18137.645 -9726.354 5500.000
v 18200.932 -9735.069 5500.000
v 18248.350 -9759.650 5500.000
v 18275.025 -9792.000 5500.000
v 18338.895 -9936.000 5500.000
v 18352.258 -9943.743 5500.000
v 18378.809 -9989.190 5500.000
v 18380.016 -10008.000 5500.000
v 18450.816 -10152.000 5500.000
v 18460.859 -10195.142 5500.000
v 18460.688 -10296.000 5500.000
v 18416.930 -10368.000 5500.000
v 18144.000 -10513.812 5500.000
v 18000.000 -10525.631 5500.000
v 17784.000 -10494.104 5500.000
v 17754.018 -10512.000 5500.000
v 17725.521 -10584.000 5500.000
v 17650.895 -10656.000 5500.000
v 17613.588 -10728.000 5500.000
v 17616.010 -10751.990 5500.000
v 17640.000 -10758.878 5500.000
v 17742.824 -10841.177 5500.000
v 17877.264 -10922.735 5500.000
v 18072.000 -11098.173 5500.000
v 18216.000 -11180.386 5500.000
v 18329.354 -11262.646 5500.000
v 18360.000 -11308.443 5500.000
v 18475.264 -11404.735 5500.000
v 18504.000 -11490.417 5500.000
v 18629.141 -11088.000 5500.000
v 18648.000 -11064.611 5500.000
v 18664.572 -11071.427 5500.000
v 18720.000 -11067.101 5500.000
v 18792.000 -11044.740 5500.000
v 18819.969 -11016.000 5500.000
v 18807.631 -10944.000 5500.000
v 18821.018 -10728.000 5500.000
v 18864.000 -10693.985 5500.000
l 6625 6626 6627 6628 6629 6630 6631 6632 6633 6634 6635 6636 6637 6638 6639 6640 6641 6642 6643 6644 6645 6646 6647 6648 6649 6650 6651 6652 6653 6654 6655 6656 6657 6658 6659 6660 6661 6662 6663 6664 6665 6666 6667 6668 6669 6670 6671 6672 6673 6674 6675 6676 6677 6678 6679 6680 6681 6682 6683 6684 6685 6686 6687 6688 6689 6690 6691 6692 6693 6694 6695 6696 6697 6698 6699 6700 6701 6702 6703 6704 6705 6706 6707 6708 6709 6710 6711 6712 6713 6714 6715 6716 6717 6718 6719 6720 6721 6722 6723 6724 6725 6726 6727 6728 6729 6730 6731 6732 6733 6734 6735 6736 6737 6738 6739 6740 6741 6742 6743 6744 6745 6746 6747 6748 6749 6750 6751 6752 6753 6754 6755 6756 6757 6758 6759 6760 6761 6762 6763 6764 6765 6766 6767 6768 6769 6770 6771 6772 6773 6774 6775 6776 6777 6778 6779 6780 6781 6782 6783 6784 6785 6786 6787 6788 6789 6790 6791 6792 6793 6794 6795 6796 6797 6798 6799 6800 6801 6802 6803 6804 6805 6806 6807 6808 6809 6810 6811 6812 6813 6814 6815 6816 6817 6818 6819 6820 6821 6822 6823 6824 6825 6826 6827 6828 6829 6830 6831 6832 6833 6834 6835 6836 6837 6838 6839 6840 6841 6842 6843 6844 6845 6846 6847 6848 6849 6850 6851 6852 6853 6854 6855 6856 6857 6858 6859 6860 6861 6862 6863 6864 6865 6866 6867 6868 6869 6870 6871 6872 6873 6874 6875 6876 6877 6878 6879 6880 6881 6882 6883 6884 6885 6886 6887 6888 6889 6890 6891 6892 6893 6894 6895 6896 6897 6898 6899 6900 6901 6902 6903 6904 6905 6906 6907 6908 6909 6910 6911 6912 6913 6914 6915 6916 6917 6918 6919 6920 6921 6922 6923 6924 6925 6926 6927 6928 6929 6930 6931 6932 6933 6934 6935 6936 6937 6938 6939 6940 6941 6942 6943 6944 6945 6946 6947 6948 6949 6950 6951 6952 6953 6954 6955 6956 6957 6958 6959 6960 6961 6962 6963 6964 6965 6966 6967 6968 6969 6970 6971 6972 6973 6974 6975 6976 6977 6978 6979 6980 6981 6982 6983 6984 6985 6986 6987 6988 6989 6990 6991 6992 6993 6994 6995 6996 6997 6998 6999 7000 7001 7002 7003 7004 7005 7006 7007 7008 7009 7010 7011 7012 7013 7014 7015 7016 7017 7018 7019 7020 7021 7022 7023 7024 7025 7026 7027 7028 7029 7030 7031 7032 7033 7034 7035 7036 7037 7038 7039 7040 7041 7042 7043 7044 7045 7046 7047 7048 7049 7050 7051 7052 7053 7054 7055 7056 7057 7058 7059 7060 7061 7062 7063 7064 7065 7066 7067 7068 7069 7070 7071 7072 7073 7074 7075 7076 7077 7078 7079 7080 7081 7082 7083 7084 7085 7086 7087 7088 7089 7090 7091 7092 7093 7094 7095 7096 7097 7098 7099 7100 7101 7102 7103 7104 7105 7106 7107 7108 7109 7110 7111 7112 7113 7114 7115 7116 7117 7118 7119 7120 7121 7122 7123 7124 7125 7126 7127 7128 7129 7130 7131 7132 7133 7134 7135 7136 7137 7138 7139 7140 7141 7142 7143 7144 7145 7146 7147 7148 7149 7150 7151 7152 7153 7154 7155 7156 7157 7158 7159 7160 7161 7162 7163 7164 7165 7166 7167 7168 7169 7170 7171 7172 7173 7174 7175 7176 7177 7178 7179 7180 7181 7182 7183 7184 7185 7186 7187 7188 7189 7190 7191 7192 7193 7194 7195 7196 7197 7198 7199 7200 7201 7202 7203 7204 7205 7206 7207 7208 7209 7210 7211 7212 7213 7214 7215 7216 7217 7218 7219 7220 7221 7222 7223 7224 7225 7226 7227 7228 7229 7230 7231 7232 7233 7234 7235 7236 7237 7238 7239 7240 7241 7242 7243 7244 7245 7246 7247 7248 7249 7250 7251 7252 7253 7254 7255 7256 7257 7258 7259 7260 7261 7262 7263 7264 7265 7266 7267 7268 7269 7270 7271 7272 7273 7274 7275 7276 7277 7278 7279 7280 7281 7282 7283 7284 7285 7286 7287 7288 7289 7290 7291 7292 7293 7294 7295 7296 7297 7298 7299 7300 7301 7302 7303 7304 7305 7306 7307 7308 7309 7310 7311 7312 7313 7314 7315 7316 7317 7318 7319 7320 7321 7322 7323 7324 7325 7326 7327 7328 7329 7330 7331 7332 7333 7334 7335 7336 7337 7338 7339 7340 7341 7342 7343 7344 7345 7346 7347 7348 7349 7350 7351 7352 7353 7354 7355 7356 7357 7358 7359 7360 7361 7362 7363 7364 7365 7366 7367 7368 7369 7370 7371 7372 7373 7374 7375 7376 7377 7378 7379 7380 7381 7382 7383 7384 7385 7386 7387 7388 7389 7390 7391 7392 7393 7394 7395 7396 7397 7398 7399 7400 7401 7402 7403 7404 7405 7406 7407 7408 7409 7410 7411 7412 7413 7414 7415 7416 7417 7418 7419 7420 7421 7422 7423 7424 7425 7426 7427 7428 7429 7430 7431 7432 7433 7434 7435 7436 7437 7438 7439 7440 7441 7442 7443 7444 7445 7446 7447 7448 7449 7450 7451 7452 7453 7454 7455 7456 7457 7458 7459 7460 7461 7462 7463 7464 7465 7466 7467 7468 7469 7470 7471 7472 7473 7474 7475 7476 7477 7478 7479 7480 7481 7482 7483 7484 7485 7486 7487 7488 7489 7490 7491 7492 7493 7494 7495 7496 7497 7498 7499 7500 7501 7502 7503 7504 7505 7506 7507 7508 7509 7510 7511 7512 7513 7514 7515 7516 7517 7518 7519 7520 7521 7522 7523 7524 7525 7526 7527 7528 7529 7530 7531 7532 7533 7534 7535 7536 7537 7538 7539 7540 7541 7542 7543 7544 7545 7546 7547 7548 7549 7550 7551 7552 7553 7554 7555 7556 7557 7558 7559 7560 7561 7562 7563 7564 7565 7566 7567 7568 7569 7570 7571 7572 7573 7574 7575 7576 7577 7578 7579 7580 7581 7582 7583 7584 7585 7586 7587 7588 7589 7590 7591 7592 7593 7594 7595 7596 7597 7598 7599 7600 7601 7602 7603 7604 7605 7606 7607 7608 7609 7610 7611 7612 7613 7614 7615 7616 7617 7618 7619 7620 7621 7622 7623 7624 7625 7626 7627 7628 7629 7630 7631 7632 7633 7634 7635 7636 7637 7638 7639 7640 7641 7642 7643 7644 7645 7646 7647 7648 7649 7650 7651 7652 7653 7654 7655 7656 7657 7658 7659 7660 7661 7662 7663 7664 7665 7666 7667 7668 7669 7670 7671 7672 7673 7674 7675 7676 7677 7678 7679 7680 7681 7682 7683 7684 7685 7686 7687 7688 7689 7690 7691 7692 7693 7694 7695 7696 7697 7698 7699 7700 7701 7702 7703 7704 7705 7706 7707 7708 7709 7710 7711 7712 7713 7714 7715 7716 7717 7718 7719 7720 7721 7722 7723 7724 7725 7726 7727 7728 7729 7730 7731 7732 7733 7734 7735 7736 7737 7738 7739 7740 7741 7742 7743 7744 7745 7746 7747 7748 7749 7750 7751 7752 7753 7754 7755 7756 7757 7758 7759 7760 7761 7762 7763 7764 7765 7766 7767 7768 7769 7770 7771 7772 7773 7774 7775 7776 7777 7778 7779 7780 7781 7782 7783 7784 7785 7786 7787 7788 7789 7790 7791 7792 7793 7794 7795 7796 7797 7798 7799 7800 7801 7802 7803 7804 7805 7806 7807 7808 7809 7810 7811 7812 7813 7814 7815 7816 7817 7818 7819 7820 7821 7822 7823 7824 7825 7826 7827 7828 7829 7830 7831 7832 7833 7834 7835 7836 7837 7838 7839 7840 7841 7842 7843 7844 7845 7846 7847 7848 7849 7850 7851 7852 7853 7854 7855 7856 7857 7858 7859 7860 7861 7862 7863 7864 7865 7866 7867 7868 7869 7870 7871 7872 7873 7874 7875 7876 7877 7878 7879 7880 7881 7882 7883 7884 7885 7886 7887 7888 7889 7890 7891 7892 7893 7894 7895 7896 7897 7898 7899 7900 7901 7902 7903 7904 7905 7906 7907 7908 7909 7910 7911 7912 7913 7914 7915 7916 7917 7918 7919 7920 7921 7922 7923 7924 7925 7926 7927 7928 7929 7930 7931 7932 7933 7934 7935 7936 7937 7938 7939 7940 7941 7942 7943 7944 7945 7946 7947 7948 7949 7950 7951 7952 7953 7954 7955 7956 7957 7958 7959 7960 7961 7962 7963 7964 7965 7966 7967 7968 7969 7970 7971 7972 7973 7974 7975 7976 7977 7978 7979
v -18000.000 -3957.491 5500.000
v -17902.215 -4006.215 5500.000
v -17871.553 -4047.553 5500.000
v -17795.000 -4115.000 5500.000
v -17702.473 -4166.473 5500.000
v -17615.896 -4248.000 5500.000
v -17568.000 -4313.138 5500.000
v -17568.000 -4341.758 5500.000
v -17607.697 -4464.000 5500.000
v -17568.000 -4630.861 5500.000
v -17552.957 -4664.957 5500.000
v -17528.244 -4680.000 5500.000
v -17424.000 -4699.526 5500.000
v -17395.680 -4723.679 5500.000
v -17324.299 -4724.299 5500.000
v -17280.000 -4739.725 5500.000
v -17064.000 -4737.109 5500.000
v -16992.000 -4750.571 5500.000
v -16776.000 -4743.073 5500.000
v -16704.000 -4761.017 5500.000
v -16632.000 -4811.930 5500.000
v -16507.217 -4843.217 5500.000
v -16440.006 -4848.007 5500.000
v -16290.035 -4842.035 5500.000
v -16158.533 -4854.533 5500.000
v -15919.399 -4831.399 5500.000
v -15696.000 -4853.371 5500.000
v -15624.000 -4848.520 5500.000
v -15552.000 -4759.353 5500.000
v -15480.000 -4722.072 5500.000
v -15264.000 -4656.685 5500.000
v -15192.000 -4664.440 5500.000
v -15120.000 -4648.299 5500.000
v -15033.111 -4608.000 5500.000
v -14976.000 -4559.446 5500.000
v -14904.000 -4538.198 5500.000
v -14832.000 -4489.395 5500.000
v -14760.000 -4465.525 5500.000
v -14616.000 -4461.792 5500.000
v -14475.592 -4395.591 5500.000
v -14399.442 -4319.442 5500.000
v -14328.087 -4176.087 5500.000
v -14281.877 -4057.877 5500.000
v -14285.908 -3989.908 5500.000
v -14312.351 -3944.351 5500.000
v -14400.000 -3886.063 5500.000
v -14526.443 -3744.000 5500.000
v -14643.455 -3672.000 5500.000
v -14727.137 -3639.137 5500.000
v -14904.000 -3547.224 5500.000
v -14972.534 -3524.535 5500.000
v -15120.000 -3525.954 5500.000
v -15192.000 -3538.378 5500.000
v -15252.827 -3516.828 5500.000
v -15336.000 -3516.348 5500.000
v -15624.000 -3532.206 5500.000
v -15768.000 -3560.430 5500.000
v -15883.010 -3571.010 5500.000
v -15984.000 -3595.219 5500.000
v -16128.000 -3596.973 5500.000
v -16200.000 -3584.593 5500.000
v -16398.291 -3510.292 5500.000
v -16469.076 -3456.000 5500.000
v -16591.635 -3343.635 5500.000
v -16791.232 -3096.000 5500.000
v -16800.674 -3024.000 5500.000
v -16704.000 -2964.625 5500.000
v -16560.000 -2819.298 5500.000
v -16488.000 -2761.819 5500.000
v -16262.309 -2664.000 5500.000
v -16168.776 -2592.000 5500.000
v -16081.431 -2473.430 5500.000
v -16056.169 -2376.000 5500.000
v -16018.434 -2304.000 5500.000
v -15951.467 -2232.000 5500.000
v -15947.521 -2195.521 5500.000
v -15948.478 -2160.000 5500.000
v -15980.034 -2084.034 5500.000
v -16027.691 -2059.691 5500.000
v -16145.746 -1944.000 5500.000
v -16179.058 -1872.000 5500.000
v -16169.581 -1841.581 5500.000
v -16195.409 -1800.000 5500.000
v -16488.000 -1796.588 5500.000
v -16776.000 -1844.474 5500.000
v -16945.852 -1825.851 5500.000
v -16983.625 -1791.625 5500.000
v -16999.207 -1728.000 5500.000
v -17092.135 -1612.134 5500.000
v -17128.109 -1576.110 5500.000
v -17297.957 -1457.956 5500.000
v -17311.516 -1440.000 5500.000
v -17256.854 -1368.000 5500.000
v -17208.000 -1342.964 5500.000
v -17136.000 -1328.203 5500.000
v -17054.396 -1296.000 5500.000
v -16978.992 -1224.000 5500.000
v -16952.676 -1184.676 5500.000
v -16909.148 -1080.000 5500.000
v -16857.664 -1008.000 5500.000
v -16869.352 -936.000 5500.000
v -16932.549 -864.000 5500.000
v -17096.127 -824.128 5500.000
v -17208.000 -814.122 5500.000
v -17280.000 -823.022 5500.000
v -17352.000 -855.458 5500.000
v -17424.000 -839.574 5500.000
v -17568.000 -850.862 5500.000
v -17603.352 -827.351 5500.000
v -17618.604 -792.000 5500.000
v -17602.029 -720.000 5500.000
v -17620.686 -628.685 5500.000
v -17645.082 -576.000 5500.000
v -17636.982 -504.000 5500.000
v -17570.480 -432.000 5500.000
v -17642.865 -144.000 5500.000
v -17647.084 0.000 5500.000
v -17635.854 72.000 5500.000
v -17568.000 137.189 5500.000
v -17496.000 73.322 5500.000
v -17424.000 -34.924 5500.000
v -17280.000 -134.167 5500.000
v -17208.000 -138.924 5500.000
v -17136.000 -106.398 5500.000
v -17110.527 -72.000 5500.000
v -17083.115 0.000 5500.000
v -17043.703 216.000 5500.000
v -16961.904 432.000 5500.000
v -16920.000 506.232 5500.000
v -16848.000 549.399 5500.000
v -16776.000 464.199 5500.000
v -16720.572 343.428 5500.000
v -16671.162 320.837 5500.000
v -16632.900 288.000 5500.000
v -16602.457 245.544 5500.000
v -16563.547 216.000 5500.000
v -16488.000 116.812 5500.000
v -16344.000 50.216 5500.000
v -16272.000 45.606 5500.000
v -16200.000 56.938 5500.000
v -16182.149 72.000 5500.000
v -16151.495 144.000 5500.000
v -16128.000 228.485 5500.000
v -16122.617 221.382 5500.000
v -16056.000 255.463 5500.000
v -16025.925 246.076 5500.000
v -15984.000 255.615 5500.000
v -15942.371 216.000 5500.000
v -15940.383 187.617 5500.000
v -15879.263 176.738 5500.000
v -15810.558 101.442 5500.000
v -15796.208 0.000 5500.000
v -15751.731 -55.732 5500.000
v -15703.637 -79.637 5500.000
v -15665.858 -113.858 5500.000
v -15612.058 -204.058 5500.000
v -15577.989 -241.989 5500.000
v -15274.236 -298.236 5500.000
v -15215.663 -383.664 5500.000
v -15197.359 -437.359 5500.000
v -15165.380 -477.380 5500.000
v -15066.188 -522.187 5500.000
v -14931.516 -531.516 5500.000
v -14832.000 -574.175 5500.000
v -14832.419 -648.000 5500.000
v -14809.405 -697.405 5500.000
v -14707.405 -739.405 5500.000
v -14650.964 -826.963 5500.000
v -14635.421 -883.421 5500.000
v -14437.034 -1045.034 5500.000
v -14328.000 -1082.250 5500.000
v -14040.000 -1103.834 5500.000
v -13896.000 -1137.969 5500.000
v -13824.000 -1133.301 5500.000
v -13608.000 -1166.283 5500.000
v -13464.000 -1164.426 5500.000
v -13248.000 -1087.022 5500.000
v -13032.000 -1171.419 5500.000
v -12960.000 -1173.249 5500.000
v -12816.000 -1103.338 5500.000
v -12744.000 -1092.045 5500.000
v -12691.353 -1099.353 5500.000
v -12528.000 -1148.522 5500.000
v -12341.006 -1181.006 5500.000
v -12240.000 -1208.660 5500.000
v -12096.000 -1268.591 5500.000
v -12069.080 -1269.081 5500.000
v -12025.207 -1296.000 5500.000
v -12108.095 -1524.095 5500.000
v -12108.644 -1596.644 5500.000
v -12088.349 -1648.349 5500.000
v -12057.259 -1689.259 5500.000
v -11964.546 -1740.546 5500.000
v -11695.678 -1759.678 5500.000
v -11524.340 -1732.340 5500.000
v -11367.365 -1656.000 5500.000
v -11261.248 -1584.000 5500.000
v -11160.000 -1542.217 5500.000
v -11088.000 -1495.768 5500.000
v -11016.000 -1475.368 5500.000
v -10981.018 -1477.017 5500.000
v -10868.080 -1508.080 5500.000
v -10656.000 -1539.570 5500.000
v -10569.354 -1569.353 5500.000
v -10512.077 -1656.000 5500.000
v -10496.788 -1712.788 5500.000
v -10466.335 -1754.335 5500.000
v -10368.000 -1840.116 5500.000
v -10296.000 -1867.223 5500.000
v -10191.218 -1839.218 5500.000
v -10152.000 -1817.769 5500.000
v -10080.000 -1807.029 5500.000
v -10018.689 -1810.689 5500.000
v -9936.000 -1839.712 5500.000
v -9864.000 -1848.007 5500.000
v -9720.000 -1753.076 5500.000
v -9621.275 -1773.275 5500.000
v -9576.000 -1765.298 5500.000
v -9504.000 -1723.469 5500.000
v -9432.000 -1705.648 5500.000
v -9288.000 -1688.874 5500.000
v -9216.000 -1655.693 5500.000
v -9144.000 -1656.383 5500.000
v -9072.000 -1677.375 5500.000
v -9000.000 -1674.117 5500.000
v -8640.000 -1617.167 5500.000
v -8568.000 -1590.350 5500.000
v -8496.000 -1591.634 5500.000
v -8424.000 -1533.335 5500.000
v -8376.134 -1512.000 5500.000
v -8289.883 -1440.000 5500.000
v -8208.000 -1315.115 5500.000
v -8060.113 -1224.000 5500.000
v -8055.366 -1152.000 5500.000
v -8066.705 -1080.000 5500.000
v -8109.767 -1053.767 5500.000
v -8145.433 -1008.000 5500.000
v -8218.819 -946.819 5500.000
v -8318.209 -902.209 5500.000
v -8356.317 -868.317 5500.000
v -8424.000 -780.660 5500.000
v -8448.651 -744.651 5500.000
v -8453.767 -720.000 5500.000
v -8475.716 -699.716 5500.000
v -8535.229 -687.229 5500.000
v -8568.000 -652.590 5500.000
v -8640.000 -674.993 5500.000
v -8712.000 -711.725 5500.000
v -8784.000 -722.715 5500.000
v -8815.333 -679.333 5500.000
v -8859.937 -651.937 5500.000
v -8928.000 -664.430 5500.000
v -9061.486 -637.486 5500.000
v -9224.031 -584.031 5500.000
v -9342.592 -558.591 5500.000
v -9556.974 -484.974 5500.000
v -9604.132 -460.132 5500.000
v -9639.587 -423.587 5500.000
v -9707.354 -419.354 5500.000
v -9764.507 -404.507 5500.000
v -9915.705 -339.705 5500.000
v -10008.000 -272.965 5500.000
v -10080.000 -315.795 5500.000
v -10107.817 -315.818 5500.000
v -10152.000 -292.295 5500.000
v -10172.126 -236.126 5500.000
v -10203.547 -195.547 5500.000
v -10248.463 -168.463 5500.000
v -10368.000 -152.686 5500.000
v -10440.000 -160.370 5500.000
v -10512.000 -196.569 5500.000
v -10662.711 -150.711 5500.000
v -10800.000 -34.129 5500.000
v -10827.976 -27.976 5500.000
v -10944.000 -49.525 5500.000
v -11016.000 -37.809 5500.000
v -11088.000 -8.691 5500.000
v -11160.000 -32.686 5500.000
v -11232.000 -13.405 5500.000
v -11304.000 36.632 5500.000
v -11448.000 62.304 5500.000
v -11506.999 85.001 5500.000
v -11592.000 74.844 5500.000
v -11664.000 79.155 5500.000
v -11710.213 97.788 5500.000
v -11769.992 182.008 5500.000
v -11808.000 197.488 5500.000
v -11952.000 202.098 5500.000
v -12016.986 223.014 5500.000
v -12104.655 279.344 5500.000
v -12076.602 379.398 5500.000
v -12060.891 504.000 5500.000
v -11995.537 576.000 5500.000
v -11952.000 643.342 5500.000
v -11904.238 792.000 5500.000
v -11833.107 864.000 5500.000
v -11822.726 936.000 5500.000
v -11761.921 1008.000 5500.000
v -11643.217 1224.000 5500.000
v -11580.923 1368.000 5500.000
v -11452.693 1512.000 5500.000
v -11414.472 1584.000 5500.000
v -11356.764 1656.000 5500.000
v -11318.541 1728.000 5500.000
v -11271.507 1872.000 5500.000
v -11193.691 1944.000 5500.000
v -11196.674 1979.326 5500.000
v -11240.818 2007.182 5500.000
v -11321.449 1998.550 5500.000
v -11289.161 2088.000 5500.000
v -11214.843 2160.000 5500.000
v -11222.622 2232.000 5500.000
v -11240.357 2232.000 5500.000
v -11376.000 2145.609 5500.000
v -11451.926 2156.074 5500.000
v -11664.000 2152.854 5500.000
v -11736.000 2108.590 5500.000
v -11952.000 1937.670 5500.000
v -12096.000 1804.223 5500.000
v -12201.114 1728.000 5500.000
v -12365.198 1584.000 5500.000
v -12481.203 1512.000 5500.000
v -12600.000 1396.305 5500.000
v -12672.000 1342.431 5500.000
v -12816.000 1277.762 5500.000
v -12927.407 1152.000 5500.000
v -12960.000 1053.294 5500.000
v -13104.000 845.232 5500.000
v -13176.000 782.357 5500.000
v -13248.000 788.664 5500.000
v -13364.133 819.867 5500.000
v -13630.856 913.143 5500.000
v -13856.065 1047.935 5500.000
v -13893.343 1082.657 5500.000
v -13947.795 1100.205 5500.000
v -13968.483 1151.517 5500.000
v -13970.417 1221.583 5500.000
v -14040.000 1263.136 5500.000
v -14112.000 1251.960 5500.000
v -14175.902 1304.098 5500.000
v -14191.750 1360.250 5500.000
v -14223.974 1400.026 5500.000
v -14277.272 1418.728 5500.000
v -14374.203 1512.000 5500.000
v -14531.202 1728.000 5500.000
v -14520.118 1751.882 5500.000
v -14526.111 1800.000 5500.000
v -14328.000 1927.827 5500.000
v -14112.000 1981.234 5500.000
v -13786.091 2088.000 5500.000
v -13608.000 2188.190 5500.000
v -13552.310 2232.000 5500.000
v -13416.718 2376.000 5500.000
v -13393.927 2448.000 5500.000
v -13464.000 2621.342 5500.000
v -13510.951 2689.049 5500.000
v -13503.285 2768.715 5500.000
v -13483.925 2808.000 5500.000
v -13491.524 2852.475 5500.000
v -13608.000 2835.142 5500.000
v -13680.000 2835.526 5500.000
v -13847.015 2856.985 5500.000
v -13900.342 2875.658 5500.000
v -13968.000 2876.885 5500.000
v -14112.000 2904.048 5500.000
v -14202.613 2933.387 5500.000
v -14249.568 2958.431 5500.000
v -14313.127 2966.873 5500.000
v -14400.000 2993.779 5500.000
v -14544.000 3011.011 5500.000
v -14735.071 3048.929 5500.000
v -14747.941 3096.000 5500.000
v -14731.220 3196.781 5500.000
v -14759.586 3240.414 5500.000
v -14923.326 3292.674 5500.000
v -14945.973 3384.000 5500.000
v -14906.494 3456.000 5500.000
v -14818.705 3528.000 5500.000
v -14748.961 3672.000 5500.000
v -14688.000 3723.572 5500.000
v -14616.000 3759.673 5500.000
v -14544.000 3816.463 5500.000
v -14447.266 3960.000 5500.000
v -14469.233 4176.000 5500.000
v -14451.543 4248.000 5500.000
v -14457.516 4320.000 5500.000
v -14555.537 4380.463 5500.000
v -14617.354 4390.647 5500.000
v -14693.728 4458.273 5500.000
v -14820.174 4475.827 5500.000
v -14904.000 4445.845 5500.000
v -14920.149 4447.851 5500.000
v -14954.779 4485.221 5500.000
v -15061.782 4522.218 5500.000
v -15076.053 4536.000 5500.000
v -15082.321 4573.679 5500.000
v -15051.569 4680.000 5500.000
v -15059.849 4740.151 5500.000
v -15102.157 4824.000 5500.000
v -15059.175 4896.000 5500.000
v -14904.000 4987.336 5500.000
v -14844.201 5040.000 5500.000
v -14808.136 5112.000 5500.000
v -14836.785 5251.215 5500.000
v -14872.197 5287.803 5500.000
v -14893.948 5328.000 5500.000
v -14936.876 5511.124 5500.000
v -14954.760 5544.000 5500.000
v -14946.758 5616.000 5500.000
v -14838.923 5688.000 5500.000
v -14662.028 5832.000 5500.000
v -14618.159 5904.000 5500.000
v -14576.499 5799.501 5500.000
v -14549.016 5760.000 5500.000
v -14481.651 5678.349 5500.000
v -14399.007 5616.000 5500.000
v -14377.387 5566.613 5500.000
v -14386.199 5485.801 5500.000
v -14360.858 5439.142 5500.000
v -14283.207 5372.793 5500.000
v -14254.346 5329.654 5500.000
v -14207.390 5304.610 5500.000
v -14112.000 5202.129 5500.000
v -14040.000 5178.825 5500.000
v -13955.956 5124.043 5500.000
v -13893.460 4970.540 5500.000
v -13839.329 4896.000 5500.000
v -13771.068 4876.932 5500.000
v -13752.000 4860.842 5500.000
v -13464.000 4861.711 5500.000
v -13248.000 4902.272 5500.000
v -13104.000 4956.807 5500.000
v -13052.477 4947.523 5500.000
v -12983.277 4872.723 5500.000
v -12873.137 4694.863 5500.000
v -12838.774 4608.000 5500.000
v -12780.190 4499.810 5500.000
v -12712.679 4423.321 5500.000
v -12564.300 4283.700 5500.000
v -12478.146 4225.854 5500.000
v -12403.118 4228.881 5500.000
v -12356.565 4248.000 5500.000
v -12312.000 4392.621 5500.000
v -12240.000 4461.032 5500.000
v -12168.000 4473.865 5500.000
v -12024.000 4557.851 5500.000
v -11880.000 4571.658 5500.000
v -11776.336 4567.664 5500.000
v -11738.194 4533.806 5500.000
v -11676.147 4523.853 5500.000
v -11664.000 4511.625 5500.000
v -11603.577 4524.423 5500.000
v -11592.000 4514.542 5500.000
v -11520.000 4568.266 5500.000
v -11448.000 4651.730 5500.000
v -11434.326 4680.000 5500.000
v -11442.972 4685.029 5500.000
v -11448.815 4752.000 5500.000
v -11492.108 4779.891 5500.000
v -11520.000 4850.112 5500.000
v -11637.160 4994.840 5500.000
v -11673.583 5112.000 5500.000
v -11743.574 5184.000 5500.000
v -11804.625 5403.375 5500.000
v -11866.537 5485.463 5500.000
v -11891.357 5544.000 5500.000
v -11862.851 5688.000 5500.000
v -11867.147 5700.853 5500.000
v -11899.517 5740.484 5500.000
v -12017.227 5838.773 5500.000
v -12033.573 5904.000 5500.000
v -11941.091 6058.909 5500.000
v -11969.246 6174.753 5500.000
v -12004.130 6211.871 5500.000
v -12028.900 6264.000 5500.000
v -12075.215 6284.785 5500.000
v -12168.000 6269.370 5500.000
v -12218.455 6285.544 5500.000
v -12344.556 6375.445 5500.000
v -12374.218 6417.783 5500.000
v -12413.683 6522.318 5500.000
v -12484.387 6624.000 5500.000
v -12456.000 6682.557 5500.000
v -12384.000 6712.702 5500.000
v -12313.541 6768.000 5500.000
v -12288.240 6840.000 5500.000
v -12348.768 7128.000 5500.000
v -12312.000 7155.583 5500.000
v -12220.217 7147.783 5500.000
v -12168.000 7130.590 5500.000
v -12096.000 7147.370 5500.000
v -12024.000 7134.934 5500.000
v -11943.998 7136.002 5500.000
v -11880.000 7120.898 5500.000
v -11736.000 7129.556 5500.000
v -11635.176 7200.000 5500.000
v -11610.067 7272.000 5500.000
v -11607.095 7344.000 5500.000
v -11586.234 7416.000 5500.000
v -11672.441 7488.000 5500.000
v -11736.000 7520.547 5500.000
v -11821.712 7546.288 5500.000
v -12033.360 7694.640 5500.000
v -12096.449 7775.550 5500.000
v -12136.062 7807.938 5500.000
v -12271.037 7992.000 5500.000
v -12275.071 8028.929 5500.000
v -12265.493 8064.000 5500.000
v -12240.000 8095.242 5500.000
v -12168.000 8142.294 5500.000
v -12038.526 8280.000 5500.000
v -12024.053 8352.000 5500.000
v -11979.099 8424.000 5500.000
v -11991.072 8496.000 5500.000
v -12008.389 8511.611 5500.000
v -12032.145 8559.855 5500.000
v -12063.632 8600.368 5500.000
v -12118.336 8640.000 5500.000
v -12114.303 8784.000 5500.000
v -12096.000 8819.253 5500.000
v -12024.000 8867.355 5500.000
v -11987.979 8928.000 5500.000
v -11952.000 9017.831 5500.000
v -11823.265 9144.000 5500.000
v -11804.262 9288.000 5500.000
v -11732.914 9360.000 5500.000
v -11751.635 9504.000 5500.000
v -11705.858 9606.142 5500.000
v -11698.324 9648.000 5500.000
v -11736.000 9752.752 5500.000
v -11786.064 9813.936 5500.000
v -11825.340 9846.660 5500.000
v -11890.900 9853.100 5500.000
v -11941.455 9874.545 5500.000
v -11961.242 9998.758 5500.000
v -11982.690 10049.310 5500.000
v -12019.795 10084.205 5500.000
v -12130.614 10117.386 5500.000
v -12217.696 10174.304 5500.000
v -12252.686 10211.314 5500.000
v -12312.000 10249.765 5500.000
v -12330.953 10277.047 5500.000
v -12331.655 10296.000 5500.000
v -12269.944 10440.000 5500.000
v -12240.000 10474.785 5500.000
v -12168.000 10519.600 5500.000
v -12096.000 10582.049 5500.000
v -12024.000 10621.546 5500.000
v -11902.787 10728.000 5500.000
v -11842.304 10872.000 5500.000
v -11808.000 10924.102 5500.000
v -11784.656 10895.344 5500.000
v -11736.000 10914.760 5500.000
v -11664.000 10899.424 5500.000
v -11631.146 10904.854 5500.000
v -11629.333 10834.667 5500.000
v -11617.010 10800.000 5500.000
v -11592.000 10788.638 5500.000
v -11534.492 10785.508 5500.000
v -11484.460 10763.540 5500.000
v -11423.159 10656.000 5500.000
v -11277.502 10538.498 5500.000
v -11223.964 10512.000 5500.000
v -11195.471 10476.529 5500.000
v -11160.000 10461.942 5500.000
v -11088.000 10361.959 5500.000
v -11016.000 10346.961 5500.000
v -10944.000 10350.923 5500.000
v -10869.019 10298.981 5500.000
v -10800.000 10266.898 5500.000
v -10706.378 10173.622 5500.000
v -10642.299 10093.701 5500.000
v -10585.754 10078.246 5500.000
v -10426.240 9949.760 5500.000
v -10412.634 9936.000 5500.000
v -10405.157 9864.000 5500.000
v -10411.135 9792.000 5500.000
v -10373.847 9648.000 5500.000
v -10340.725 9603.275 5500.000
v -10296.000 9572.873 5500.000
v -10224.000 9547.796 5500.000
v -10152.000 9537.468 5500.000
v -10080.000 9566.914 5500.000
v -9936.000 9688.496 5500.000
v -9864.000 9853.239 5500.000
v -9860.347 9936.000 5500.000
v -9872.425 10008.000 5500.000
v -9892.429 10051.571 5500.000
v -9906.516 10181.484 5500.000
v -9944.101 10287.899 5500.000
v -10056.269 10463.731 5500.000
v -10098.081 10493.919 5500.000
v -10255.070 10696.930 5500.000
v -10295.170 10728.830 5500.000
v -10317.601 10778.399 5500.000
v -10407.279 10904.721 5500.000
v -10418.057 10944.000 5500.000
v -10525.370 11016.000 5500.000
v -10562.730 11088.000 5500.000
v -10639.496 11176.504 5500.000
v -10676.562 11304.000 5500.000
v -10673.779 11358.221 5500.000
v -10685.573 11376.000 5500.000
v -10656.000 11385.095 5500.000
v -10502.335 11385.665 5500.000
v -10440.000 11358.439 5500.000
v -10389.826 11354.174 5500.000
v -10368.000 11342.944 5500.000
v -10315.522 11356.478 5500.000
v -10296.000 11340.583 5500.000
v -10262.163 11376.000 5500.000
v -10225.771 11448.000 5500.000
v -10263.301 11480.699 5500.000
v -10255.744 11520.000 5500.000
v -10272.480 11543.520 5500.000
v -10285.833 11602.167 5500.000
v -10323.829 11636.171 5500.000
v -10351.678 11680.322 5500.000
v -10402.066 11701.934 5500.000
v -10426.820 11749.180 5500.000
v -10477.890 11770.110 5500.000
v -10502.017 11817.983 5500.000
v -10541.153 11850.847 5500.000
v -10585.178 11878.822 5500.000
v -10650.127 11885.873 5500.000
v -10692.219 11915.781 5500.000
v -10694.539 11952.000 5500.000
v -10673.729 12024.000 5500.000
v -10691.543 12060.457 5500.000
v -10750.066 12073.934 5500.000
v -10822.956 12145.044 5500.000
v -10836.950 12203.050 5500.000
v -10872.929 12240.000 5500.000
v -10877.372 12306.628 5500.000
v -10885.783 12312.000 5500.000
v -10584.000 12366.082 5500.000
v -10549.707 12384.000 5500.000
v -7466.227 12384.000 5500.000
v -7452.461 12347.539 5500.000
v -7416.000 12320.759 5500.000
v -7382.775 12273.225 5500.000
v -7344.000 12260.473 5500.000
v -7331.827 12240.000 5500.000
v -7344.000 12166.042 5500.000
v -7442.864 11952.000 5500.000
v -7435.825 11932.175 5500.000
v -7444.943 11880.000 5500.000
v -7429.207 11808.000 5500.000
v -7291.980 11788.021 5500.000
v -7240.149 11767.851 5500.000
v -7067.135 11652.864 5500.000
v -7037.854 11610.146 5500.000
v -6936.594 11567.406 5500.000
v -6896.572 11535.428 5500.000
v -6748.338 11467.662 5500.000
v -6624.000 11441.178 5500.000
v -6483.309 11444.691 5500.000
v -6336.000 11372.979 5500.000
v -6278.169 11361.831 5500.000
v -6120.000 11391.729 5500.000
v -5899.006 11380.993 5500.000
v -5748.394 11387.606 5500.000
v -5688.000 11376.919 5500.000
v -5616.000 11384.227 5500.000
v -5595.332 11376.000 5500.000
v -5613.447 11304.000 5500.000
v -5699.401 11232.000 5500.000
v -5746.347 11160.000 5500.000
v -5807.993 11016.000 5500.000
v -5825.226 10944.000 5500.000
v -5826.101 10872.000 5500.000
v -5806.720 10825.280 5500.000
v -5776.975 10783.025 5500.000
v -5737.367 10750.633 5500.000
v -5711.035 10704.965 5500.000
v -5715.910 10556.090 5500.000
v -5697.257 10502.743 5500.000
v -5690.057 10437.943 5500.000
v -5641.672 10296.000 5500.000
v -5644.488 10267.512 5500.000
v -5629.296 10224.000 5500.000
v -5688.000 10158.721 5500.000
v -5832.000 10166.867 5500.000
v -5864.551 10152.000 5500.000
v -5926.391 10080.000 5500.000
v -5976.000 10039.739 5500.000
v -6120.000 10001.880 5500.000
v -6192.000 9932.330 5500.000
v -6216.343 9864.000 5500.000
v -6204.935 9792.000 5500.000
v -6216.333 9720.000 5500.000
v -6246.116 9648.000 5500.000
v -6261.142 9576.000 5500.000
v -6262.118 9504.000 5500.000
v -6336.000 9466.908 5500.000
v -6395.370 9444.631 5500.000
v -6408.000 9448.884 5500.000
v -6426.424 9432.000 5500.000
v -6466.293 9360.000 5500.000
v -6449.105 9318.895 5500.000
v -6424.973 9199.027 5500.000
v -6376.753 9103.247 5500.000
v -6369.047 9072.000 5500.000
v -6374.000 9034.001 5500.000
v -6352.686 9000.000 5500.000
v -6395.752 8928.000 5500.000
v -6329.259 8862.741 5500.000
v -6264.000 8851.654 5500.000
v -6192.000 8825.458 5500.000
v -6072.204 8759.797 5500.000
v -6048.000 8690.521 5500.000
v -6013.303 8640.000 5500.000
v -5976.000 8426.238 5500.000
v -5941.740 8314.260 5500.000
v -5914.477 8269.523 5500.000
v -5891.808 8136.000 5500.000
v -5912.462 8064.000 5500.000
v -5916.501 7992.000 5500.000
v -5894.497 7920.000 5500.000
v -5934.564 7776.000 5500.000
v -5964.467 7715.533 5500.000
v -5946.646 7661.354 5500.000
v -5897.271 7638.729 5500.000
v -5813.162 7578.838 5500.000
v -5742.585 7505.415 5500.000
v -5692.007 7411.993 5500.000
v -5472.000 7236.783 5500.000
v -5400.000 7246.909 5500.000
v -5344.598 7272.000 5500.000
v -5291.391 7344.000 5500.000
v -5256.000 7430.427 5500.000
v -5203.531 7612.469 5500.000
v -5135.425 7776.000 5500.000
v -5061.175 8114.825 5500.000
v -5067.932 8136.000 5500.000
v -5049.090 8208.000 5500.000
v -5062.188 8280.000 5500.000
v -5055.202 8352.000 5500.000
v -5064.968 8471.032 5500.000
v -5058.794 8568.000 5500.000
v -4993.498 8640.000 5500.000
v -4968.000 8685.153 5500.000
v -4931.532 8712.000 5500.000
v -4928.275 8751.725 5500.000
v -4896.000 8790.896 5500.000
v -4884.482 8784.000 5500.000
v -4883.722 8712.000 5500.000
v -4832.838 8631.161 5500.000
v -4760.869 8415.131 5500.000
v -4717.025 8352.000 5500.000
v -4693.359 8280.000 5500.000
v -4655.262 8232.737 5500.000
v -4621.995 8208.000 5500.000
v -4555.081 8188.919 5500.000
v -4510.153 8136.000 5500.000
v -4504.106 8095.894 5500.000
v -4476.688 8064.000 5500.000
v -4500.504 7992.000 5500.000
v -4504.017 7920.000 5500.000
v -4445.438 7794.562 5500.000
v -4320.000 7706.138 5500.000
v -4248.000 7681.255 5500.000
v -4104.000 7673.271 5500.000
v -4032.000 7656.298 5500.000
v -4013.836 7632.000 5500.000
v -4008.505 7583.496 5500.000
v -3952.276 7488.000 5500.000
v -3944.758 7416.000 5500.000
v -3995.294 7344.000 5500.000
v -4032.000 7269.869 5500.000
v -4176.000 7154.183 5500.000
v -4188.352 7128.000 5500.000
v -4194.157 7037.843 5500.000
v -4178.569 6912.000 5500.000
v -4092.634 6768.000 5500.000
v -4034.045 6693.955 5500.000
v -3858.341 6653.659 5500.000
v -3816.000 6595.525 5500.000
v -3739.340 6556.660 5500.000
v -3730.945 6480.000 5500.000
v -3693.584 6386.416 5500.000
v -3697.839 6238.161 5500.000
v -3684.168 6179.832 5500.000
v -3674.901 6045.099 5500.000
v -3617.626 5886.374 5500.000
v -3608.555 5760.000 5500.000
v -3582.985 5705.015 5500.000
v -3570.844 5616.000 5500.000
v -3548.186 5544.000 5500.000
v -3548.742 5472.000 5500.000
v -3486.562 5297.438 5500.000
v -3478.139 5184.000 5500.000
v -3461.653 5112.000 5500.000
v -3508.444 5040.000 5500.000
v -3503.860 4968.000 5500.000
v -3573.698 4896.000 5500.000
v -3672.000 4726.975 5500.000
v -3744.000 4641.567 5500.000
v -3816.000 4593.639 5500.000
v -3868.226 4536.000 5500.000
v -3915.938 4464.000 5500.000
v -3897.388 4382.612 5500.000
v -3888.000 4375.806 5500.000
v -3816.000 4386.577 5500.000
v -3744.000 4357.210 5500.000
v -3699.908 4292.092 5500.000
v -3612.747 4235.253 5500.000
v -3456.000 4161.371 5500.000
v -3384.000 4139.264 5500.000
v -3312.000 4130.519 5500.000
v -3168.000 4216.483 5500.000
v -3024.000 4398.218 5500.000
v -3013.821 4392.000 5500.000
v -3000.671 4343.329 5500.000
v -3003.789 4320.000 5500.000
v -2981.554 4290.446 5500.000
v -2965.634 4234.366 5500.000
v -2965.518 4032.000 5500.000
v -2936.844 3975.156 5500.000
v -2880.000 3914.019 5500.000
v -2837.176 3888.000 5500.000
v -2835.473 3860.527 5500.000
v -2807.249 3816.000 5500.000
v -2880.000 3789.039 5500.000
v -2902.094 3744.000 5500.000
v -2914.369 3672.000 5500.000
v -3024.000 3482.866 5500.000
v -3240.000 3310.474 5500.000
v -3312.000 3278.192 5500.000
v -3384.000 3207.026 5500.000
v -3455.436 3168.564 5500.000
v -3784.781 3055.219 5500.000
v -3960.000 2975.705 5500.000
v -4032.000 2935.295 5500.000
v -4140.654 2843.346 5500.000
v -4191.369 2792.631 5500.000
v -4289.824 2622.176 5500.000
v -4268.318 2520.000 5500.000
v -4228.442 2467.558 5500.000
v -4167.013 2456.987 5500.000
v -4104.000 2460.304 5500.000
v -3985.062 2422.938 5500.000
v -3947.173 2388.827 5500.000
v -3896.373 2304.000 5500.000
v -3841.854 2278.146 5500.000
v -3774.812 2273.188 5500.000
v -3600.000 2325.987 5500.000
v -3435.121 2324.879 5500.000
v -3384.000 2307.581 5500.000
v -3246.523 2297.477 5500.000
v -3168.000 2296.883 5500.000
v -3090.144 2309.856 5500.000
v -3061.372 2304.000 5500.000
v -3033.757 2294.243 5500.000
v -3002.259 2253.741 5500.000
v -2907.037 2232.000 5500.000
v -2880.000 2215.916 5500.000
v -2767.512 2056.488 5500.000
v -2690.603 1989.397 5500.000
v -2629.848 1978.152 5500.000
v -2592.000 1984.439 5500.000
v -2409.655 2088.000 5500.000
v -2345.618 2160.000 5500.000
v -2300.326 2232.000 5500.000
v -2222.288 2304.000 5500.000
v -2133.390 2448.000 5500.000
v -2016.240 2592.000 5500.000
v -1853.920 2736.000 5500.000
v -1800.000 2772.483 5500.000
v -1728.000 2798.348 5500.000
v -1440.000 2818.706 5500.000
v -1353.462 2750.538 5500.000
v -1296.000 2691.352 5500.000
v -1224.000 2657.685 5500.000
v -1152.000 2633.917 5500.000
v -1008.000 2620.682 5500.000
v -802.438 2581.562 5500.000
v -648.000 2588.012 5500.000
v -576.000 2603.797 5500.000
v -507.003 2588.997 5500.000
v -432.000 2585.762 5500.000
v -355.658 2596.342 5500.000
v -144.000 2577.627 5500.000
v 216.000 2616.975 5500.000
v 288.000 2660.782 5500.000
v 483.342 2808.000 5500.000
v 576.000 2947.602 5500.000
v 602.556 3024.000 5500.000
v 595.660 3168.000 5500.000
v 604.518 3240.000 5500.000
v 603.395 3312.000 5500.000
v 569.930 3377.930 5500.000
v 504.000 3391.923 5500.000
v 459.992 3411.992 5500.000
v 428.133 3452.133 5500.000
v 360.000 3469.944 5500.000
v 282.953 3528.000 5500.000
v 294.863 3600.000 5500.000
v 373.760 3672.000 5500.000
v 381.892 3693.893 5500.000
v 361.317 3744.000 5500.000
v 351.288 3816.000 5500.000
v 323.036 3851.036 5500.000
v 267.657 3960.000 5500.000
v 267.138 4011.138 5500.000
v 290.968 4106.968 5500.000
v 276.098 4236.098 5500.000
v 265.237 4248.000 5500.000
v 280.330 4320.000 5500.000
v 278.853 4392.000 5500.000
v 252.710 4428.710 5500.000
v 209.814 4529.814 5500.000
v -72.000 4625.437 5500.000
v -216.000 4569.733 5500.000
v -360.000 4565.650 5500.000
v -432.000 4528.164 5500.000
v -524.519 4515.480 5500.000
v -576.555 4535.445 5500.000
v -612.799 4571.201 5500.000
v -648.000 4639.651 5500.000
v -674.015 4653.985 5500.000
v -720.000 4648.344 5500.000
v -743.305 4656.695 5500.000
v -774.622 4697.377 5500.000
v -795.022 4748.978 5500.000
v -831.249 4784.751 5500.000
v -854.558 4824.000 5500.000
v -853.839 4896.000 5500.000
v -832.429 4968.000 5500.000
v -839.367 4992.633 5500.000
v -936.000 5076.051 5500.000
v -1043.667 5148.333 5500.000
v -1073.324 5184.000 5500.000
v -1061.323 5256.000 5500.000
v -1065.464 5342.536 5500.000
v -1087.552 5392.448 5500.000
v -1192.700 5431.300 5500.000
v -1185.089 5544.000 5500.000
v -1191.520 5576.480 5500.000
v -1266.142 5645.858 5500.000
v -1322.372 5733.628 5500.000
v -1367.730 5832.270 5500.000
v -1456.412 5887.588 5500.000
v -1509.368 5978.632 5500.000
v -1589.607 6048.000 5500.000
v -1573.073 6120.000 5500.000
v -1473.238 6192.000 5500.000
v -1403.605 6336.000 5500.000
v -1382.737 6480.000 5500.000
v -1383.882 6608.118 5500.000
v -1441.558 6694.442 5500.000
v -1462.073 6745.927 5500.000
v -1512.000 6781.818 5500.000
v -1536.957 6815.043 5500.000
v -1536.107 6840.000 5500.000
v -1504.946 6912.000 5500.000
v -1528.053 6984.000 5500.000
v -1624.975 7087.025 5500.000
v -1708.519 7147.481 5500.000
v -1741.072 7186.928 5500.000
v -1784.250 7215.750 5500.000
v -1842.795 7229.205 5500.000
v -1852.501 7272.000 5500.000
v -1866.901 7344.000 5500.000
v -1758.358 7488.000 5500.000
v -1753.043 7560.000 5500.000
v -1774.226 7657.774 5500.000
v -1769.298 7734.702 5500.000
v -1810.953 7776.000 5500.000
v -1810.420 7837.580 5500.000
v -1798.902 7920.000 5500.000
v -1734.471 8064.000 5500.000
v -1837.475 8208.000 5500.000
v -1844.519 8280.000 5500.000
v -1802.414 8352.000 5500.000
v -1774.718 8424.000 5500.000
v -1811.914 8496.000 5500.000
v -1845.745 8522.255 5500.000
v -1946.537 8568.000 5500.000
v -1921.693 8712.000 5500.000
v -1996.500 8803.500 5500.000
v -2049.781 8894.220 5500.000
v -2108.286 8928.000 5500.000
v -2102.131 8985.869 5500.000
v -2055.006 9072.000 5500.000
v -2046.803 9144.000 5500.000
v -2014.152 9217.849 5500.000
v -2065.490 9288.000 5500.000
v -2148.494 9360.000 5500.000
v -2177.906 9414.095 5500.000
v -2216.651 9447.349 5500.000
v -2241.175 9494.825 5500.000
v -2253.490 9576.000 5500.000
v -2294.183 9648.000 5500.000
v -2414.944 9720.000 5500.000
v -2419.051 9748.949 5500.000
v -2403.531 9792.000 5500.000
v -2396.806 9864.000 5500.000
v -2351.542 9936.000 5500.000
v -2341.787 9970.213 5500.000
v -2354.173 10008.000 5500.000
v -2376.000 10025.152 5500.000
v -2520.000 10043.197 5500.000
v -2644.067 10080.000 5500.000
v -2664.000 10090.165 5500.000
v -2687.241 10128.760 5500.000
v -2690.594 10152.000 5500.000
v -2664.000 10185.482 5500.000
v -2639.955 10176.046 5500.000
v -2376.000 10196.173 5500.000
v -2309.743 10224.000 5500.000
v -2160.000 10340.404 5500.000
v -2146.576 10368.000 5500.000
v -2116.046 10512.000 5500.000
v -2118.749 10584.000 5500.000
v -2088.000 10661.012 5500.000
v -2016.000 10752.126 5500.000
v -1951.569 10720.431 5500.000
v -1975.002 10656.000 5500.000
v -1968.191 10631.809 5500.000
v -1867.242 10516.758 5500.000
v -1848.296 10463.704 5500.000
v -1800.000 10416.149 5500.000
v -1771.301 10396.698 5500.000
v -1728.000 10386.680 5500.000
v -1656.000 10402.378 5500.000
v -1584.000 10375.294 5500.000
v -1512.000 10328.997 5500.000
v -1368.000 10268.892 5500.000
v -1303.924 10216.076 5500.000
v -1224.000 10170.387 5500.000
v -1114.851 10117.149 5500.000
v -1059.633 10100.367 5500.000
v -1042.866 10045.135 5500.000
v -1019.929 10008.000 5500.000
v -1046.845 9864.000 5500.000
v -977.460 9678.540 5500.000
v -936.000 9616.851 5500.000
v -802.927 9565.073 5500.000
v -720.000 9564.832 5500.000
v -576.000 9599.431 5500.000
v -468.574 9539.426 5500.000
v -433.187 9504.000 5500.000
v -409.693 9454.307 5500.000
v -412.636 9379.364 5500.000
v -400.507 9360.000 5500.000
v -386.651 9288.000 5500.000
v -386.783 9216.000 5500.000
v -426.425 9144.000 5500.000
v -427.475 9072.000 5500.000
v -391.365 9040.635 5500.000
v -384.269 8975.730 5500.000
v -362.687 8925.313 5500.000
v -314.976 8901.023 5500.000
v -216.000 8785.330 5500.000
v -135.595 8720.405 5500.000
v -108.156 8675.845 5500.000
v -68.939 8643.061 5500.000
v 33.043 8601.043 5500.000
v 144.972 8568.972 5500.000
v 188.840 8540.840 5500.000
v 390.904 8526.904 5500.000
v 432.000 8485.482 5500.000
v 473.902 8465.902 5500.000
v 504.000 8431.432 5500.000
v 576.000 8404.496 5500.000
v 626.748 8402.748 5500.000
v 648.000 8390.155 5500.000
v 720.000 8410.322 5500.000
v 802.923 8496.000 5500.000
v 840.489 8688.489 5500.000
v 841.280 8784.000 5500.000
v 740.281 8876.281 5500.000
v 701.727 9000.000 5500.000
v 720.000 9030.566 5500.000
v 792.000 9057.676 5500.000
v 815.435 9023.436 5500.000
v 864.000 9028.680 5500.000
v 917.462 9000.000 5500.000
v 971.937 8963.937 5500.000
v 1005.028 8925.028 5500.000
v 1087.130 8863.130 5500.000
v 1388.264 8732.264 5500.000
v 1417.107 8689.106 5500.000
v 1436.290 8636.290 5500.000
v 1505.243 8568.000 5500.000
v 1538.091 8522.091 5500.000
v 1584.000 8492.374 5500.000
v 1595.249 8435.249 5500.000
v 1609.302 8424.000 5500.000
v 1620.232 8388.232 5500.000
v 1617.967 8352.000 5500.000
v 1643.984 8280.000 5500.000
v 1650.401 8202.401 5500.000
v 1681.980 8161.980 5500.000
v 1704.288 8112.288 5500.000
v 1703.404 8064.000 5500.000
v 1732.219 7996.219 5500.000
v 1745.859 7920.000 5500.000
v 1753.606 7776.000 5500.000
v 1738.606 7632.000 5500.000
v 1741.718 7560.000 5500.000
v 1728.000 7514.868 5500.000
v 1656.000 7394.028 5500.000
v 1643.586 7344.000 5500.000
v 1675.085 7291.085 5500.000
v 1670.562 7272.000 5500.000
v 1691.412 7235.412 5500.000
v 1673.379 7128.000 5500.000
v 1656.000 7100.082 5500.000
v 1519.239 6984.000 5500.000
v 1466.922 6912.000 5500.000
v 1460.889 6860.889 5500.000
v 1476.751 6840.000 5500.000
v 1481.964 6809.964 5500.000
v 1523.140 6768.000 5500.000
v 1536.642 6720.642 5500.000
v 1581.621 6696.000 5500.000
v 1500.459 6624.000 5500.000
v 1498.477 6610.477 5500.000
v 1551.520 6591.520 5500.000
v 1560.055 6552.000 5500.000
v 1584.000 6537.073 5500.000
v 1625.963 6552.000 5500.000
v 1656.000 6582.286 5500.000
v 1661.079 6557.079 5500.000
v 1691.175 6515.175 5500.000
v 1728.000 6499.081 5500.000
v 1752.339 6432.339 5500.000
v 1810.543 6408.000 5500.000
v 1826.162 6362.162 5500.000
v 1872.000 6364.199 5500.000
v 1883.587 6347.587 5500.000
v 1938.556 6330.556 5500.000
v 2099.514 6347.514 5500.000
v 2218.087 6322.087 5500.000
v 2276.165 6336.000 5500.000
v 2327.710 6408.000 5500.000
v 2361.355 6552.000 5500.000
v 2376.000 6574.589 5500.000
v 2448.000 6621.230 5500.000
v 2664.000 6724.549 5500.000
v 2736.000 6783.120 5500.000
v 2780.978 6840.000 5500.000
v 2831.068 7056.000 5500.000
v 2845.821 7344.000 5500.000
v 2883.399 7488.000 5500.000
v 2901.838 7704.000 5500.000
v 2947.147 7843.147 5500.000
v 2957.562 7920.000 5500.000
v 2993.654 7992.000 5500.000
v 3004.607 8064.000 5500.000
v 2989.383 8173.383 5500.000
v 2959.159 8208.000 5500.000
v 2961.973 8217.974 5500.000
v 2952.000 8218.704 5500.000
v 2929.490 8280.000 5500.000
v 2920.562 8352.000 5500.000
v 2939.376 8411.376 5500.000
v 2880.000 8422.894 5500.000
v 2851.250 8496.000 5500.000
v 2847.097 8535.097 5500.000
v 2803.658 8563.657 5500.000
v 2799.539 8640.000 5500.000
v 2771.744 8712.000 5500.000
v 2756.306 8784.000 5500.000
v 2760.107 8808.106 5500.000
v 2736.000 8818.080 5500.000
v 2674.768 8938.768 5500.000
v 2664.000 8937.030 5500.000
v 2631.015 8967.015 5500.000
v 2608.031 9000.000 5500.000
v 2577.342 9057.342 5500.000
v 2568.158 9120.157 5500.000
v 2533.253 9229.253 5500.000
v 2472.538 9312.538 5500.000
v 2333.412 9432.000 5500.000
v 2242.357 9586.357 5500.000
v 2160.000 9651.230 5500.000
v 2094.522 9720.000 5500.000
v 2016.000 9864.888 5500.000
v 1944.000 9920.140 5500.000
v 1849.589 9913.589 5500.000
v 1728.000 9957.894 5500.000
v 1656.000 9960.379 5500.000
v 1535.301 10103.301 5500.000
v 1512.000 10119.093 5500.000
v 1440.000 10140.355 5500.000
v 1368.000 10205.769 5500.000
v 1311.740 10239.739 5500.000
v 1192.155 10336.155 5500.000
v 1152.000 10346.897 5500.000
v 1059.391 10347.391 5500.000
v 1002.347 10362.347 5500.000
v 978.071 10410.071 5500.000
v 976.578 10480.578 5500.000
v 936.000 10598.513 5500.000
v 762.865 10626.865 5500.000
v 708.861 10656.000 5500.000
v 672.844 10680.844 5500.000
v 621.142 10773.142 5500.000
v 496.527 10864.527 5500.000
v 523.584 11035.584 5500.000
v 522.812 11088.000 5500.000
v 500.714 11156.714 5500.000
v 457.914 11185.914 5500.000
v 432.000 11188.681 5500.000
v 288.000 11160.780 5500.000
v 233.654 11177.654 5500.000
v 144.229 11232.000 5500.000
v 156.713 11316.713 5500.000
v 133.152 11365.152 5500.000
v 94.053 11398.054 5500.000
v 73.889 11448.000 5500.000
v 81.161 11520.000 5500.000
v 102.050 11592.000 5500.000
v 96.730 11616.730 5500.000
v 73.776 11664.000 5500.000
v 7.805 11743.805 5500.000
v -39.454 11768.546 5500.000
v -116.978 11763.022 5500.000
v -299.637 11796.363 5500.000
v -326.087 11841.913 5500.000
v -302.195 12024.000 5500.000
v -319.063 12064.937 5500.000
v -353.522 12102.478 5500.000
v -432.000 12150.341 5500.000
v -576.000 12198.540 5500.000
v -616.001 12199.999 5500.000
v -614.927 12273.073 5500.000
v -590.034 12384.000 5500.000
v 2098.771 12384.000 5500.000
v 2088.000 12333.167 5500.000
v 2050.422 12346.422 5500.000
v 1921.157 12361.157 5500.000
v 1896.209 12384.000 5500.000
l 7980 7981 7982 7983 7984 7985 7986 7987 7988 7989 7990 7991 7992 7993 7994 7995 7996 7997 7998 7999 8000 8001 8002 8003 8004 8005 8006 8007 8008 8009 8010 8011 8012 8013 8014 8015 8016 8017 8018 8019 8020 8021 8022 8023 8024 8025 8026 8027 8028 8029 8030 8031 8032 8033 8034 8035 8036 8037 8038 8039 8040 8041 8042 8043 8044 8045 8046 8047 8048 8049 8050 8051 8052 8053 8054 8055 8056 8057 8058 8059 8060 8061 8062 8063 8064 8065 8066 8067 8068 8069 8070 8071 8072 8073 8074 8075 8076 8077 8078 8079 8080 8081 8082 8083 8084 8085 8086 8087 8088 8089 8090 8091 8092 8093 8094 8095 8096 8097 8098 8099 8100 8101 8102 8103 8104 8105 8106 8107 8108 8109 8110 8111 8112 8113 8114 8115 8116 8117 8118 8119 8120 8121 8122 8123 8124 8125 8126 8127 8128 8129 8130 8131 8132 8133 8134 8135 8136 8137 8138 8139 8140 8141 8142 8143 8144 8145 8146 8147 8148 8149 8150 8151 8152 8153 8154 8155 8156 8157 8158 8159 8160 8161 8162 8163 8164 8165 8166 8167 8168 8169 8170 8171 8172 8173 8174 8175 8176 8177 8178 8179 8180 8181 8182 8183 8184 8185 8186 8187 8188 8189 8190 8191 8192 8193 8194 8195 8196 8197 8198 8199 8200 8201 8202 8203 8204 8205 8206 8207 8208 8209 8210 8211 8212 8213 8214 8215 8216 8217 8218 8219 8220 8221 8222 8223 8224 8225 8226 8227 8228 8229 8230 8231 8232 8233 8234 8235 8236 8237 8238 8239 8240 8241 8242 8243 8244 8245 8246 8247 8248 8249 8250 8251 8252 8253 8254 8255 8256 8257 8258 8259 8260 8261 8262 8263 8264 8265 8266 8267 8268 8269 8270 8271 8272 8273 8274 8275 8276 8277 8278 8279 8280 8281 8282 8283 8284 8285 8286 8287 8288 8289 8290 8291 8292 8293 8294 8295 8296 8297 8298 8299 8300 8301 8302 8303 8304 8305 8306 8307 8308 8309 8310 8311 8312 8313 8314 8315 8316 8317 8318 8319 8320 8321 8322 8323 8324 8325 8326 8327 8328 8329 8330 8331 8332 8333 8334 8335 8336 8337 8338 8339 8340 8341 8342 8343 8344 8345 8346 8347 8348 8349 8350 8351 8352 8353 8354 8355 8356 8357 8358 8359 8360 8361 8362 8363 8364 8365 8366 8367 8368 8369 8370 8371 8372 8373 8374 8375 8376 8377 8378 8379 8380 8381 8382 8383 8384 8385 8386 8387 8388 8389 8390 8391 8392 8393 8394 8395 8396 8397 8398 8399 8400 8401 8402 8403 8404 8405 8406 8407 8408 8409 8410 8411 8412 8413 8414 8415 8416 8417 8418 8419 8420 8421 8422 8423 8424 8425 8426 8427 8428 8429 8430 8431 8432 8433 8434 8435 8436 8437 8438 8439 8440 8441 8442 8443 8444 8445 8446 8447 8448 8449 8450 8451 8452 8453 8454 8455 8456 8457 8458 8459 8460 8461 8462 8463 8464 8465 8466 8467 8468 8469 8470 8471 8472 8473 8474 8475 8476 8477 8478 8479 8480 8481 8482 8483 8484 8485 8486 8487 8488 8489 8490 8491 8492 8493 8494 8495 8496 8497 8498 8499 8500 8501 8502 8503 8504 8505 8506 8507 8508 8509 8510 8511 8512 8513 8514 8515 8516 8517 8518 8519 8520 8521 8522 8523 8524 8525 8526 8527 8528 8529 8530 8531 8532 8533 8534 8535 8536 8537 8538 8539 8540 8541 8542 8543 8544 8545 8546 8547 8548 8549 8550 8551 8552 8553 8554 8555 8556 8557 8558 8559 8560 8561 8562 8563 8564 8565 8566 8567 8568 8569 8570 8571 8572 8573 8574 8575 8576 8577 8578 8579 8580 8581 8582 8583 8584 8585 8586 8587 8588 8589 8590 8591 8592 8593 8594 8595 8596 8597 8598 8599 8600 8601 8602 8603 8604 8605 8606 8607 8608 8609 8610 8611 8612 8613 8614 8615 8616 8617 8618 8619 8620 8621 8622 8623 8624 8625 8626 8627 8628 8629 8630 8631 8632 8633 8634 8635 8636 8637 8638 8639 8640 8641 8642 8643 8644 8645 8646 8647 8648 8649 8650 8651 8652 8653 8654 8655 8656 8657 8658 8659 8660 8661 8662 8663 8664 8665 8666 8667 8668 8669 8670 8671 8672 8673 8674 8675 8676 8677 8678 8679 8680 8681 8682 8683 8684 8685 8686 8687 8688 8689 8690 8691 8692 8693 8694 8695 8696 8697 8698 8699 8700 8701 8702 8703 8704 8705 8706 8707 8708 8709 8710 8711 8712 8713 8714 8715 8716 8717 8718 8719 8720 8721 8722 8723 8724 8725 8726 8727 8728 8729 8730 8731 8732 8733 8734 8735 8736 8737 8738 8739 8740 8741 8742 8743 8744 8745 8746 8747 8748 8749 8750 8751 8752 8753 8754 8755 8756 8757 8758 8759 8760 8761 8762 8763 8764 8765 8766 8767 8768 8769 8770 8771 8772 8773 8774 8775 8776 8777 8778 8779 8780 8781 8782 8783 8784 8785 8786 8787 8788 8789 8790 8791 8792 8793 8794 8795 8796 8797 8798 8799 8800 8801 8802 8803 8804 8805 8806 8807 8808 8809 8810 8811 8812 8813 8814 8815 8816 8817 8818 8819 8820 8821 8822 8823 8824 8825 8826 8827 8828 8829 8830 8831 8832 8833 8834 8835 8836 8837 8838 8839 8840 8841 8842 8843 8844 8845 8846 8847 8848 8849 8850 8851 8852 8853 8854 8855 8856 8857 8858 8859 8860 8861 8862 8863 8864 8865 8866 8867 8868 8869 8870 8871 8872 8873 8874 8875 8876 8877 8878 8879 8880 8881 8882 8883 8884 8885 8886 8887 8888 8889 8890 8891 8892 8893 8894 8895 8896 8897 8898 8899 8900 8901 8902 8903 8904 8905 8906 8907 8908 8909 8910 8911 8912 8913 8914 8915 8916 8917 8918 8919 8920 8921 8922 8923 8924 8925 8926 8927 8928 8929 8930 8931 8932 8933 8934 8935 8936 8937 8938 8939 8940 8941 8942 8943 8944 8945 8946 8947 8948 8949 8950 8951 8952 8953 8954 8955 8956 8957 8958 8959 8960 8961 8962 8963 8964 8965 8966 8967 8968 8969 8970 8971 8972 8973 8974 8975 8976 8977 8978 8979 8980 8981 8982 8983 8984 8985 8986 8987 8988 8989 8990 8991 8992 8993 8994 8995 8996 8997 8998 8999 9000 9001 9002 9003 9004 9005 9006 9007 9008 9009 9010 9011 9012 9013 9014 9015 9016 9017 9018 9019 9020 9021 9022 9023 9024 9025 9026 9027 9028 9029 9030 9031 9032 9033 9034 9035 9036 9037 9038 9039 9040 9041 9042 9043 9044 9045 9046 9047 9048 9049 9050 9051 9052 9053 9054 9055 9056 9057 9058 9059 9060 9061 9062 9063 9064 9065 9066 9067 9068 9069 9070 9071 9072 9073 9074 9075 9076 9077 9078 9079 9080 9081 9082 9083 9084 9085 9086 9087 9088 9089 9090 9091 9092 9093 9094 9095 9096 9097 9098 9099 9100 9101 9102 9103 9104 9105 9106 9107 9108 9109 9110 9111 9112 9113 9114 9115 9116 9117 9118 9119 9120 9121 9122 9123 9124 9125 9126 9127 9128 9129 9130 9131 9132 9133 9134 9135 9136 9137 9138 9139 9140 9141 9142 9143 9144 9145 9146 9147 9148 9149 9150 9151 9152 9153 9154 9155 9156 9157 9158 9159 9160 9161 9162 9163 9164 9165 9166 9167 9168 9169 9170 9171 9172 9173 9174 9175 9176 9177 9178 9179 9180 9181 9182 9183 9184 9185 9186 9187 9188 9189 9190 9191 9192 9193 9194 9195 9196 9197 9198 9199 9200 9201 9202 9203 9204 9205 9206 9207 9208 9209 9210 9211 9212 9213 9214 9215
v 3009.556 12384.000 5500.000
v 3004.482 12312.000 5500.000
v 2904.215 12168.000 5500.000
v 2914.562 12096.000 5500.000
v 2884.382 11952.000 5500.000
v 2899.608 11880.000 5500.000
v 2892.783 11808.000 5500.000
v 2898.500 11736.000 5500.000
v 2967.938 11664.000 5500.000
v 2968.066 11592.000 5500.000
v 2846.328 11520.000 5500.000
v 2808.000 11468.247 5500.000
v 2798.851 11448.000 5500.000
v 2830.994 11376.000 5500.000
v 2822.626 11304.000 5500.000
v 2722.843 11232.000 5500.000
v 2731.299 11160.000 5500.000
v 2692.082 11088.000 5500.000
v 2805.202 10944.000 5500.000
v 2778.789 10872.000 5500.000
v 2671.081 10800.000 5500.000
v 2681.372 10745.371 5500.000
v 2664.000 10695.399 5500.000
v 2631.914 10656.000 5500.000
v 2548.760 10612.760 5500.000
v 2446.862 10584.000 5500.000
v 2420.101 10512.000 5500.000
v 2449.433 10369.434 5500.000
v 2474.391 10322.391 5500.000
v 2477.603 10253.604 5500.000
v 2498.715 10202.716 5500.000
v 2489.833 10152.000 5500.000
v 2520.997 10008.997 5500.000
v 2544.607 9792.000 5500.000
v 2574.294 9720.000 5500.000
v 2581.879 9637.879 5500.000
v 2607.445 9591.445 5500.000
v 2647.296 9559.296 5500.000
v 2683.184 9504.000 5500.000
v 2654.628 9432.000 5500.000
v 2666.567 9360.000 5500.000
v 2687.704 9311.704 5500.000
v 2699.712 9251.712 5500.000
v 2751.561 9159.561 5500.000
v 2810.803 8928.000 5500.000
v 2860.807 8836.807 5500.000
v 2880.000 8820.232 5500.000
v 2918.770 8712.000 5500.000
v 2919.374 8607.374 5500.000
v 2935.317 8568.000 5500.000
v 2939.594 8496.000 5500.000
v 2887.699 8431.699 5500.000
v 2952.000 8468.647 5500.000
v 2958.572 8430.572 5500.000
v 3024.000 8353.889 5500.000
v 3063.891 8247.892 5500.000
v 3096.000 8221.505 5500.000
v 3151.984 8119.984 5500.000
v 3168.000 8110.273 5500.000
v 3198.650 8064.000 5500.000
v 3305.226 7848.000 5500.000
v 3380.122 7488.000 5500.000
v 3377.161 7337.161 5500.000
v 3415.358 7231.358 5500.000
v 3443.160 7187.160 5500.000
v 3506.468 7128.000 5500.000
v 3600.000 7012.097 5500.000
v 3710.749 6950.749 5500.000
v 3745.706 6912.000 5500.000
v 3816.000 6875.138 5500.000
v 3888.000 6865.937 5500.000
v 3960.000 6891.400 5500.000
v 4015.037 6895.037 5500.000
v 4073.070 6912.000 5500.000
v 4104.000 6936.389 5500.000
v 4130.142 6984.000 5500.000
v 4225.602 7105.602 5500.000
v 4248.000 7154.128 5500.000
v 4288.263 7200.000 5500.000
v 4362.180 7242.180 5500.000
v 4397.484 7277.484 5500.000
v 4408.271 7360.271 5500.000
v 4388.711 7416.000 5500.000
v 4320.907 7488.000 5500.000
v 4271.192 7560.000 5500.000
v 4275.020 7632.000 5500.000
v 4258.596 7642.596 5500.000
v 4260.901 7704.000 5500.000
v 4234.692 7762.692 5500.000
v 4231.099 7831.099 5500.000
v 4213.792 7885.792 5500.000
v 4148.800 8036.800 5500.000
v 4130.731 8162.731 5500.000
v 4104.035 8208.000 5500.000
v 4098.062 8346.062 5500.000
v 4061.654 8424.000 5500.000
v 4044.097 8508.097 5500.000
v 4044.156 8580.156 5500.000
v 4001.564 8712.000 5500.000
v 3987.851 8928.000 5500.000
v 4023.972 9000.000 5500.000
v 4038.434 9072.000 5500.000
v 4019.920 9144.000 5500.000
v 4034.929 9288.000 5500.000
v 3972.140 9372.140 5500.000
v 3963.627 9435.627 5500.000
v 3925.781 9541.781 5500.000
v 3924.535 9648.000 5500.000
v 3951.909 9720.000 5500.000
v 3950.398 9782.398 5500.000
v 3890.961 9866.961 5500.000
v 3873.178 9921.178 5500.000
v 3873.109 9993.109 5500.000
v 3887.868 10080.000 5500.000
v 4032.000 10345.369 5500.000
v 4053.206 10368.000 5500.000
v 4104.000 10406.513 5500.000
v 4176.000 10377.057 5500.000
v 4195.950 10315.950 5500.000
v 4248.000 10004.490 5500.000
v 4282.966 9898.967 5500.000
v 4346.760 9818.760 5500.000
v 4392.000 9790.283 5500.000
v 4442.386 9720.000 5500.000
v 4490.988 9674.988 5500.000
v 4536.000 9606.310 5500.000
v 4557.948 9597.948 5500.000
v 4586.009 9554.009 5500.000
v 4608.000 9494.013 5500.000
v 4665.606 9489.605 5500.000
v 4680.000 9478.599 5500.000
v 4797.369 9477.369 5500.000
v 4824.000 9466.761 5500.000
v 4847.190 9504.000 5500.000
v 4841.126 9521.126 5500.000
v 4863.769 9720.000 5500.000
v 4849.180 9745.180 5500.000
v 4848.713 9888.713 5500.000
v 4825.797 9936.000 5500.000
v 4827.088 10008.000 5500.000
v 4816.753 10072.753 5500.000
v 4839.261 10224.000 5500.000
v 4863.989 10296.000 5500.000
v 4904.638 10368.000 5500.000
v 4938.363 10482.363 5500.000
v 4930.509 10512.000 5500.000
v 4995.116 10656.000 5500.000
v 5040.000 10701.656 5500.000
v 5112.000 10695.250 5500.000
v 5353.621 10537.621 5500.000
v 5425.088 10465.088 5500.000
v 5515.695 10411.695 5500.000
v 5545.124 10368.000 5500.000
v 5616.000 10300.546 5500.000
v 5710.822 10246.821 5500.000
v 5719.382 10224.000 5500.000
v 5861.086 10109.086 5500.000
v 5907.475 10083.475 5500.000
v 5917.270 10021.270 5500.000
v 5963.246 9923.246 5500.000
v 6101.690 9845.689 5500.000
v 6264.000 9702.016 5500.000
v 6314.385 9648.000 5500.000
v 6375.947 9504.000 5500.000
v 6428.841 9452.841 5500.000
v 6456.183 9408.183 5500.000
v 6498.673 9378.673 5500.000
v 6644.949 9308.948 5500.000
v 6696.000 9228.222 5500.000
v 6767.266 9143.266 5500.000
v 6869.353 9072.000 5500.000
v 7056.007 8856.007 5500.000
v 7106.435 8784.000 5500.000
v 7104.175 8760.175 5500.000
v 7132.328 8712.000 5500.000
v 7045.896 8568.000 5500.000
v 6978.506 8496.000 5500.000
v 6876.576 8460.575 5500.000
v 6800.268 8456.268 5500.000
v 6771.580 8499.580 5500.000
v 6682.393 8496.000 5500.000
v 6665.052 8424.000 5500.000
v 6624.801 8352.000 5500.000
v 6480.000 8235.069 5500.000
v 6459.924 8136.000 5500.000
v 6336.000 8020.448 5500.000
v 6003.599 7776.000 5500.000
v 5879.604 7632.000 5500.000
v 5799.206 7560.000 5500.000
v 5798.143 7488.000 5500.000
v 5816.638 7472.638 5500.000
v 5832.000 7437.752 5500.000
v 5847.758 7431.758 5500.000
v 5875.792 7344.000 5500.000
v 5904.000 7318.869 5500.000
v 5941.719 7309.719 5500.000
v 6264.000 7323.839 5500.000
v 6408.000 7307.328 5500.000
v 6536.479 7256.479 5500.000
v 6624.000 7233.048 5500.000
v 6768.000 7147.088 5500.000
v 6806.602 7094.602 5500.000
v 6846.621 7062.621 5500.000
v 6912.000 6987.244 5500.000
v 6976.687 6976.687 5500.000
v 7056.000 6984.589 5500.000
v 7109.174 6965.174 5500.000
v 7145.010 6929.010 5500.000
v 7188.985 6828.985 5500.000
v 7258.828 6754.828 5500.000
v 7298.940 6722.940 5500.000
v 7350.214 6702.214 5500.000
v 7428.970 6636.970 5500.000
v 7484.592 6548.592 5500.000
v 7534.713 6526.713 5500.000
v 7560.000 6496.386 5500.000
v 7615.791 6463.791 5500.000
v 7632.000 6440.324 5500.000
v 7660.962 6436.962 5500.000
v 7705.347 6408.000 5500.000
v 7805.580 6365.580 5500.000
v 7834.811 6336.000 5500.000
v 7900.219 6316.219 5500.000
v 7920.000 6297.494 5500.000
v 7953.437 6297.437 5500.000
v 7992.000 6272.434 5500.000
v 8064.000 6258.753 5500.000
v 8148.258 6264.000 5500.000
v 8208.000 6321.924 5500.000
v 8248.725 6408.000 5500.000
v 8269.646 6480.000 5500.000
v 8306.239 6696.000 5500.000
v 8265.561 6825.561 5500.000
v 8261.974 6912.000 5500.000
v 8326.285 7056.000 5500.000
v 8334.996 7128.000 5500.000
v 8319.788 7167.788 5500.000
v 8313.584 7272.000 5500.000
v 8351.042 7344.000 5500.000
v 8424.000 7446.158 5500.000
v 8465.290 7560.000 5500.000
v 8515.439 7632.000 5500.000
v 8589.294 7704.000 5500.000
v 8640.000 7737.524 5500.000
v 8712.000 7755.120 5500.000
v 8784.000 7751.227 5500.000
v 8873.141 7721.141 5500.000
v 8993.099 7625.099 5500.000
v 9038.117 7560.000 5500.000
v 9123.819 7467.820 5500.000
v 9144.000 7427.638 5500.000
v 9191.863 7391.864 5500.000
v 9231.904 7344.000 5500.000
v 9360.000 7119.472 5500.000
v 9428.395 7056.000 5500.000
v 9484.531 7036.532 5500.000
v 9560.071 6984.000 5500.000
v 9624.773 6960.773 5500.000
v 9668.185 6932.184 5500.000
v 9720.000 6878.725 5500.000
v 9936.000 6808.626 5500.000
v 9978.271 6810.271 5500.000
v 10008.000 6798.017 5500.000
v 10080.000 6822.162 5500.000
v 10152.000 6939.206 5500.000
v 10200.943 7056.000 5500.000
v 10219.575 7128.000 5500.000
v 10182.162 7230.162 5500.000
v 10148.615 7272.000 5500.000
v 10133.572 7344.000 5500.000
v 10189.864 7488.000 5500.000
v 10157.820 7565.820 5500.000
v 10120.786 7600.787 5500.000
v 10109.489 7632.000 5500.000
v 10052.698 7704.000 5500.000
v 9901.480 7813.481 5500.000
v 9879.084 7863.084 5500.000
v 9777.526 7977.527 5500.000
v 9750.186 8022.186 5500.000
v 9745.158 8136.000 5500.000
v 9617.227 8321.227 5500.000
v 9569.007 8345.007 5500.000
v 9489.607 8409.607 5500.000
v 9429.413 8493.413 5500.000
v 9360.263 8568.263 5500.000
v 9288.000 8593.410 5500.000
v 9216.000 8634.709 5500.000
v 9186.550 8682.550 5500.000
v 9167.300 8784.000 5500.000
v 9166.439 8878.439 5500.000
v 9111.432 9072.000 5500.000
v 9124.584 9124.584 5500.000
v 9090.911 9216.000 5500.000
v 9085.312 9288.000 5500.000
v 9009.838 9360.000 5500.000
v 8961.233 9393.233 5500.000
v 8933.792 9432.000 5500.000
v 8856.000 9456.935 5500.000
v 8829.412 9477.412 5500.000
v 8798.745 9518.745 5500.000
v 8776.523 9576.000 5500.000
v 8747.584 9611.584 5500.000
v 8712.000 9627.903 5500.000
v 8673.084 9681.084 5500.000
v 8628.146 9708.146 5500.000
v 8605.629 9757.629 5500.000
v 8565.403 9789.403 5500.000
v 8575.421 9871.421 5500.000
v 8554.819 9922.819 5500.000
v 8516.677 9956.677 5500.000
v 8509.250 10008.000 5500.000
v 8420.578 10080.000 5500.000
v 8316.719 10224.000 5500.000
v 8294.317 10310.317 5500.000
v 8280.000 10330.998 5500.000
v 8120.064 10496.064 5500.000
v 8127.898 10575.898 5500.000
v 8108.272 10628.272 5500.000
v 7992.000 10670.284 5500.000
v 7920.000 10663.776 5500.000
v 7869.035 10677.035 5500.000
v 7827.258 10728.000 5500.000
v 7841.415 10800.000 5500.000
v 7932.258 10872.000 5500.000
v 7992.000 10933.027 5500.000
v 8047.559 11016.000 5500.000
v 8079.887 11103.887 5500.000
v 8089.225 11160.000 5500.000
v 8074.374 11170.374 5500.000
v 8065.140 11232.000 5500.000
v 8010.013 11250.013 5500.000
v 7992.000 11271.968 5500.000
v 7969.158 11281.158 5500.000
v 7957.410 11304.000 5500.000
v 7931.470 11315.470 5500.000
v 7911.602 11367.602 5500.000
v 7887.450 11376.000 5500.000
v 7666.146 11410.146 5500.000
v 7629.655 11445.654 5500.000
v 7566.708 11454.709 5500.000
v 7488.000 11448.828 5500.000
v 7438.716 11470.716 5500.000
v 7403.009 11507.009 5500.000
v 7356.620 11532.620 5500.000
v 7256.949 11504.949 5500.000
v 7191.420 11511.420 5500.000
v 7155.096 11547.096 5500.000
v 7143.206 11607.206 5500.000
v 7113.800 11649.800 5500.000
v 7063.716 11671.716 5500.000
v 6984.000 11671.528 5500.000
v 6904.479 11592.000 5500.000
v 6840.000 11561.458 5500.000
v 6803.058 11592.000 5500.000
v 6798.362 11622.362 5500.000
v 6733.919 11701.920 5500.000
v 6696.000 11713.012 5500.000
v 6676.631 11736.000 5500.000
v 6692.257 11804.257 5500.000
v 6687.086 11943.086 5500.000
v 6679.663 11952.000 5500.000
v 6740.361 12024.000 5500.000
v 6748.229 12096.000 5500.000
v 6625.510 12240.000 5500.000
v 6552.000 12298.957 5500.000
v 6480.000 12273.126 5500.000
v 6445.991 12277.991 5500.000
v 6372.796 12384.000 5500.000
v 8819.418 12384.000 5500.000
v 8784.000 12352.427 5500.000
v 8713.404 12312.000 5500.000
v 8612.887 12284.887 5500.000
v 8568.000 12292.382 5500.000
v 8527.110 12271.110 5500.000
v 8496.000 12274.495 5500.000
v 8424.000 12243.707 5500.000
v 8384.052 12272.052 5500.000
v 8352.000 12270.702 5500.000
v 8328.946 12288.946 5500.000
v 8265.315 12384.000 5500.000
l 9216 9217 9218 9219 9220 9221 9222 9223 9224 9225 9226 9227 9228 9229 9230 9231 9232 9233 9234 9235 9236 9237 9238 9239 9240 9241 9242 9243 9244 9245 9246 9247 9248 9249 9250 9251 9252 9253 9254 9255 9256 9257 9258 9259 9260 9261 9262 9263 9264 9265 9266 9267 9268 9269 9270 9271 9272 9273 9274 9275 9276 9277 9278 9279 9280 9281 9282 9283 9284 9285 9286 9287 9288 9289 9290 9291 9292 9293 9294 9295 9296 9297 9298 9299 9300 9301 9302 9303 9304 9305 9306 9307 9308 9309 9310 9311 9312 9313 9314 9315 9316 9317 9318 9319 9320 9321 9322 9323 9324 9325 9326 9327 9328 9329 9330 9331 9332 9333 9334 9335 9336 9337 9338 9339 9340 9341 9342 9343 9344 9345 9346 9347 9348 9349 9350 9351 9352 9353 9354 9355 9356 9357 9358 9359 9360 9361 9362 9363 9364 9365 9366 9367 9368 9369 9370 9371 9372 9373 9374 9375 9376 9377 9378 9379 9380 9381 9382 9383 9384 9385 9386 9387 9388 9389 9390 9391 9392 9393 9394 9395 9396 9397 9398 9399 9400 9401 9402 9403 9404 9405 9406 9407 9408 9409 9410 9411 9412 9413 9414 9415 9416 9417 9418 9419 9420 9421 9422 9423 9424 9425 9426 9427 9428 9429 9430 9431 9432 9433 9434 9435 9436 9437 9438 9439 9440 9441 9442 9443 9444 9445 9446 9447 9448 9449 9450 9451 9452 9453 9454 9455 9456 9457 9458 9459 9460 9461 9462 9463 9464 9465 9466 9467 9468 9469 9470 9471 9472 9473 9474 9475 9476 9477 9478 9479 9480 9481 9482 9483 9484 9485 9486 9487 9488 9489 9490 9491 9492 9493 9494 9495 9496 9497 9498 9499 9500 9501 9502 9503 9504 9505 9506 9507 9508 9509 9510 9511 9512 9513 9514 9515 9516 9517 9518 9519 9520 9521 9522 9523 9524 9525 9526 9527 9528 9529 9530 9531 9532 9533 9534 9535 9536 9537 9538 9539 9540 9541 9542 9543 9544 9545 9546 9547 9548 9549 9550 9551 9552 9553 9554 9555 9556 9557 9558 9559 9560 9561 9562 9563 9564 9565 9566 9567 9568 9569 9570 9571 9572 9573 9574 9575 9576 9577 9578 9579 9580 9581 9582 9583 9584 9585 9586 9587 9588 9589 9590 9591 9592 9593 9594 9595
v -18000.000 8895.545 5500.000
v -17928.000 8899.340 5500.000
v -17854.062 8928.000 5500.000
v -17884.188 8971.812 5500.000
v -17879.709 9144.000 5500.000
v -17831.482 9216.000 5500.000
v -17830.008 9241.991 5500.000
v -17809.834 9288.000 5500.000
v -17819.205 9360.000 5500.000
v -17783.926 9432.000 5500.000
v -17720.537 9504.000 5500.000
v -17739.822 9548.178 5500.000
v -17745.627 9648.000 5500.000
v -17731.301 9720.000 5500.000
v -17712.000 9758.430 5500.000
v -17640.000 9818.709 5500.000
v -17568.000 9928.007 5500.000
v -17498.393 10008.000 5500.000
v -17508.182 10067.819 5500.000
v -17568.000 10088.185 5500.000
v -17640.000 10051.194 5500.000
v -17784.000 9919.521 5500.000
v -17856.000 9887.032 5500.000
v -17944.979 9864.000 5500.000
v -18000.000 9832.396 5500.000
v -18000.000 9353.184 5500.000
v -17973.445 9432.000 5500.000
v -17962.363 9504.000 5500.000
v -17963.229 9576.000 5500.000
v -18000.000 9717.200 5500.000
l 9596 9597 9598 9599 9600 9601 9602 9603 9604 9605 9606 9607 9608 9609 9610 9611 9612 9613 9614 9615 9616 9617 9618 9619 9620 9621 9622 9623 9624 9625
v -17928.000 12257.677 5500.000
v -17950.316 12240.000 5500.000
v -18000.000 12223.958 5500.000
v -17907.891 12384.000 5500.000
v -17904.207 12312.000 5500.000
v -17928.000 12257.677 5500.000
l 9626 9627 9628 9629 9630 9631
v -1601.324 -19817.324 5500.000
v -1609.039 -19753.039 5500.000
v -1620.671 -19728.000 5500.000
v -1679.799 -19656.000 5500.000
v -1662.352 -19584.000 5500.000
v -1512.000 -19547.154 5500.000
v -1440.000 -19504.873 5500.000
v -1289.301 -19368.000 5500.000
v -1224.000 -19341.385 5500.000
v -936.000 -19345.746 5500.000
v -864.000 -19321.795 5500.000
v -720.000 -19251.025 5500.000
v -576.000 -19108.584 5500.000
v -534.622 -19080.000 5500.000
v -504.000 -19028.990 5500.000
v -476.948 -19052.947 5500.000
v -488.989 -19080.000 5500.000
v -470.876 -19118.875 5500.000
v -452.006 -19244.006 5500.000
v -430.136 -19294.135 5500.000
v -272.997 -19440.000 5500.000
v -247.547 -19512.000 5500.000
v -201.961 -19569.961 5500.000
v -196.465 -19584.000 5500.000
v -224.387 -19664.387 5500.000
v -98.816 -19754.816 5500.000
v -72.000 -19795.416 5500.000
v 2.531 -19872.000 5500.000
v 24.311 -19944.000 5500.000
v -13.219 -20016.000 5500.000
v -62.567 -20160.000 5500.000
v -4.206 -20304.000 5500.000
v 15.236 -20376.000 5500.000
v 5.211 -20448.000 5500.000
v -72.000 -20488.111 5500.000
v -144.000 -20459.590 5500.000
v -246.313 -20478.312 5500.000
v -235.297 -20395.297 5500.000
v -201.798 -20304.000 5500.000
v -185.953 -20201.953 5500.000
v -185.059 -20129.059 5500.000
v -197.909 -20069.908 5500.000
v -220.637 -20020.637 5500.000
v -288.000 -19960.240 5500.000
v -360.000 -19938.871 5500.000
v -432.000 -19952.359 5500.000
v -471.292 -19911.291 5500.000
v -576.000 -19896.137 5500.000
v -624.585 -19848.586 5500.000
v -668.716 -19748.715 5500.000
v -773.863 -19565.863 5500.000
v -860.480 -19508.480 5500.000
v -936.000 -19475.453 5500.000
v -1080.000 -19477.637 5500.000
v -1230.962 -19584.000 5500.000
v -1255.347 -19728.000 5500.000
v -1287.707 -19800.000 5500.000
v -1282.964 -19872.000 5500.000
v -1258.800 -19906.801 5500.000
v -1250.098 -19944.000 5500.000
v -1259.167 -20016.000 5500.000
v -1249.508 -20113.508 5500.000
v -1228.224 -20160.000 5500.000
v -1265.497 -20232.000 5500.000
v -1296.000 -20347.133 5500.000
v -1330.595 -20338.596 5500.000
v -1440.000 -20353.566 5500.000
v -1512.000 -20335.203 5500.000
v -1584.000 -20372.309 5500.000
v -1722.107 -20370.107 5500.000
v -1764.075 -20340.076 5500.000
v -1756.534 -20304.000 5500.000
v -1663.507 -20232.000 5500.000
v -1608.659 -20088.000 5500.000
v -1594.844 -19872.000 5500.000
v -1601.324 -19817.324 5500.000
l 9632 9633 9634 9635 9636 9637 9638 9639 9640 9641 9642 9643 9644 9645 9646 9647 9648 9649 9650 9651 9652 9653 9654 9655 9656 9657 9658 9659 9660 9661 9662 9663 9664 9665 9666 9667 9668 9669 9670 9671 9672 9673 9674 9675 9676 9677 9678 9679 9680 9681 9682 9683 9684 9685 9686 9687 9688 9689 9690 9691 9692 9693 9694 9695 9696 9697 9698 9699 9700 9701 9702 9703 9704 9705 9706 9707
v -3696.661 -18648.000 5500.000
v -3684.285 -18660.285 5500.000
v -3667.429 -18720.000 5500.000
v -3598.429 -18864.000 5500.000
v -3608.440 -18936.000 5500.000
v -3722.072 -19152.000 5500.000
v -3578.379 -19224.000 5500.000
v -3558.808 -19254.807 5500.000
v -3553.245 -19296.000 5500.000
v -3598.632 -19368.000 5500.000
v -3600.000 -19383.822 5500.000
v -3603.320 -19440.000 5500.000
v -3573.759 -19485.760 5500.000
v -3571.544 -19584.000 5500.000
v -3631.252 -19728.000 5500.000
v -3697.298 -19944.000 5500.000
v -3744.000 -19985.611 5500.000
v -3764.985 -19964.984 5500.000
v -3857.974 -19913.975 5500.000
v -3884.358 -19872.000 5500.000
v -3864.426 -19800.000 5500.000
v -3853.765 -19693.766 5500.000
v -3870.119 -19638.119 5500.000
v -3917.249 -19541.250 5500.000
v -3928.923 -19408.924 5500.000
v -3896.189 -19232.189 5500.000
v -3927.685 -19191.686 5500.000
v -4027.856 -19147.857 5500.000
v -3990.026 -19008.000 5500.000
v -3909.683 -18864.000 5500.000
v -3800.496 -18720.000 5500.000
v -3744.000 -18588.727 5500.000
v -3704.329 -18608.330 5500.000
v -3696.661 -18648.000 5500.000
l 9708 9709 9710 9711 9712 9713 9714 9715 9716 9717 9718 9719 9720 9721 9722 9723 9724 9725 9726 9727 9728 9729 9730 9731 9732 9733 9734 9735 9736 9737 9738 9739 9740 9741
v -763.241 -17280.000 5500.000
v -689.312 -17465.312 5500.000
v -673.396 -17568.000 5500.000
v -756.634 -17712.000 5500.000
v -758.793 -17784.000 5500.000
v -709.807 -17856.000 5500.000
v -432.000 -17994.662 5500.000
v -235.488 -18019.488 5500.000
v -213.384 -18144.000 5500.000
v -293.870 -18365.869 5500.000
v -207.919 -18495.918 5500.000
v -170.037 -18576.000 5500.000
v -93.608 -18669.607 5500.000
v -12.176 -18720.000 5500.000
v -16.273 -18736.273 5500.000
v 8.880 -18783.121 5500.000
v 72.000 -18765.451 5500.000
v 86.587 -18777.414 5500.000
v 146.345 -18789.654 5500.000
v 144.000 -18800.145 5500.000
v 72.000 -18828.293 5500.000
v 51.080 -18812.920 5500.000
v 0.000 -18798.465 5500.000
v -72.000 -18825.383 5500.000
v -216.000 -18842.660 5500.000
v -288.000 -18885.283 5500.000
v -360.000 -18908.246 5500.000
v -432.000 -18967.824 5500.000
v -486.848 -18990.848 5500.000
v -462.054 -18936.000 5500.000
v -484.324 -18916.324 5500.000
v -499.126 -18864.000 5500.000
v -535.939 -18792.000 5500.000
v -556.830 -18772.830 5500.000
v -575.039 -18719.039 5500.000
v -648.000 -18718.967 5500.000
v -718.029 -18648.000 5500.000
v -736.087 -18592.088 5500.000
v -792.000 -18549.021 5500.000
v -825.540 -18537.541 5500.000
v -860.261 -18500.262 5500.000
v -1008.000 -18531.900 5500.000
v -1026.663 -18522.664 5500.000
v -1074.732 -18426.732 5500.000
v -1119.860 -18399.859 5500.000
v -1207.418 -18415.418 5500.000
v -1270.240 -18360.000 5500.000
v -1296.000 -18321.803 5500.000
v -1315.735 -18288.000 5500.000
v -1311.102 -18216.000 5500.000
v -1268.449 -18144.000 5500.000
v -1253.844 -18101.844 5500.000
v -1255.094 -18072.000 5500.000
v -1264.362 -18040.363 5500.000
v -1309.523 -18013.523 5500.000
v -1313.727 -18000.000 5500.000
v -1308.439 -17928.000 5500.000
v -1289.275 -17849.275 5500.000
v -1295.258 -17783.258 5500.000
v -1338.897 -17712.000 5500.000
v -1242.303 -17640.000 5500.000
v -1236.309 -17496.000 5500.000
v -1181.806 -17424.000 5500.000
v -1152.000 -17324.943 5500.000
v -936.000 -17166.164 5500.000
v -808.173 -17224.172 5500.000
v -769.885 -17257.885 5500.000
v -763.241 -17280.000 5500.000
l 9742 9743 9744 9745 9746 9747 9748 9749 9750 9751 9752 9753 9754 9755 9756 9757 9758 9759 9760 9761 9762 9763 9764 9765 9766 9767 9768 9769 9770 9771 9772 9773 9774 9775 9776 9777 9778 9779 9780 9781 9782 9783 9784 9785 9786 9787 9788 9789 9790 9791 9792 9793 9794 9795 9796 9797 9798 9799 9800 9801 9802 9803 9804 9805 9806 9807 9808 9809
v -3672.000 -18339.096 5500.000
v -3672.000 -18460.234 5500.000
v -3681.196 -18441.195 5500.000
v -3672.000 -18339.096 5500.000
l 9810 9811 9812 9813
v -3600.000 -17905.133 5500.000
v -3578.573 -18000.000 5500.000
v -3600.000 -18038.756 5500.000
v -3640.178 -18072.000 5500.000
v -3672.000 -18124.152 5500.000
v -3711.417 -18144.000 5500.000
v -3744.000 -18185.047 5500.000
v -3793.107 -18216.000 5500.000
v -3822.750 -18216.000 5500.000
v -3747.688 -18144.000 5500.000
v -3624.948 -18000.000 5500.000
v -3615.486 -17928.000 5500.000
v -3600.000 -17905.133 5500.000
l 9814 9815 9816 9817 9818 9819 9820 9821 9822 9823 9824 9825 9826
v -8208.000 -18094.201 5500.000
v -8174.011 -18110.010 5500.000
v -8208.000 -18165.107 5500.000
v -8272.990 -18208.990 5500.000
v -8266.412 -18144.000 5500.000
v -8208.000 -18094.201 5500.000
l 9827 9828 9829 9830 9831 9832
v -7920.000 -17898.123 5500.000
v -7892.095 -17900.096 5500.000
v -7905.613 -17928.000 5500.000
v -7985.918 -17993.918 5500.000
v -7958.289 -17928.000 5500.000
v -7920.000 -17898.123 5500.000
l 9833 9834 9835 9836 9837 9838
v -7776.000 -17539.469 5500.000
v -7758.485 -17550.486 5500.000
v -7756.526 -17568.000 5500.000
v -7776.000 -17598.066 5500.000
v -7812.889 -17604.889 5500.000
v -7822.475 -17568.000 5500.000
v -7776.000 -17539.469 5500.000
l 9839 9840 9841 9842 9843 9844 9845
v -1944.000 -12794.765 5500.000
v -1920.006 -12816.000 5500.000
v -1944.000 -12869.465 5500.000
v -1970.216 -12816.000 5500.000
v -1944.000 -12794.765 5500.000
l 9846 9847 9848 9849 9850
v -1697.442 -11777.441 5500.000
v -1656.000 -11770.923 5500.000
v -1584.000 -11740.969 5500.000
v -1512.000 -11606.312 5500.000
v -1440.000 -11572.170 5500.000
v -1368.000 -11579.487 5500.000
v -1224.000 -11629.220 5500.000
v -1176.012 -11616.013 5500.000
v -1086.765 -11742.765 5500.000
v -1011.214 -11811.214 5500.000
v -914.772 -11858.771 5500.000
v -892.365 -11880.000 5500.000
v -851.082 -11952.000 5500.000
v -858.726 -12024.000 5500.000
v -894.802 -12096.000 5500.000
v -956.848 -12168.000 5500.000
v -926.586 -12384.000 5500.000
v -936.000 -12465.428 5500.000
v -1008.000 -12524.015 5500.000
v -1080.000 -12528.419 5500.000
v -1152.000 -12562.080 5500.000
v -1181.092 -12557.093 5500.000
v -1259.802 -12491.802 5500.000
v -1315.291 -12403.291 5500.000
v -1368.000 -12364.528 5500.000
v -1512.000 -12203.496 5500.000
v -1584.000 -12155.967 5500.000
v -1656.000 -12152.023 5500.000
v -1728.000 -12172.225 5500.000
v -1800.000 -12163.957 5500.000
v -1872.000 -12180.094 5500.000
v -1928.068 -12240.000 5500.000
v -1981.505 -12456.000 5500.000
v -2016.000 -12510.042 5500.000
v -2088.000 -12565.025 5500.000
v -2115.122 -12555.122 5500.000
v -2160.000 -12569.673 5500.000
v -2192.042 -12560.042 5500.000
v -2262.777 -12486.777 5500.000
v -2282.174 -12434.174 5500.000
v -2353.013 -12361.013 5500.000
v -2376.000 -12320.995 5500.000
v -2396.137 -12240.000 5500.000
v -2396.497 -12188.497 5500.000
v -2405.451 -12168.000 5500.000
v -2400.352 -12120.352 5500.000
v -2409.342 -12096.000 5500.000
v -2532.133 -11880.000 5500.000
v -2560.602 -11848.602 5500.000
v -2592.000 -11750.502 5500.000
v -2601.944 -11736.000 5500.000
v -2642.628 -11714.628 5500.000
v -2664.000 -11653.712 5500.000
v -2706.857 -11634.857 5500.000
v -2736.000 -11601.188 5500.000
v -2792.820 -11576.819 5500.000
v -2830.543 -11542.543 5500.000
v -2869.657 -11448.000 5500.000
v -2862.583 -11430.583 5500.000
v -2880.368 -11376.000 5500.000
v -2808.000 -11342.167 5500.000
v -2736.000 -11331.793 5500.000
v -2680.128 -11304.000 5500.000
v -2592.000 -11203.126 5500.000
v -2520.000 -11157.379 5500.000
v -2369.324 -11153.324 5500.000
v -2324.349 -11180.350 5500.000
v -2304.000 -11182.266 5500.000
v -2254.923 -11232.000 5500.000
v -2203.171 -11347.171 5500.000
v -2085.790 -11445.790 5500.000
v -2016.000 -11539.073 5500.000
v -1934.312 -11582.312 5500.000
v -1875.810 -11595.810 5500.000
v -1803.473 -11667.473 5500.000
v -1790.122 -11726.121 5500.000
v -1728.000 -11768.560 5500.000
v -1697.442 -11777.441 5500.000
l 9851 9852 9853 9854 9855 9856 9857 9858 9859 9860 9861 9862 9863 9864 9865 9866 9867 9868 9869 9870 9871 9872 9873 9874 9875 9876 9877 9878 9879 9880 9881 9882 9883 9884 9885 9886 9887 9888 9889 9890 9891 9892 9893 9894 9895 9896 9897 9898 9899 9900 9901 9902 9903 9904 9905 9906 9907 9908 9909 9910 9911 9912 9913 9914 9915 9916 9917 9918 9919 9920 9921 9922 9923 9924 9925 9926 9927 9928
v -6480.000 -11940.968 5500.000
v -6482.968 -11954.968 5500.000
v -6516.372 -11952.000 5500.000
v -6480.000 -11940.968 5500.000
l 9929 9930 9931 9932
v 2134.550 -10753.450 5500.000
v 2138.189 -10800.000 5500.000
v 2113.830 -10846.170 5500.000
v 2160.000 -10859.138 5500.000
v 2163.286 -10872.000 5500.000
v 2088.000 -10955.307 5500.000
v 2084.221 -10872.000 5500.000
v 2074.640 -10813.360 5500.000
v 2064.584 -10800.000 5500.000
v 2088.000 -10770.364 5500.000
v 2134.550 -10753.450 5500.000
l 9933 9934 9935 9936 9937 9938 9939 9940 9941 9942 9943
v 11448.000 -7336.429 5500.000
v 11459.183 -7332.818 5500.000
v 11471.998 -7344.000 5500.000
v 11448.000 -7350.093 5500.000
v 11448.000 -7336.429 5500.000
l 9944 9945 9946 9947 9948
v -4608.000 -5018.116 5500.000
v -4588.383 -5040.000 5500.000
v -4608.000 -5053.700 5500.000
v -4629.525 -5040.000 5500.000
v -4608.000 -5018.116 5500.000
l 9949 9950 9951 9952 9953
v 16056.000 -2022.271 5500.000
v 16084.291 -2088.000 5500.000
v 16056.000 -2103.788 5500.000
v 16027.802 -2088.000 5500.000
v 16056.000 -2022.271 5500.000
l 9954 9955 9956 9957 9958
v 17056.162 -151.839 5500.000
v 17064.000 -150.415 5500.000
v 17089.609 -190.391 5500.000
v 17107.006 -316.994 5500.000
v 17137.797 -358.204 5500.000
v 17146.807 -432.000 5500.000
v 17116.951 -504.000 5500.000
v 17064.000 -549.360 5500.000
v 16992.000 -545.654 5500.000
v 16957.943 -538.056 5500.000
v 16923.783 -500.216 5500.000
v 16935.979 -432.000 5500.000
v 16970.582 -360.000 5500.000
v 16980.568 -288.000 5500.000
v 16967.863 -216.000 5500.000
v 16992.000 -141.635 5500.000
v 17056.162 -151.839 5500.000
l 9959 9960 9961 9962 9963 9964 9965 9966 9967 9968 9969 9970 9971 9972 9973 9974 9975
v 14400.000 -404.163 5500.000
v 14408.964 -423.036 5500.000
v 14400.000 -453.983 5500.000
v 14392.355 -439.645 5500.000
v 14364.915 -432.000 5500.000
v 14400.000 -404.163 5500.000
l 9976 9977 9978 9979 9980 9981
v 12960.000 10917.609 5500.000
v 12998.728 10910.728 5500.000
v 13070.443 10838.443 5500.000
v 13113.446 10809.446 5500.000
v 13168.096 10720.096 5500.000
v 13239.850 10647.850 5500.000
v 13392.000 10570.488 5500.000
v 13459.282 10512.000 5500.000
v 13496.610 10440.000 5500.000
v 13497.734 10368.000 5500.000
v 13428.954 10224.000 5500.000
v 13431.704 10191.704 5500.000
v 13516.487 10080.000 5500.000
v 13549.399 10021.399 5500.000
v 13576.048 10008.000 5500.000
v 13536.000 9984.878 5500.000
v 13505.616 9936.000 5500.000
v 13484.727 9864.000 5500.000
v 13503.848 9831.848 5500.000
v 13508.512 9764.512 5500.000
v 13547.383 9720.000 5500.000
v 13483.549 9648.000 5500.000
v 13392.000 9592.107 5500.000
v 13339.062 9504.000 5500.000
v 13311.658 9351.658 5500.000
v 13317.948 9285.948 5500.000
v 13353.129 9216.000 5500.000
v 13351.661 9175.661 5500.000
v 13402.198 9144.000 5500.000
v 13430.074 9072.000 5500.000
v 13392.000 9004.947 5500.000
v 13320.000 9060.864 5500.000
v 13285.632 9109.632 5500.000
v 13248.000 9139.808 5500.000
v 13188.062 9156.062 5500.000
v 13032.000 9158.227 5500.000
v 12888.000 9114.213 5500.000
v 12838.906 9072.000 5500.000
v 12808.998 8928.000 5500.000
v 12842.026 8784.000 5500.000
v 12900.618 8724.618 5500.000
v 12908.204 8660.204 5500.000
v 12960.000 8638.469 5500.000
v 12888.000 8598.247 5500.000
v 12744.000 8579.582 5500.000
v 12600.000 8519.335 5500.000
v 12580.958 8496.000 5500.000
v 12556.237 8424.000 5500.000
v 12581.201 8280.000 5500.000
v 12603.920 8208.000 5500.000
v 12638.492 8136.000 5500.000
v 12697.630 8089.630 5500.000
v 12762.092 8010.092 5500.000
v 12813.953 7845.953 5500.000
v 12898.152 7786.152 5500.000
v 12955.655 7699.655 5500.000
v 12985.631 7585.630 5500.000
v 13008.470 7536.470 5500.000
v 13015.164 7488.000 5500.000
v 13007.231 7416.000 5500.000
v 12902.247 7200.000 5500.000
v 12816.000 7055.595 5500.000
v 12744.000 6969.566 5500.000
v 12672.000 6952.720 5500.000
v 12639.181 6951.181 5500.000
v 12600.000 6965.784 5500.000
v 12528.000 6949.552 5500.000
v 12514.207 6970.207 5500.000
v 12456.000 6978.696 5500.000
v 12384.000 7011.987 5500.000
v 12312.000 7026.728 5500.000
v 12240.000 7015.887 5500.000
v 12145.842 7033.842 5500.000
v 12024.000 7107.861 5500.000
v 12010.099 7128.000 5500.000
v 12004.417 7180.417 5500.000
v 11952.000 7186.643 5500.000
v 11936.305 7200.000 5500.000
v 11946.515 7266.515 5500.000
v 11921.468 7272.000 5500.000
v 12030.158 7416.000 5500.000
v 12096.000 7486.770 5500.000
v 12101.772 7560.000 5500.000
v 12076.142 7684.142 5500.000
v 12080.196 7704.000 5500.000
v 12052.579 7732.579 5500.000
v 12046.606 7776.000 5500.000
v 11993.950 7817.950 5500.000
v 11984.737 7848.000 5500.000
v 11952.000 7875.300 5500.000
v 11918.353 7886.353 5500.000
v 11895.086 7935.086 5500.000
v 11855.939 7967.939 5500.000
v 11839.319 8064.000 5500.000
v 11852.596 8136.000 5500.000
v 11913.348 8208.000 5500.000
v 11952.000 8230.900 5500.000
v 12092.032 8352.000 5500.000
v 12120.449 8424.000 5500.000
v 12101.560 8568.000 5500.000
v 12073.459 8617.459 5500.000
v 12044.325 8784.000 5500.000
v 11990.052 8928.000 5500.000
v 11988.158 8964.158 5500.000
v 11944.985 9064.985 5500.000
v 11880.000 9126.357 5500.000
v 11852.674 9188.674 5500.000
v 11808.000 9235.253 5500.000
v 11782.145 9288.000 5500.000
v 11784.570 9336.570 5500.000
v 11750.632 9432.000 5500.000
v 11736.000 9526.414 5500.000
v 11751.393 9648.000 5500.000
v 11801.156 9720.000 5500.000
v 11818.532 9864.000 5500.000
v 11880.000 10029.260 5500.000
v 11884.317 10012.317 5500.000
v 11923.858 9979.858 5500.000
v 11952.000 9988.687 5500.000
v 12032.205 9944.205 5500.000
v 12096.000 9877.769 5500.000
v 12210.138 9834.138 5500.000
v 12247.066 9792.000 5500.000
v 12312.000 9755.336 5500.000
v 12384.000 9744.914 5500.000
v 12465.251 9792.000 5500.000
v 12494.018 9864.000 5500.000
v 12490.166 9936.000 5500.000
v 12472.917 10008.000 5500.000
v 12444.820 10068.820 5500.000
v 12450.217 10152.000 5500.000
v 12527.583 10224.000 5500.000
v 12639.655 10296.000 5500.000
v 12702.120 10368.000 5500.000
v 12743.997 10440.000 5500.000
v 12749.424 10517.424 5500.000
v 12663.373 10647.373 5500.000
v 12642.940 10698.940 5500.000
v 12636.670 10728.000 5500.000
v 12665.356 10800.000 5500.000
v 12744.000 10870.881 5500.000
v 12888.000 10890.108 5500.000
v 12960.000 10917.609 5500.000
l 9982 9983 9984 9985 9986 9987 9988 9989 9990 9991 9992 9993 9994 9995 9996 9997 9998 9999 10000 10001 10002 10003 10004 10005 10006 10007 10008 10009 10010 10011 10012 10013 10014 10015 10016 10017 10018 10019 10020 10021 10022 10023 10024 10025 10026 10027 10028 10029 10030 10031 10032 10033 10034 10035 10036 10037 10038 10039 10040 10041 10042 10043 10044 10045 10046 10047 10048 10049 10050 10051 10052 10053 10054 10055 10056 10057 10058 10059 10060 10061 10062 10063 10064 10065 10066 10067 10068 10069 10070 10071 10072 10073 10074 10075 10076 10077 10078 10079 10080 10081 10082 10083 10084 10085 10086 10087 10088 10089 10090 10091 10092 10093 10094 10095 10096 10097 10098 10099 10100 10101 10102 10103 10104 10105 10106 10107 10108 10109 10110 10111 10112 10113 10114 10115 10116 10117 10118 10119 10120 10121 10122 10123 10124
v 14688.000 8213.188 5500.000
v 14701.678 8136.000 5500.000
v 14677.124 8064.000 5500.000
v 14669.837 7973.837 5500.000
v 14646.376 7920.000 5500.000
v 14616.000 7899.671 5500.000
v 14592.295 7896.295 5500.000
v 14576.101 7952.101 5500.000
v 14616.000 8133.089 5500.000
v 14688.000 8213.188 5500.000
l 10125 10126 10127 10128 10129 10130 10131 10132 10133 10134
v 11448.000 11749.366 5500.000
v 11519.521 11736.000 5500.000
v 11486.543 11664.000 5500.000
v 11448.000 11642.476 5500.000
v 11360.153 11648.153 5500.000
v 11351.145 11664.000 5500.000
v 11360.419 11736.000 5500.000
v 11376.000 11750.216 5500.000
v 11448.000 11749.366 5500.000
l 10135 10136 10137 10138 10139 10140 10141 10142 10143
v 11592.000 11750.152 5500.000
v 11604.011 11748.011 5500.000
v 11607.083 11736.000 5500.000
v 11592.000 11698.774 5500.000
v 11559.605 11703.605 5500.000
v 11520.558 11736.000 5500.000
v 11592.000 11750.152 5500.000
l 10144 10145 10146 10147 10148 10149 10150
v -9288.000 -19487.518 6000.000
v -9360.000 -19525.535 6000.000
v -9432.000 -19614.746 6000.000
v -9648.000 -19699.955 6000.000
v -9720.000 -19718.611 6000.000
v -9864.000 -19728.344 6000.000
v -9936.000 -19749.211 6000.000
v -10102.379 -19872.000 6000.000
v -10138.722 -19944.000 6000.000
v -10131.141 -19995.141 6000.000
v -10075.731 -20011.732 6000.000
v -10034.875 -20042.875 6000.000
v -10033.198 -20088.000 6000.000
v -10091.349 -20304.000 6000.000
v -10121.824 -20376.000 6000.000
v -10201.530 -20448.000 6000.000
v -10333.518 -20592.000 6000.000
v -10440.000 -20687.695 6000.000
v -10512.000 -20723.893 6000.000
v -10786.254 -20722.254 6000.000
v -10888.566 -20680.566 6000.000
v -10926.142 -20646.143 6000.000
v -11016.000 -20616.602 6000.000
v -11047.241 -20623.242 6000.000
v -11061.216 -20592.000 6000.000
v -11088.000 -20577.602 6000.000
v -11160.106 -20592.000 6000.000
v -11194.008 -20664.000 6000.000
v -10997.055 -20789.055 6000.000
v -10883.079 -20891.078 6000.000
v -10854.327 -20952.000 6000.000
v -10889.156 -21096.000 6000.000
v -10910.398 -21240.000 6000.000
v -10906.221 -21456.000 6000.000
v -10934.272 -21528.000 6000.000
v -10915.621 -21600.000 6000.000
v -10865.124 -21672.000 6000.000
v -10847.810 -21744.000 6000.000
v -10864.215 -21816.000 6000.000
v -10914.935 -21960.000 6000.000
v -10944.000 -21992.301 6000.000
v -11140.350 -22176.000 6000.000
v -11256.358 -22248.000 6000.000
v -11260.261 -22392.000 6000.000
v -11304.000 -22465.160 6000.000
v -11520.000 -22639.617 6000.000
v -11712.986 -22752.000 6000.000
v -11732.927 -22820.926 6000.000
v -11697.482 -22857.482 6000.000
v -11664.000 -22867.422 6000.000
v -11592.000 -22845.314 6000.000
v -11472.140 -22848.141 6000.000
v -11352.109 -22872.109 6000.000
v -11322.779 -22896.000 6000.000
v -11290.569 -23040.000 6000.000
v -11312.515 -23120.514 6000.000
v -11345.977 -23184.000 6000.000
v -11348.873 -23256.000 6000.000
v -11304.000 -23339.512 6000.000
v -11232.000 -23374.869 6000.000
v -11118.749 -23184.000 6000.000
v -11016.000 -23086.016 6000.000
v -10944.000 -23052.303 6000.000
v -10872.000 -23044.312 6000.000
v -10779.377 -23019.377 6000.000
v -10656.000 -23022.613 6000.000
v -10578.550 -23034.551 6000.000
v -10546.050 -23146.051 6000.000
v -10533.979 -23205.980 6000.000
v -10537.730 -23256.000 6000.000
v -10528.323 -23272.324 6000.000
v -10512.000 -23274.467 6000.000
v -10449.529 -23337.529 6000.000
v -10332.873 -23364.873 6000.000
v -10287.507 -23391.506 6000.000
v -10224.000 -23399.094 6000.000
v -10204.460 -23452.459 6000.000
v -10166.586 -23472.000 6000.000
v -10152.000 -23491.658 6000.000
v -10141.619 -23533.619 6000.000
v -10126.653 -23544.000 6000.000
v -10108.256 -23616.000 6000.000
v -10110.379 -23646.379 6000.000
v -10118.562 -23688.000 6000.000
v -10153.585 -23761.586 6000.000
v -10120.414 -23872.414 6000.000
v -10099.094 -23904.000 6000.000
v -10042.940 -23938.941 6000.000
v -10009.419 -23977.418 6000.000
v -9954.515 -23994.514 6000.000
v -9924.929 -24036.930 6000.000
v -9950.116 -24120.000 6000.000
v -9985.134 -24192.000 6000.000
v -10002.837 -24264.000 6000.000
v -9998.165 -24398.164 6000.000
v -9977.817 -24449.816 6000.000
v -9947.963 -24480.000 6000.000
v -8716.396 -24480.000 6000.000
v -8731.820 -24408.000 6000.000
v -8784.000 -24293.596 6000.000
v -8824.916 -24232.916 6000.000
v -8867.517 -24192.000 6000.000
v -9000.000 -24110.426 6000.000
v -9050.525 -24048.000 6000.000
v -9079.049 -23983.049 6000.000
v -9093.744 -23904.000 6000.000
v -9084.710 -23832.000 6000.000
v -9188.589 -23688.000 6000.000
v -9175.510 -23616.000 6000.000
v -9182.771 -23582.771 6000.000
v -9221.129 -23549.129 6000.000
v -9288.000 -23510.824 6000.000
v -9305.830 -23472.000 6000.000
v -9305.234 -23417.234 6000.000
v -9322.369 -23362.369 6000.000
v -9322.837 -23328.000 6000.000
v -9273.224 -23256.000 6000.000
v -9216.000 -23213.977 6000.000
v -9144.000 -23180.875 6000.000
v -9078.301 -23112.000 6000.000
v -9035.718 -22968.000 6000.000
v -8931.535 -22755.535 6000.000
v -8941.062 -22693.062 6000.000
v -9000.000 -22673.486 6000.000
v -9216.000 -22687.113 6000.000
v -9347.705 -22667.705 6000.000
v -9432.000 -22665.941 6000.000
v -9584.566 -22616.566 6000.000
v -9648.939 -22608.000 6000.000
v -9814.297 -22486.297 6000.000
v -9864.000 -22464.562 6000.000
v -9889.470 -22417.469 6000.000
v -9919.654 -22392.000 6000.000
v -9952.707 -22336.707 6000.000
v -9974.072 -22320.000 6000.000
v -10007.027 -22247.027 6000.000
v -9997.812 -22176.000 6000.000
v -10002.082 -22098.082 6000.000
v -10042.096 -22032.000 6000.000
v -10050.076 -22002.076 6000.000
v -10091.547 -21960.000 6000.000
v -10130.071 -21888.000 6000.000
v -10133.302 -21816.000 6000.000
v -10104.244 -21672.000 6000.000
v -10033.677 -21600.000 6000.000
v -10046.161 -21566.162 6000.000
v -10001.946 -21384.000 6000.000
v -9917.948 -21312.000 6000.000
v -9885.007 -21240.000 6000.000
v -9870.190 -21168.000 6000.000
v -9792.000 -21033.928 6000.000
v -9720.000 -20982.834 6000.000
v -9648.000 -20964.080 6000.000
v -9504.000 -21003.229 6000.000
v -9432.000 -20986.273 6000.000
v -9360.748 -20952.000 6000.000
v -9309.340 -20880.000 6000.000
v -9411.338 -20787.338 6000.000
v -9640.133 -20664.000 6000.000
v -9669.816 -20541.816 6000.000
v -9684.557 -20520.000 6000.000
v -9745.934 -20473.934 6000.000
v -9776.897 -20432.896 6000.000
v -9768.979 -20376.000 6000.000
v -9773.682 -20304.000 6000.000
v -9716.080 -20232.000 6000.000
v -9639.777 -20160.000 6000.000
v -9360.000 -19995.195 6000.000
v -9144.000 -19816.496 6000.000
v -9072.000 -19776.309 6000.000
v -9000.000 -19720.672 6000.000
v -8856.000 -19557.729 6000.000
v -8784.000 -19514.078 6000.000
v -8712.000 -19484.766 6000.000
v -8445.121 -19296.000 6000.000
v -8352.000 -19256.600 6000.000
v -8228.367 -19224.000 6000.000
v -8313.364 -19185.363 6000.000
v -8352.000 -19183.998 6000.000
v -8540.943 -19124.943 6000.000
v -8568.000 -19091.984 6000.000
v -8640.000 -19045.645 6000.000
v -8678.604 -19080.000 6000.000
v -8697.727 -19152.000 6000.000
v -8744.421 -19224.000 6000.000
v -8856.000 -19275.266 6000.000
v -8928.000 -19333.932 6000.000
v -9072.000 -19409.580 6000.000
v -9216.000 -19521.314 6000.000
v -9225.800 -19521.801 6000.000
v -9262.821 -19486.820 6000.000
v -9288.000 -19487.518 6000.000
l 10151 10152 10153 10154 10155 10156 10157 10158 10159 10160 10161 10162 10163 10164 10165 10166 10167 10168 10169 10170 10171 10172 10173 10174 10175 10176 10177 10178 10179 10180 10181 10182 10183 10184 10185 10186 10187 10188 10189 10190 10191 10192 10193 10194 10195 10196 10197 10198 10199 10200 10201 10202 10203 10204 10205 10206 10207 10208 10209 10210 10211 10212 10213 10214 10215 10216 10217 10218 10219 10220 10221 10222 10223 10224 10225 10226 10227 10228 10229 10230 10231 10232 10233 10234 10235 10236 10237 10238 10239 10240 10241 10242 10243 10244 10245 10246 10247 10248 10249 10250 10251 10252 10253 10254 10255 10256 10257 10258 10259 10260 10261 10262 10263 10264 10265 10266 10267 10268 10269 10270 10271 10272 10273 10274 10275 10276 10277 10278 10279 10280 10281 10282 10283 10284 10285 10286 10287 10288 10289 10290 10291 10292 10293 10294 10295 10296 10297 10298 10299 10300 10301 10302 10303 10304 10305 10306 10307 10308 10309 10310 10311 10312 10313 10314 10315 10316 10317 10318 10319 10320 10321 10322 10323 10324 10325 10326 10327 10328 10329 10330 10331 10332 10333 10334 10335 10336 10337 10338 10339 10340 10341 10342
v 4392.000 -24008.002 6000.000
v 4176.000 -24202.562 6000.000
v 3995.879 -24264.000 6000.000
v 3888.000 -24339.367 6000.000
v 3816.000 -24368.191 6000.000
v 3744.000 -24393.389 6000.000
v 3672.000 -24403.576 6000.000
v 3528.000 -24444.008 6000.000
v 3475.206 -24480.000 6000.000
v 4515.377 -24480.000 6000.000
v 4469.403 -24336.000 6000.000
v 4451.245 -24192.000 6000.000
v 4484.469 -24048.000 6000.000
v 4536.108 -23975.891 6000.000
v 4541.441 -23898.559 6000.000
v 4520.134 -23904.000 6000.000
v 4464.000 -23950.340 6000.000
v 4446.695 -23976.000 6000.000
v 4392.000 -24008.002 6000.000
l 10343 10344 10345 10346 10347 10348 10349 10350 10351 10352 10353 10354 10355 10356 10357 10358 10359 10360 10361
v 16396.553 -24480.000 6000.000
v 16345.760 -24408.000 6000.000
v 16340.072 -24339.928 6000.000
v 16295.572 -24312.428 6000.000
v 16270.068 -24265.932 6000.000
v 16233.127 -24230.873 6000.000
v 16200.000 -24217.004 6000.000
v 16110.850 -24209.150 6000.000
v 15912.000 -24149.824 6000.000
v 15840.000 -24142.355 6000.000
v 15666.833 -24149.166 6000.000
v 15624.000 -24137.721 6000.000
v 15546.759 -24053.242 6000.000
v 15480.000 -24027.404 6000.000
v 15408.000 -24047.350 6000.000
v 15264.000 -24149.416 6000.000
v 15120.000 -24231.955 6000.000
v 15048.000 -24262.227 6000.000
v 14904.000 -24288.270 6000.000
v 14760.000 -24288.141 6000.000
v 14742.301 -24281.699 6000.000
v 14668.935 -24211.064 6000.000
v 14621.426 -24186.574 6000.000
v 14552.731 -24183.268 6000.000
v 14472.000 -24165.170 6000.000
v 14448.593 -24143.408 6000.000
v 14332.862 -23976.000 6000.000
v 14344.934 -23904.000 6000.000
v 14294.099 -23793.902 6000.000
v 14112.000 -23801.941 6000.000
v 13793.761 -23862.238 6000.000
v 13720.574 -23863.426 6000.000
v 13668.331 -23843.670 6000.000
v 13594.561 -23845.439 6000.000
v 13482.629 -23813.371 6000.000
v 13359.000 -23793.000 6000.000
v 13317.416 -23762.584 6000.000
v 13290.589 -23717.412 6000.000
v 13282.999 -23653.000 6000.000
v 13256.948 -23607.051 6000.000
v 13217.687 -23574.312 6000.000
v 13163.148 -23556.852 6000.000
v 13104.000 -23552.508 6000.000
v 12960.000 -23595.338 6000.000
v 12888.000 -23609.596 6000.000
v 12744.000 -23619.102 6000.000
v 12600.000 -23653.646 6000.000
v 12456.000 -23655.455 6000.000
v 12384.000 -23690.936 6000.000
v 12312.000 -23736.746 6000.000
v 12196.875 -23832.000 6000.000
v 12162.248 -24048.000 6000.000
v 12160.039 -24120.000 6000.000
v 12195.986 -24164.014 6000.000
v 12312.000 -24192.041 6000.000
v 12477.796 -24170.205 6000.000
v 12546.591 -24173.410 6000.000
v 12600.862 -24191.139 6000.000
v 12672.000 -24233.633 6000.000
v 12704.553 -24264.000 6000.000
v 12723.545 -24336.000 6000.000
v 12687.467 -24408.000 6000.000
v 12629.225 -24480.000 6000.000
v 16396.553 -24480.000 6000.000
v 18864.000 -21830.615 6000.000
v 18835.168 -21772.832 6000.000
v 18792.000 -21726.801 6000.000
v 18746.098 -21717.902 6000.000
v 18648.000 -21743.229 6000.000
v 18592.408 -21727.592 6000.000
v 18576.000 -21694.002 6000.000
v 18504.000 -21691.965 6000.000
v 18448.543 -21744.000 6000.000
v 18288.000 -21806.043 6000.000
v 18218.873 -21813.127 6000.000
v 18144.000 -21781.258 6000.000
v 18047.438 -21768.562 6000.000
v 17928.000 -21719.277 6000.000
v 17805.396 -21722.604 6000.000
v 17640.000 -21707.496 6000.000
v 17568.000 -21761.104 6000.000
v 17495.014 -21744.986 6000.000
v 17456.701 -21672.000 6000.000
v 17451.457 -21644.543 6000.000
v 17467.793 -21456.000 6000.000
v 17482.994 -21384.000 6000.000
v 17590.699 -21240.000 6000.000
v 17650.361 -21096.000 6000.000
v 17652.727 -20952.000 6000.000
v 17635.822 -20808.000 6000.000
v 17645.943 -20664.000 6000.000
v 17640.000 -20637.070 6000.000
v 17627.146 -20604.854 6000.000
v 17589.205 -20570.795 6000.000
v 17493.301 -20450.699 6000.000
v 17424.000 -20446.066 6000.000
v 17352.000 -20460.230 6000.000
v 17110.959 -20664.000 6000.000
v 16992.000 -20715.613 6000.000
v 16898.113 -20808.000 6000.000
v 16776.000 -20875.523 6000.000
v 16632.000 -20929.125 6000.000
v 16560.000 -20979.410 6000.000
v 16416.000 -20985.104 6000.000
v 16344.000 -21000.225 6000.000
v 16200.000 -21034.941 6000.000
v 16128.000 -21075.391 6000.000
v 16083.670 -21068.330 6000.000
v 16056.000 -21079.527 6000.000
v 16024.845 -21055.154 6000.000
v 15926.886 -21009.115 6000.000
v 15870.582 -20993.418 6000.000
v 15671.789 -20976.211 6000.000
v 15552.000 -20887.756 6000.000
v 15480.000 -20865.941 6000.000
v 15396.298 -20808.000 6000.000
v 15307.018 -20692.982 6000.000
v 15256.724 -20599.275 6000.000
v 15183.388 -20528.613 6000.000
v 15181.877 -20448.000 6000.000
v 15161.733 -20334.268 6000.000
v 15103.800 -20176.199 6000.000
v 15074.373 -20133.627 6000.000
v 15021.513 -20088.000 6000.000
v 14976.000 -20057.355 6000.000
v 14894.167 -20025.834 6000.000
v 14862.170 -19985.830 6000.000
v 14826.852 -19877.148 6000.000
v 14603.643 -19656.000 6000.000
v 14633.479 -19584.000 6000.000
v 14638.055 -19512.000 6000.000
v 14744.093 -19368.000 6000.000
v 14788.070 -19224.000 6000.000
v 14833.671 -19152.000 6000.000
v 14853.671 -19080.000 6000.000
v 14820.326 -19019.674 6000.000
v 14820.180 -18947.820 6000.000
v 14812.151 -18936.000 6000.000
v 14893.007 -18864.000 6000.000
v 14880.765 -18792.000 6000.000
v 14833.087 -18718.914 6000.000
v 14851.142 -18576.000 6000.000
v 14879.946 -18504.000 6000.000
v 14966.798 -18432.000 6000.000
v 14966.681 -18360.000 6000.000
v 14928.637 -18335.363 6000.000
v 14885.156 -18288.000 6000.000
v 14882.714 -18216.000 6000.000
v 14843.245 -18060.756 6000.000
v 14837.774 -18000.000 6000.000
v 14847.596 -17928.000 6000.000
v 14831.898 -17856.102 6000.000
v 14764.328 -17851.672 6000.000
v 14544.000 -17809.816 6000.000
v 14472.000 -17831.680 6000.000
v 14328.000 -17901.453 6000.000
v 14277.250 -17906.750 6000.000
v 14184.000 -17941.795 6000.000
v 14114.676 -18000.000 6000.000
v 14040.000 -18108.012 6000.000
v 13968.000 -18136.297 6000.000
v 13896.000 -18152.182 6000.000
v 13824.000 -18181.883 6000.000
v 13680.000 -18144.920 6000.000
v 13665.349 -18086.650 6000.000
v 13650.487 -18072.000 6000.000
v 13660.219 -18019.781 6000.000
v 13652.161 -17928.000 6000.000
v 13606.771 -17785.229 6000.000
v 13531.991 -17716.008 6000.000
v 13493.973 -17640.000 6000.000
v 13464.000 -17610.832 6000.000
v 13339.479 -17548.521 6000.000
v 12983.485 -17208.000 6000.000
v 12975.189 -17136.000 6000.000
v 13032.000 -17074.799 6000.000
v 13248.000 -16962.184 6000.000
v 13464.000 -16870.752 6000.000
v 13680.000 -16801.887 6000.000
v 13752.000 -16787.416 6000.000
v 13824.000 -16758.213 6000.000
v 13896.000 -16745.939 6000.000
v 14040.000 -16747.545 6000.000
v 14140.854 -16704.000 6000.000
v 14184.000 -16666.988 6000.000
v 14247.851 -16632.000 6000.000
v 14303.553 -16560.000 6000.000
v 14332.345 -16483.656 6000.000
v 14309.524 -16434.475 6000.000
v 14306.635 -16344.000 6000.000
v 14271.351 -16256.649 6000.000
v 14264.913 -16119.087 6000.000
v 14256.000 -16095.948 6000.000
v 14235.115 -16076.885 6000.000
v 14112.000 -16090.671 6000.000
v 14040.425 -16055.575 6000.000
v 13824.000 -16030.118 6000.000
v 13759.428 -16056.000 6000.000
v 13680.000 -16111.179 6000.000
v 13660.587 -16075.413 6000.000
v 13613.204 -16050.796 6000.000
v 13536.000 -16112.694 6000.000
v 13464.000 -16130.346 6000.000
v 13392.000 -16118.620 6000.000
v 13346.964 -16101.036 6000.000
v 13306.018 -16056.000 6000.000
v 13225.995 -16006.005 6000.000
v 13207.151 -15984.000 6000.000
v 13072.853 -15912.000 6000.000
v 12991.651 -15880.349 6000.000
v 12960.000 -15834.551 6000.000
v 12922.128 -15805.872 6000.000
v 12888.000 -15749.828 6000.000
v 12816.000 -15686.261 6000.000
v 12672.000 -15662.649 6000.000
v 12528.000 -15739.071 6000.000
v 12456.000 -15808.042 6000.000
v 12312.000 -15817.283 6000.000
v 12240.000 -15862.778 6000.000
v 12162.221 -15845.779 6000.000
v 12117.532 -15818.468 6000.000
v 11996.024 -15723.976 6000.000
v 11972.891 -15696.000 6000.000
v 11907.072 -15668.928 6000.000
v 11880.000 -15632.365 6000.000
v 11819.277 -15612.723 6000.000
v 11808.000 -15592.678 6000.000
v 11767.895 -15592.105 6000.000
v 11736.000 -15538.056 6000.000
v 11667.520 -15548.480 6000.000
v 11630.615 -15513.385 6000.000
v 11568.140 -15503.860 6000.000
v 11543.005 -15456.995 6000.000
v 11460.485 -15467.515 6000.000
v 11442.999 -15413.001 6000.000
v 11376.000 -15451.897 6000.000
v 11331.932 -15452.068 6000.000
v 11290.108 -15421.892 6000.000
v 11195.726 -15444.274 6000.000
v 11160.000 -15428.258 6000.000
v 11118.533 -15480.000 6000.000
v 11091.403 -15552.000 6000.000
v 11080.606 -15696.000 6000.000
v 11041.341 -15768.000 6000.000
v 10939.761 -15840.000 6000.000
v 10940.091 -15915.909 6000.000
v 10965.634 -16128.000 6000.000
v 10952.851 -16191.149 6000.000
v 10955.681 -16344.000 6000.000
v 10926.826 -16416.000 6000.000
v 10927.724 -16488.000 6000.000
v 10991.693 -16512.307 6000.000
v 10994.466 -16560.000 6000.000
v 11058.688 -16589.312 6000.000
v 11072.994 -16632.000 6000.000
v 11133.911 -16658.088 6000.000
v 11173.840 -16690.160 6000.000
v 11232.000 -16768.244 6000.000
v 11279.394 -16800.607 6000.000
v 11296.191 -16855.809 6000.000
v 11290.221 -17077.779 6000.000
v 11314.797 -17208.000 6000.000
v 11304.000 -17259.086 6000.000
v 11269.022 -17352.000 6000.000
v 11197.179 -17496.000 6000.000
v 11057.068 -17640.000 6000.000
v 11016.000 -17660.344 6000.000
v 10800.000 -17627.857 6000.000
v 10639.560 -17712.000 6000.000
v 10561.272 -17856.000 6000.000
v 10564.250 -18000.000 6000.000
v 10612.121 -18144.000 6000.000
v 10650.988 -18216.000 6000.000
v 10693.505 -18250.494 6000.000
v 10728.000 -18308.412 6000.000
v 10764.735 -18323.264 6000.000
v 10791.101 -18360.000 6000.000
v 10872.000 -18363.084 6000.000
v 10944.000 -18349.137 6000.000
v 10998.945 -18377.055 6000.000
v 11088.000 -18401.596 6000.000
v 11118.884 -18401.115 6000.000
v 11163.033 -18428.967 6000.000
v 11280.058 -18455.943 6000.000
v 11325.064 -18482.936 6000.000
v 11336.289 -18504.000 6000.000
v 11360.144 -18519.857 6000.000
v 11410.827 -18541.174 6000.000
v 11523.094 -18648.000 6000.000
v 11644.709 -18739.291 6000.000
v 11676.956 -18779.043 6000.000
v 11822.106 -18849.895 6000.000
v 11855.984 -18888.016 6000.000
v 11926.321 -19008.000 6000.000
v 11952.000 -19030.773 6000.000
v 11988.753 -19043.246 6000.000
v 12005.730 -19080.000 6000.000
v 12060.805 -19152.000 6000.000
v 12141.711 -19322.289 6000.000
v 12199.208 -19336.793 6000.000
v 12287.512 -19440.000 6000.000
v 12321.720 -19574.281 6000.000
v 12326.675 -19656.000 6000.000
v 12312.846 -19728.000 6000.000
v 12335.617 -19872.000 6000.000
v 12322.767 -19944.000 6000.000
v 12240.000 -19996.336 6000.000
v 12096.000 -20004.885 6000.000
v 12024.000 -20022.682 6000.000
v 11952.000 -20089.570 6000.000
v 11880.000 -20140.311 6000.000
v 11808.000 -20166.383 6000.000
v 11736.000 -20156.258 6000.000
v 11705.226 -20118.775 6000.000
v 11664.000 -20094.598 6000.000
v 11578.641 -20016.000 6000.000
v 11488.641 -19903.359 6000.000
v 11448.000 -19870.445 6000.000
v 11402.853 -19845.146 6000.000
v 11304.000 -19811.389 6000.000
v 11223.255 -19808.746 6000.000
v 11088.000 -19823.637 6000.000
v 10872.000 -19902.770 6000.000
v 10779.015 -19892.986 6000.000
v 10728.900 -19871.100 6000.000
v 10656.000 -19866.469 6000.000
v 10584.000 -19896.320 6000.000
v 10512.000 -19940.086 6000.000
v 10435.835 -20016.000 6000.000
v 10387.166 -20088.000 6000.000
v 10368.000 -20133.727 6000.000
v 10296.000 -20193.439 6000.000
v 10260.167 -20195.832 6000.000
v 10053.887 -20258.113 6000.000
v 10053.060 -20232.000 6000.000
v 10033.117 -20206.883 6000.000
v 10019.938 -20160.000 6000.000
v 10026.547 -20088.000 6000.000
v 10081.915 -20016.000 6000.000
v 10152.000 -19859.049 6000.000
v 10273.005 -19728.000 6000.000
v 10292.693 -19584.000 6000.000
v 10260.914 -19512.000 6000.000
v 10197.096 -19466.904 6000.000
v 10180.423 -19440.000 6000.000
v 10171.402 -19368.000 6000.000
v 10117.341 -19258.658 6000.000
v 10039.690 -19192.311 6000.000
v 9976.799 -19111.201 6000.000
v 9975.773 -19080.000 6000.000
v 9940.722 -19003.277 6000.000
v 9898.356 -18973.643 6000.000
v 9864.000 -18931.529 6000.000
v 9720.000 -18862.361 6000.000
v 9638.907 -18873.092 6000.000
v 9576.000 -18859.816 6000.000
v 9486.753 -18881.248 6000.000
v 9364.167 -18931.832 6000.000
v 9288.000 -18936.971 6000.000
v 9216.000 -18923.059 6000.000
v 9075.691 -18932.309 6000.000
v 9047.506 -18864.000 6000.000
v 9105.874 -18792.000 6000.000
v 9165.940 -18648.000 6000.000
v 9215.106 -18576.000 6000.000
v 9360.000 -18572.957 6000.000
v 9432.000 -18557.080 6000.000
v 9563.301 -18432.000 6000.000
v 9671.876 -18360.000 6000.000
v 9727.877 -18288.000 6000.000
v 9759.044 -18216.000 6000.000
v 9770.305 -18144.000 6000.000
v 9752.235 -18039.766 6000.000
v 9657.389 -17918.611 6000.000
v 9634.526 -17869.475 6000.000
v 9567.949 -17792.051 6000.000
v 9504.000 -17735.379 6000.000
v 9489.558 -17726.443 6000.000
v 9360.000 -17714.225 6000.000
v 9288.000 -17697.555 6000.000
v 9099.878 -17612.121 6000.000
v 9000.000 -17555.070 6000.000
v 8712.000 -17534.381 6000.000
v 8568.000 -17541.324 6000.000
v 8425.748 -17568.000 6000.000
v 8352.000 -17596.740 6000.000
v 8280.000 -17686.391 6000.000
v 8145.342 -17702.658 6000.000
v 8031.247 -17672.752 6000.000
v 8001.631 -17640.000 6000.000
v 8011.203 -17568.000 6000.000
v 8074.705 -17496.000 6000.000
v 8084.698 -17424.000 6000.000
v 8111.724 -17352.000 6000.000
v 8136.000 -17326.062 6000.000
v 8283.478 -17280.000 6000.000
v 8352.000 -17239.273 6000.000
v 8372.174 -17208.000 6000.000
v 8383.258 -17136.000 6000.000
v 8380.155 -16992.000 6000.000
v 8343.346 -16928.654 6000.000
v 8316.520 -16848.000 6000.000
v 8323.915 -16804.086 6000.000
v 8303.555 -16776.000 6000.000
v 8316.082 -16739.918 6000.000
v 8304.628 -16704.000 6000.000
v 8309.363 -16632.000 6000.000
v 8241.127 -16526.873 6000.000
v 8195.710 -16488.000 6000.000
v 8102.687 -16449.312 6000.000
v 7992.000 -16438.605 6000.000
v 7920.000 -16464.402 6000.000
v 7848.000 -16474.533 6000.000
v 7704.000 -16536.295 6000.000
v 7623.062 -16560.000 6000.000
v 7560.000 -16596.816 6000.000
v 7488.000 -16595.070 6000.000
v 7291.052 -16848.000 6000.000
v 7200.000 -16893.363 6000.000
v 7128.000 -16873.531 6000.000
v 7105.864 -16848.000 6000.000
v 7135.144 -16776.000 6000.000
v 7134.423 -16697.576 6000.000
v 7087.679 -16600.320 6000.000
v 6963.395 -16436.605 6000.000
v 6741.532 -16298.469 6000.000
v 6684.981 -16283.020 6000.000
v 6552.000 -16195.599 6000.000
v 6408.000 -16186.027 6000.000
v 6264.000 -16197.562 6000.000
v 6120.000 -16224.925 6000.000
v 6048.000 -16254.133 6000.000
v 5880.809 -16295.191 6000.000
v 5472.000 -16454.186 6000.000
v 5431.929 -16456.070 6000.000
v 5384.981 -16431.018 6000.000
v 5393.768 -16344.000 6000.000
v 5343.751 -16256.249 6000.000
v 5360.584 -16167.415 6000.000
v 5363.949 -16056.000 6000.000
v 5472.000 -15953.605 6000.000
v 5507.784 -15948.217 6000.000
v 5544.000 -15961.709 6000.000
v 5616.000 -15928.507 6000.000
v 5688.000 -15917.045 6000.000
v 5760.000 -15929.097 6000.000
v 5854.188 -15912.000 6000.000
v 5961.494 -15840.000 6000.000
v 6048.000 -15798.435 6000.000
v 6078.419 -15768.000 6000.000
v 6120.000 -15689.299 6000.000
v 6192.000 -15635.143 6000.000
v 6281.312 -15606.688 6000.000
v 6336.000 -15600.388 6000.000
v 6408.000 -15546.626 6000.000
v 6552.000 -15528.915 6000.000
v 6696.000 -15472.895 6000.000
v 6840.000 -15445.749 6000.000
v 6912.000 -15446.631 6000.000
v 7199.723 -15480.277 6000.000
v 7344.000 -15435.678 6000.000
v 7704.000 -15211.273 6000.000
v 7731.513 -15192.000 6000.000
v 7776.000 -15134.652 6000.000
v 7817.895 -14904.000 6000.000
v 7788.825 -14832.000 6000.000
v 7812.206 -14760.000 6000.000
v 7848.000 -14724.159 6000.000
v 7892.331 -14688.000 6000.000
v 7992.000 -14642.370 6000.000
v 8038.501 -14641.499 6000.000
v 8280.000 -14575.351 6000.000
v 8352.000 -14541.780 6000.000
v 8391.738 -14472.000 6000.000
v 8417.087 -14400.000 6000.000
v 8401.056 -14328.000 6000.000
v 8364.732 -14256.000 6000.000
v 8362.055 -14184.000 6000.000
v 8337.872 -14054.128 6000.000
v 8265.866 -13982.134 6000.000
v 8211.842 -13896.000 6000.000
v 8215.484 -13816.516 6000.000
v 8136.000 -13770.649 6000.000
v 8064.000 -13758.913 6000.000
v 8024.003 -13647.996 6000.000
v 7951.941 -13608.000 6000.000
v 7892.254 -13536.000 6000.000
v 7906.197 -13464.000 6000.000
v 7992.000 -13420.482 6000.000
v 8015.000 -13392.000 6000.000
v 8029.767 -13248.000 6000.000
v 8047.833 -13176.000 6000.000
v 8098.227 -13104.000 6000.000
v 8130.008 -13032.000 6000.000
v 8119.163 -12976.837 6000.000
v 8038.063 -12841.937 6000.000
v 8032.211 -12775.789 6000.000
v 8002.310 -12672.000 6000.000
v 7963.590 -12628.410 6000.000
v 7939.645 -12580.354 6000.000
v 7920.000 -12503.042 6000.000
v 7848.000 -12381.895 6000.000
v 7717.008 -12298.992 6000.000
v 7560.000 -12240.346 6000.000
v 7407.901 -12248.099 6000.000
v 6872.452 -12063.548 6000.000
v 6768.000 -12044.771 6000.000
v 6696.000 -12062.119 6000.000
v 6552.000 -12118.589 6000.000
v 6480.000 -12186.997 6000.000
v 6296.747 -12600.000 6000.000
v 6241.947 -12744.000 6000.000
v 6203.076 -12816.000 6000.000
v 6120.000 -12900.887 6000.000
v 6063.610 -12872.391 6000.000
v 5998.682 -12793.317 6000.000
v 5949.312 -12770.688 6000.000
v 5885.081 -12762.920 6000.000
v 5832.000 -12771.672 6000.000
v 5760.000 -12746.178 6000.000
v 5629.835 -12730.165 6000.000
v 5544.000 -12701.957 6000.000
v 5400.000 -12678.025 6000.000
v 5209.103 -12718.897 6000.000
v 5150.277 -12705.723 6000.000
v 5129.194 -12672.000 6000.000
v 5130.475 -12653.525 6000.000
v 5157.932 -12600.000 6000.000
v 5230.890 -12528.000 6000.000
v 5472.000 -12370.114 6000.000
v 5544.000 -12341.288 6000.000
v 5616.000 -12339.695 6000.000
v 5701.595 -12312.000 6000.000
v 5774.962 -12240.000 6000.000
v 5832.000 -12150.114 6000.000
v 5967.892 -12024.000 6000.000
v 6022.434 -11952.000 6000.000
v 6031.393 -11880.000 6000.000
v 6072.460 -11808.000 6000.000
v 6092.909 -11736.000 6000.000
v 6052.509 -11664.000 6000.000
v 6048.000 -11634.747 6000.000
v 6044.074 -11592.000 6000.000
v 6072.525 -11520.000 6000.000
v 6066.158 -11501.842 6000.000
v 6025.499 -11470.501 6000.000
v 5974.579 -11449.421 6000.000
v 5943.907 -11408.093 6000.000
v 5923.165 -11356.836 6000.000
v 5849.951 -11286.049 6000.000
v 5803.323 -11260.677 6000.000
v 5768.767 -11223.233 6000.000
v 5679.463 -11160.000 6000.000
v 5652.840 -11123.160 6000.000
v 5643.703 -11088.000 6000.000
v 5760.000 -10974.332 6000.000
v 5832.000 -10923.391 6000.000
v 5940.669 -10872.000 6000.000
v 6030.345 -10800.000 6000.000
v 6056.297 -10656.000 6000.000
v 6008.828 -10584.000 6000.000
v 5976.000 -10563.148 6000.000
v 5943.239 -10544.761 6000.000
v 5815.570 -10528.430 6000.000
v 5807.552 -10512.000 6000.000
v 5760.000 -10474.279 6000.000
v 5730.126 -10469.874 6000.000
v 5659.870 -10468.130 6000.000
v 5564.055 -10491.945 6000.000
v 5472.000 -10494.498 6000.000
v 5328.000 -10554.005 6000.000
v 5283.456 -10556.545 6000.000
v 5256.000 -10539.771 6000.000
v 5214.504 -10553.496 6000.000
v 5191.438 -10512.000 6000.000
v 5196.003 -10499.997 6000.000
v 5245.295 -10440.000 6000.000
v 5328.000 -10365.950 6000.000
v 5368.570 -10296.000 6000.000
v 5511.409 -10152.000 6000.000
v 5508.175 -10115.825 6000.000
v 5531.581 -10008.000 6000.000
v 5491.188 -9864.000 6000.000
v 5428.892 -9763.107 6000.000
v 5383.851 -9720.000 6000.000
v 5348.275 -9699.726 6000.000
v 5328.000 -9669.951 6000.000
v 5256.000 -9603.891 6000.000
v 5138.977 -9549.023 6000.000
v 5079.288 -9504.000 6000.000
v 5040.000 -9488.075 6000.000
v 4896.000 -9483.188 6000.000
v 4799.545 -9456.455 6000.000
v 4680.000 -9455.328 6000.000
v 4608.000 -9432.446 6000.000
v 4464.000 -9474.451 6000.000
v 4248.000 -9477.643 6000.000
v 4032.000 -9583.481 6000.000
v 3888.000 -9575.953 6000.000
v 3816.000 -9560.036 6000.000
v 3749.857 -9504.000 6000.000
v 3715.046 -9460.953 6000.000
v 3638.011 -9321.988 6000.000
v 3554.831 -9072.000 6000.000
v 3596.344 -9000.000 6000.000
v 3563.374 -8928.000 6000.000
v 3544.699 -8911.301 6000.000
v 3521.647 -8856.000 6000.000
v 3477.965 -8834.035 6000.000
v 3384.000 -8732.509 6000.000
v 3309.310 -8714.690 6000.000
v 3214.330 -8737.670 6000.000
v 2948.691 -8856.000 6000.000
v 2880.000 -8901.403 6000.000
v 2700.107 -9144.000 6000.000
v 2664.000 -9172.651 6000.000
v 2592.000 -9206.303 6000.000
v 2520.000 -9277.056 6000.000
v 2487.171 -9288.000 6000.000
v 2448.000 -9317.902 6000.000
v 2418.510 -9245.490 6000.000
v 2403.266 -9144.000 6000.000
v 2420.659 -9072.000 6000.000
v 2481.685 -8928.000 6000.000
v 2506.996 -8784.000 6000.000
v 2489.014 -8712.000 6000.000
v 2438.815 -8649.185 6000.000
v 2394.778 -8568.000 6000.000
v 2390.900 -8496.000 6000.000
v 2438.607 -8424.000 6000.000
v 2584.963 -8136.000 6000.000
v 2582.402 -8064.000 6000.000
v 2550.959 -7992.000 6000.000
v 2457.950 -7910.050 6000.000
v 2429.699 -7866.301 6000.000
v 2429.410 -7848.000 6000.000
v 2451.740 -7776.000 6000.000
v 2521.071 -7704.000 6000.000
v 2615.593 -7632.000 6000.000
v 2736.000 -7454.220 6000.000
v 2864.064 -7344.000 6000.000
v 2880.000 -7305.500 6000.000
v 2889.221 -7272.000 6000.000
v 2867.735 -7212.265 6000.000
v 2854.985 -7128.000 6000.000
v 2852.596 -6984.000 6000.000
v 2805.285 -6914.714 6000.000
v 2768.703 -6879.297 6000.000
v 2747.459 -6840.000 6000.000
v 2746.604 -6768.000 6000.000
v 2877.144 -6696.000 6000.000
v 2983.096 -6624.000 6000.000
v 3024.000 -6571.487 6000.000
v 3062.576 -6480.000 6000.000
v 3080.672 -6408.000 6000.000
v 3080.252 -6264.000 6000.000
v 3091.515 -6192.000 6000.000
v 3047.823 -5976.000 6000.000
v 3024.000 -5911.934 6000.000
v 2979.715 -5876.285 6000.000
v 2949.730 -5832.000 6000.000
v 2901.814 -5810.186 6000.000
v 2880.000 -5787.619 6000.000
v 2739.611 -5756.390 6000.000
v 2664.000 -5726.105 6000.000
v 2592.000 -5728.686 6000.000
v 2520.000 -5809.965 6000.000
v 2426.560 -5853.439 6000.000
v 2376.000 -5847.287 6000.000
v 2304.000 -5909.448 6000.000
v 2232.000 -5939.729 6000.000
v 2194.581 -5941.419 6000.000
v 2134.279 -5904.000 6000.000
v 2133.092 -5832.000 6000.000
v 2173.095 -5760.000 6000.000
v 2263.279 -5688.000 6000.000
v 2313.370 -5616.000 6000.000
v 2395.479 -5544.000 6000.000
v 2424.579 -5472.000 6000.000
v 2427.523 -5420.477 6000.000
v 2455.542 -5328.000 6000.000
v 2504.268 -5256.000 6000.000
v 2554.339 -5112.000 6000.000
v 2664.000 -5000.840 6000.000
v 2787.260 -4896.000 6000.000
v 2808.000 -4821.091 6000.000
v 2981.401 -4680.000 6000.000
v 3092.826 -4608.000 6000.000
v 3168.000 -4514.778 6000.000
v 3285.906 -4392.000 6000.000
v 3384.000 -4315.943 6000.000
v 3744.000 -3964.751 6000.000
v 3809.934 -3816.000 6000.000
v 3816.000 -3721.938 6000.000
v 3823.895 -3736.105 6000.000
v 3888.000 -3710.500 6000.000
v 3960.000 -3738.842 6000.000
v 4032.000 -3727.475 6000.000
v 4071.734 -3776.266 6000.000
v 4351.433 -3856.568 6000.000
v 4392.000 -3887.523 6000.000
v 4536.000 -3925.315 6000.000
v 4601.736 -3966.263 6000.000
v 4752.000 -3971.368 6000.000
v 4828.035 -3955.965 6000.000
v 4881.953 -3974.048 6000.000
v 5040.000 -4062.120 6000.000
v 5132.947 -4083.053 6000.000
v 5328.000 -4032.458 6000.000
v 5464.670 -3960.000 6000.000
v 5506.772 -3888.000 6000.000
v 5544.000 -3852.445 6000.000
v 5616.000 -3845.668 6000.000
v 5686.241 -3816.000 6000.000
v 5760.000 -3721.670 6000.000
v 5976.000 -3634.119 6000.000
v 6120.000 -3556.527 6000.000
v 6155.499 -3528.000 6000.000
v 6278.815 -3312.000 6000.000
v 6287.174 -3240.000 6000.000
v 6268.686 -3168.000 6000.000
v 6287.523 -3024.000 6000.000
v 6307.594 -2952.000 6000.000
v 6370.035 -2808.000 6000.000
v 6391.817 -2680.183 6000.000
v 6373.859 -2482.141 6000.000
v 6350.897 -2433.103 6000.000
v 6269.542 -2370.458 6000.000
v 6135.496 -2216.504 6000.000
v 5979.857 -2088.000 6000.000
v 5951.671 -2040.329 6000.000
v 5917.707 -1930.293 6000.000
v 5876.893 -1899.107 6000.000
v 5856.072 -1847.928 6000.000
v 5814.324 -1817.676 6000.000
v 5795.047 -1764.953 6000.000
v 5732.948 -1728.000 6000.000
v 5638.977 -1633.023 6000.000
v 5389.237 -1522.763 6000.000
v 5265.928 -1430.072 6000.000
v 5147.575 -1404.425 6000.000
v 5113.397 -1368.000 6000.000
v 5097.381 -1296.000 6000.000
v 5101.147 -1224.000 6000.000
v 5092.082 -1152.000 6000.000
v 5112.000 -1017.152 6000.000
v 5164.993 -936.000 6000.000
v 5273.915 -864.000 6000.000
v 5344.024 -792.000 6000.000
v 5411.635 -648.000 6000.000
v 5432.264 -576.000 6000.000
v 5338.027 -349.973 6000.000
v 5315.711 -228.289 6000.000
v 5326.863 -145.137 6000.000
v 5317.223 -10.777 6000.000
v 5308.614 0.000 6000.000
v 5400.000 25.322 6000.000
v 5616.000 125.413 6000.000
v 5719.285 216.000 6000.000
v 5871.342 288.000 6000.000
v 6018.901 432.000 6000.000
v 6057.504 504.000 6000.000
v 6061.397 576.000 6000.000
v 6052.340 652.340 6000.000
v 5998.429 720.000 6000.000
v 5997.413 792.000 6000.000
v 6057.139 864.000 6000.000
v 6070.783 936.000 6000.000
v 6057.188 1008.000 6000.000
v 6088.580 1080.000 6000.000
v 6181.213 1224.000 6000.000
v 6241.519 1296.000 6000.000
v 6402.500 1440.000 6000.000
v 6480.000 1448.831 6000.000
v 6605.186 1512.000 6000.000
v 6696.000 1612.995 6000.000
v 6756.709 1656.000 6000.000
v 6912.000 1729.108 6000.000
v 6977.644 1800.000 6000.000
v 7013.684 1872.000 6000.000
v 7045.169 2005.169 6000.000
v 7103.838 2160.000 6000.000
v 7200.000 2337.093 6000.000
v 7278.911 2448.000 6000.000
v 7309.147 2520.000 6000.000
v 7317.367 2592.000 6000.000
v 7344.000 2648.161 6000.000
v 7416.000 2691.742 6000.000
v 7560.000 2725.135 6000.000
v 7634.100 2738.100 6000.000
v 7704.000 2731.051 6000.000
v 7848.000 2757.349 6000.000
v 7920.000 2786.052 6000.000
v 7992.000 2846.830 6000.000
v 8352.000 2810.328 6000.000
v 8496.000 2782.464 6000.000
v 8568.000 2795.962 6000.000
v 8640.000 2829.624 6000.000
v 8712.000 2813.035 6000.000
v 8750.036 2774.036 6000.000
v 8784.000 2763.072 6000.000
v 8928.000 2804.848 6000.000
v 8964.966 2772.966 6000.000
v 9014.970 2750.969 6000.000
v 9144.000 2727.023 6000.000
v 9360.000 2747.146 6000.000
v 9504.000 2791.447 6000.000
v 9648.000 2871.083 6000.000
v 9754.592 2952.000 6000.000
v 9792.000 2968.690 6000.000
v 9817.788 2977.788 6000.000
v 9874.280 2962.280 6000.000
v 9882.838 2952.000 6000.000
v 9863.568 2880.000 6000.000
v 9811.800 2808.000 6000.000
v 9720.000 2721.967 6000.000
v 9504.000 2627.362 6000.000
v 9432.000 2616.250 6000.000
v 9360.000 2592.030 6000.000
v 9288.000 2548.833 6000.000
v 9216.000 2569.310 6000.000
v 9072.000 2531.505 6000.000
v 9000.000 2458.595 6000.000
v 8926.338 2304.000 6000.000
v 8905.802 2232.000 6000.000
v 8927.457 2160.000 6000.000
v 9003.073 2016.000 6000.000
v 9023.876 1944.000 6000.000
v 9072.404 1872.405 6000.000
v 9129.130 1857.130 6000.000
v 9174.701 1830.701 6000.000
v 9288.000 1740.133 6000.000
v 9360.000 1758.170 6000.000
v 9383.322 1751.323 6000.000
v 9453.639 1677.638 6000.000
v 9650.823 1584.000 6000.000
v 9691.021 1555.021 6000.000
v 9803.175 1523.175 6000.000
v 9864.000 1518.498 6000.000
v 10008.000 1564.998 6000.000
v 10158.868 1590.868 6000.000
v 10213.072 1573.073 6000.000
v 10368.000 1580.090 6000.000
v 10498.379 1570.378 6000.000
v 10656.000 1610.267 6000.000
v 10728.000 1620.120 6000.000
v 10800.000 1615.957 6000.000
v 10993.824 1728.000 6000.000
v 11088.000 1807.294 6000.000
v 11101.526 1813.527 6000.000
v 11107.355 1800.000 6000.000
v 11098.122 1738.122 6000.000
v 11052.189 1656.000 6000.000
v 11016.000 1617.020 6000.000
v 10728.000 1463.033 6000.000
v 10584.000 1324.200 6000.000
v 10440.000 1143.082 6000.000
v 10296.000 1005.975 6000.000
v 10241.418 936.000 6000.000
v 10109.368 720.000 6000.000
v 10100.092 648.000 6000.000
v 10117.109 541.109 6000.000
v 10118.317 432.000 6000.000
v 10105.200 360.000 6000.000
v 10080.000 304.673 6000.000
v 10004.638 216.000 6000.000
v 10033.104 169.103 6000.000
v 10035.573 144.000 6000.000
v 10095.435 87.435 6000.000
v 10186.982 34.983 6000.000
v 10322.369 26.369 6000.000
v 10440.000 -45.487 6000.000
v 10532.552 -72.000 6000.000
v 10556.687 -99.314 6000.000
v 10584.000 -97.261 6000.000
v 10613.098 -114.902 6000.000
v 10675.925 -124.075 6000.000
v 10754.393 -117.607 6000.000
v 10880.342 -135.659 6000.000
v 11016.000 -97.269 6000.000
v 11088.000 -92.628 6000.000
v 11160.000 -74.457 6000.000
v 11376.000 -52.571 6000.000
v 11448.000 -53.486 6000.000
v 11664.000 -9.043 6000.000
v 11808.000 46.586 6000.000
v 11952.000 137.403 6000.000
v 12046.258 216.000 6000.000
v 12096.000 241.584 6000.000
v 12225.533 288.000 6000.000
v 12528.000 421.205 6000.000
v 12672.000 409.416 6000.000
v 12822.360 438.360 6000.000
v 12888.000 414.458 6000.000
v 12909.812 381.813 6000.000
v 12963.422 360.000 6000.000
v 12971.412 299.412 6000.000
v 13032.000 301.967 6000.000
v 13053.762 288.000 6000.000
v 13050.244 234.244 6000.000
v 13104.000 244.151 6000.000
v 13118.292 230.292 6000.000
v 13204.067 216.000 6000.000
v 13248.000 182.484 6000.000
v 13259.438 155.439 6000.000
v 13290.388 144.000 6000.000
v 13176.000 108.316 6000.000
v 13104.000 109.237 6000.000
v 13072.482 144.000 6000.000
v 13069.959 181.959 6000.000
v 13032.000 192.843 6000.000
v 13011.584 216.000 6000.000
v 13007.837 263.837 6000.000
v 12960.000 267.602 6000.000
v 12903.122 288.000 6000.000
v 12924.064 324.064 6000.000
v 12888.000 293.891 6000.000
v 12837.011 309.011 6000.000
v 12744.000 297.598 6000.000
v 12672.000 243.235 6000.000
v 12604.520 144.000 6000.000
v 12560.035 0.000 6000.000
v 12483.924 -144.000 6000.000
v 12470.630 -216.000 6000.000
v 12483.711 -288.000 6000.000
v 12481.528 -360.000 6000.000
v 12465.047 -432.000 6000.000
v 12431.852 -504.000 6000.000
v 12380.141 -576.000 6000.000
v 12361.492 -648.000 6000.000
v 12327.991 -720.000 6000.000
v 12261.491 -792.000 6000.000
v 12223.631 -936.000 6000.000
v 12234.136 -1008.000 6000.000
v 12265.083 -1054.917 6000.000
v 12383.986 -1152.014 6000.000
v 12432.371 -1175.629 6000.000
v 12528.000 -1195.807 6000.000
v 12837.051 -1202.949 6000.000
v 12873.819 -1224.000 6000.000
v 12816.000 -1308.038 6000.000
v 12744.000 -1362.456 6000.000
v 12690.363 -1349.637 6000.000
v 12600.000 -1353.309 6000.000
v 12528.000 -1339.838 6000.000
v 12456.000 -1341.887 6000.000
v 12384.000 -1359.881 6000.000
v 12235.276 -1440.000 6000.000
v 12141.515 -1512.000 6000.000
v 12024.000 -1636.327 6000.000
v 11952.000 -1645.294 6000.000
v 11820.919 -1571.081 6000.000
v 11754.191 -1493.808 6000.000
v 11734.005 -1441.995 6000.000
v 11737.594 -1368.000 6000.000
v 11789.326 -1224.000 6000.000
v 11795.104 -1164.895 6000.000
v 11796.786 -1080.000 6000.000
v 11786.781 -1029.219 6000.000
v 11759.677 -984.323 6000.000
v 11708.438 -963.562 6000.000
v 11664.000 -926.194 6000.000
v 11520.000 -885.102 6000.000
v 11428.598 -883.402 6000.000
v 11376.000 -871.698 6000.000
v 11232.000 -916.884 6000.000
v 11016.000 -935.473 6000.000
v 10944.000 -970.678 6000.000
v 10872.000 -983.938 6000.000
v 10800.000 -1013.902 6000.000
v 10728.000 -1056.010 6000.000
v 10656.000 -1134.335 6000.000
v 10608.275 -1224.000 6000.000
v 10512.000 -1362.384 6000.000
v 10440.000 -1420.537 6000.000
v 10368.000 -1424.160 6000.000
v 10276.378 -1387.623 6000.000
v 10263.440 -1368.000 6000.000
v 10274.021 -1317.978 6000.000
v 10308.695 -1224.000 6000.000
v 10450.872 -936.000 6000.000
v 10512.000 -845.888 6000.000
v 10584.000 -774.842 6000.000
v 10615.833 -720.000 6000.000
v 10656.000 -623.689 6000.000
v 10716.139 -432.000 6000.000
v 10693.353 -360.000 6000.000
v 10608.119 -263.880 6000.000
v 10542.624 -216.000 6000.000
v 10533.395 -194.606 6000.000
v 10440.000 -171.789 6000.000
v 10296.000 -196.007 6000.000
v 10080.000 -248.994 6000.000
v 9895.729 -328.272 6000.000
v 9864.000 -323.436 6000.000
v 9846.842 -305.158 6000.000
v 9829.937 -250.064 6000.000
v 9830.441 -216.000 6000.000
v 9810.282 -144.000 6000.000
v 9802.688 10.687 6000.000
v 9777.922 57.922 6000.000
v 9744.362 96.363 6000.000
v 9693.352 117.351 6000.000
v 9648.000 150.474 6000.000
v 9576.000 158.992 6000.000
v 9314.940 98.941 6000.000
v 9246.775 102.776 6000.000
v 9174.441 174.441 6000.000
v 9151.757 223.757 6000.000
v 9141.438 288.000 6000.000
v 9144.700 360.000 6000.000
v 9216.000 468.804 6000.000
v 9504.000 673.919 6000.000
v 9536.101 720.000 6000.000
v 9564.889 792.000 6000.000
v 9589.724 936.000 6000.000
v 9576.000 1022.274 6000.000
v 9504.444 1080.000 6000.000
v 9406.006 1126.006 6000.000
v 9360.000 1141.986 6000.000
v 9152.643 1160.642 6000.000
v 9054.363 1206.363 6000.000
v 9000.000 1270.057 6000.000
v 8989.215 1296.000 6000.000
v 8983.922 1368.000 6000.000
v 8944.604 1456.604 6000.000
v 8907.023 1491.023 6000.000
v 8885.173 1541.173 6000.000
v 8808.180 1608.180 6000.000
v 8587.599 1675.598 6000.000
v 8424.000 1699.011 6000.000
v 8352.000 1690.546 6000.000
v 8268.826 1644.826 6000.000
v 8136.000 1606.492 6000.000
v 8102.531 1584.000 6000.000
v 8039.991 1440.000 6000.000
v 7992.000 1393.198 6000.000
v 7848.000 1321.050 6000.000
v 7776.000 1231.171 6000.000
v 7632.000 1103.514 6000.000
v 7560.000 941.612 6000.000
v 7538.150 648.000 6000.000
v 7551.637 567.637 6000.000
v 7595.109 432.000 6000.000
v 7595.834 395.835 6000.000
v 7695.807 279.806 6000.000
v 7749.952 189.952 6000.000
v 7769.063 65.063 6000.000
v 7804.529 28.529 6000.000
v 7818.408 0.000 6000.000
v 7806.484 -41.515 6000.000
v 7828.509 -72.000 6000.000
v 7776.000 -93.307 6000.000
v 7725.413 -72.000 6000.000
v 7716.833 -59.167 6000.000
v 7560.000 -88.700 6000.000
v 7505.700 -54.300 6000.000
v 7488.000 -58.207 6000.000
v 7379.536 -36.464 6000.000
v 7330.109 -13.891 6000.000
v 7291.607 19.607 6000.000
v 7200.000 72.176 6000.000
v 6912.000 33.219 6000.000
v 6840.000 18.558 6000.000
v 6768.000 -11.189 6000.000
v 6656.235 -144.000 6000.000
v 6574.169 -288.000 6000.000
v 6525.436 -504.000 6000.000
v 6539.510 -648.000 6000.000
v 6530.239 -720.000 6000.000
v 6541.044 -936.000 6000.000
v 6480.000 -1079.768 6000.000
v 6408.000 -1184.505 6000.000
v 6336.000 -1240.598 6000.000
v 6233.894 -1254.106 6000.000
v 6192.000 -1246.540 6000.000
v 6120.000 -1253.147 6000.000
v 6038.335 -1296.000 6000.000
v 6026.069 -1368.000 6000.000
v 6035.904 -1440.000 6000.000
v 6066.928 -1493.072 6000.000
v 6067.113 -1512.000 6000.000
v 6120.805 -1584.000 6000.000
v 6198.794 -1656.000 6000.000
v 6336.000 -1738.592 6000.000
v 6389.363 -1746.637 6000.000
v 6480.000 -1729.399 6000.000
v 6623.410 -1728.590 6000.000
v 6651.283 -1772.717 6000.000
v 6604.771 -1872.000 6000.000
v 6557.405 -1944.000 6000.000
v 6530.331 -2016.000 6000.000
v 6519.223 -2120.778 6000.000
v 6534.963 -2177.037 6000.000
v 6565.088 -2218.912 6000.000
v 6604.601 -2304.000 6000.000
v 6657.363 -2448.000 6000.000
v 6718.721 -2520.000 6000.000
v 6725.677 -2664.000 6000.000
v 6745.887 -2736.000 6000.000
v 6723.253 -2808.000 6000.000
v 6724.783 -2851.217 6000.000
v 6751.711 -2952.000 6000.000
v 6759.527 -3024.000 6000.000
v 6872.245 -3240.000 6000.000
v 6937.978 -3286.022 6000.000
v 7038.408 -3329.592 6000.000
v 7126.892 -3384.000 6000.000
v 7148.246 -3435.754 6000.000
v 7169.446 -3456.000 6000.000
v 7193.567 -3528.000 6000.000
v 7197.947 -3672.000 6000.000
v 7266.775 -3816.000 6000.000
v 7259.020 -3888.000 6000.000
v 7288.102 -4015.898 6000.000
v 7309.722 -4066.278 6000.000
v 7416.890 -4175.110 6000.000
v 7464.062 -4271.938 6000.000
v 7488.000 -4297.287 6000.000
v 7520.650 -4359.350 6000.000
v 7560.000 -4396.508 6000.000
v 7581.767 -4442.233 6000.000
v 7661.157 -4536.000 6000.000
v 7704.000 -4602.644 6000.000
v 7776.000 -4670.270 6000.000
v 7848.000 -4698.832 6000.000
v 7953.360 -4790.640 6000.000
v 8023.739 -4864.261 6000.000
v 8081.136 -4968.000 6000.000
v 8079.277 -5040.000 6000.000
v 8040.717 -5112.000 6000.000
v 7973.242 -5184.000 6000.000
v 7920.000 -5222.825 6000.000
v 7848.000 -5230.380 6000.000
v 7762.884 -5197.116 6000.000
v 7726.036 -5161.964 6000.000
v 7695.160 -5120.840 6000.000
v 7594.717 -4933.283 6000.000
v 7525.128 -4858.872 6000.000
v 7504.322 -4807.678 6000.000
v 7462.472 -4777.528 6000.000
v 7416.000 -4722.061 6000.000
v 7344.000 -4702.848 6000.000
v 7272.000 -4706.333 6000.000
v 7056.000 -4821.916 6000.000
v 6912.000 -4882.339 6000.000
v 6840.000 -4939.253 6000.000
v 6624.000 -4998.975 6000.000
v 6552.000 -5045.804 6000.000
v 6480.000 -5105.271 6000.000
v 6408.828 -5184.000 6000.000
v 6367.721 -5256.000 6000.000
v 6328.456 -5407.544 6000.000
v 6358.428 -5521.572 6000.000
v 6367.691 -5616.000 6000.000
v 6460.113 -5688.000 6000.000
v 6578.126 -5733.874 6000.000
v 6704.574 -5823.426 6000.000
v 6888.842 -5927.158 6000.000
v 6985.261 -6048.000 6000.000
v 7123.056 -6124.944 6000.000
v 7240.683 -6151.317 6000.000
v 7282.756 -6181.244 6000.000
v 7344.000 -6190.313 6000.000
v 7397.638 -6210.362 6000.000
v 7535.082 -6288.918 6000.000
v 7653.890 -6314.110 6000.000
v 7748.270 -6363.730 6000.000
v 8007.507 -6392.493 6000.000
v 8064.000 -6428.476 6000.000
v 8102.729 -6441.271 6000.000
v 8124.176 -6491.824 6000.000
v 8136.000 -6591.010 6000.000
v 8175.055 -6696.000 6000.000
v 8171.882 -6732.118 6000.000
v 8201.888 -6768.000 6000.000
v 8126.994 -6840.000 6000.000
v 8064.000 -6869.560 6000.000
v 7992.000 -6860.012 6000.000
v 7920.000 -6878.955 6000.000
v 7809.524 -6878.476 6000.000
v 7776.000 -6869.290 6000.000
v 7660.945 -6883.055 6000.000
v 7416.000 -6885.587 6000.000
v 7349.378 -6906.622 6000.000
v 7272.000 -6914.449 6000.000
v 7200.000 -6969.150 6000.000
v 7197.124 -7056.000 6000.000
v 7214.308 -7113.692 6000.000
v 7212.232 -7200.000 6000.000
v 7224.333 -7319.667 6000.000
v 7218.765 -7469.235 6000.000
v 7221.328 -7488.000 6000.000
v 7299.141 -7604.859 6000.000
v 7416.000 -7873.210 6000.000
v 7632.000 -8090.754 6000.000
v 7733.178 -8178.822 6000.000
v 7776.000 -8191.983 6000.000
v 8045.261 -8370.739 6000.000
v 8099.501 -8388.499 6000.000
v 8167.734 -8392.266 6000.000
v 8280.000 -8420.848 6000.000
v 8329.612 -8446.388 6000.000
v 8387.860 -8460.140 6000.000
v 8640.000 -8577.230 6000.000
v 8712.000 -8599.090 6000.000
v 8771.441 -8652.559 6000.000
v 8835.640 -8784.000 6000.000
v 8901.739 -8882.261 6000.000
v 8989.143 -9072.000 6000.000
v 9006.299 -9144.000 6000.000
v 8978.916 -9216.000 6000.000
v 8965.837 -9504.000 6000.000
v 8928.000 -9629.196 6000.000
v 8856.000 -9690.483 6000.000
v 8683.806 -9792.000 6000.000
v 8615.759 -9864.000 6000.000
v 8564.345 -9936.000 6000.000
v 8572.659 -10003.341 6000.000
v 8634.357 -10013.643 6000.000
v 8640.000 -10025.621 6000.000
v 8664.977 -10127.023 6000.000
v 8664.254 -10224.000 6000.000
v 8640.000 -10248.422 6000.000
v 8621.899 -10296.000 6000.000
v 8624.777 -10368.000 6000.000
v 8586.050 -10493.950 6000.000
v 8576.319 -10584.000 6000.000
v 8568.000 -10599.667 6000.000
v 8540.655 -10611.345 6000.000
v 8496.000 -10604.578 6000.000
v 8469.197 -10682.803 6000.000
v 8496.000 -10679.077 6000.000
v 8531.321 -10692.679 6000.000
v 8568.538 -10728.000 6000.000
v 8597.101 -10770.899 6000.000
v 8597.089 -10872.000 6000.000
v 8691.720 -10964.280 6000.000
v 8723.712 -11016.000 6000.000
v 8819.105 -11088.000 6000.000
v 8894.569 -11121.431 6000.000
v 8928.000 -11150.244 6000.000
v 8972.804 -11160.000 6000.000
v 9070.651 -11161.349 6000.000
v 9216.000 -11140.562 6000.000
v 9360.000 -11171.990 6000.000
v 9416.238 -11175.762 6000.000
v 9470.119 -11193.881 6000.000
v 9504.000 -11237.403 6000.000
v 9578.497 -11301.503 6000.000
v 9608.021 -11343.979 6000.000
v 9688.595 -11335.405 6000.000
v 9702.669 -11393.331 6000.000
v 9720.000 -11422.450 6000.000
v 9864.000 -11486.574 6000.000
v 9936.000 -11459.212 6000.000
v 10008.000 -11456.034 6000.000
v 10080.000 -11466.190 6000.000
v 10152.000 -11444.440 6000.000
v 10296.000 -11352.212 6000.000
v 10368.000 -11349.193 6000.000
v 10512.000 -11254.020 6000.000
v 10584.000 -11236.414 6000.000
v 10621.462 -11160.000 6000.000
v 10656.000 -11125.361 6000.000
v 10728.000 -11107.884 6000.000
v 10768.163 -11088.000 6000.000
v 10872.000 -10958.774 6000.000
v 10901.539 -10944.000 6000.000
v 10942.887 -10873.113 6000.000
v 10918.960 -10753.040 6000.000
v 10898.771 -10701.229 6000.000
v 10915.508 -10612.492 6000.000
v 10964.160 -10512.000 6000.000
v 11088.000 -10312.298 6000.000
v 11130.622 -10296.000 6000.000
v 11160.000 -10267.783 6000.000
v 11190.897 -10152.000 6000.000
v 11231.097 -10080.000 6000.000
v 11376.000 -9955.021 6000.000
v 11592.000 -9809.748 6000.000
v 11808.000 -9605.744 6000.000
v 11854.616 -9576.000 6000.000
v 11893.381 -9490.619 6000.000
v 11861.791 -9450.209 6000.000
v 11884.634 -9360.000 6000.000
v 11880.000 -9349.572 6000.000
v 11837.482 -9330.518 6000.000
v 11740.245 -9216.000 6000.000
v 11664.000 -9192.704 6000.000
v 11592.000 -9201.312 6000.000
v 11567.485 -9216.000 6000.000
v 11448.000 -9300.723 6000.000
v 11376.000 -9381.068 6000.000
v 11088.000 -9436.911 6000.000
v 11016.000 -9460.160 6000.000
v 10931.416 -9516.584 6000.000
v 10871.492 -9504.508 6000.000
v 10898.397 -9360.000 6000.000
v 10886.355 -9288.000 6000.000
v 10891.959 -9216.000 6000.000
v 10878.056 -9144.000 6000.000
v 10805.815 -9066.185 6000.000
v 10755.948 -8972.052 6000.000
v 10745.727 -8928.000 6000.000
v 10749.873 -8906.127 6000.000
v 10797.562 -8786.438 6000.000
v 10769.520 -8598.480 6000.000
v 10752.568 -8543.432 6000.000
v 10722.419 -8496.000 6000.000
v 10788.323 -8352.000 6000.000
v 10789.028 -8280.000 6000.000
v 10775.259 -8208.000 6000.000
v 10825.464 -8064.000 6000.000
v 10827.078 -8036.921 6000.000
v 10823.901 -7968.099 6000.000
v 10808.129 -7920.000 6000.000
v 11088.000 -7567.676 6000.000
v 11110.018 -7609.982 6000.000
v 11160.000 -7624.269 6000.000
v 11199.436 -7664.564 6000.000
v 11232.000 -7681.566 6000.000
v 11273.119 -7734.881 6000.000
v 11376.000 -7805.298 6000.000
v 11448.000 -7822.448 6000.000
v 11520.000 -7869.508 6000.000
v 11747.985 -7980.015 6000.000
v 11808.000 -8002.300 6000.000
v 11862.781 -8009.219 6000.000
v 12168.000 -7979.019 6000.000
v 12381.323 -7920.000 6000.000
v 12528.000 -7827.938 6000.000
v 12600.000 -7763.833 6000.000
v 12672.000 -7724.541 6000.000
v 12744.000 -7713.624 6000.000
v 12888.000 -7653.421 6000.000
v 12960.000 -7607.417 6000.000
v 13032.000 -7533.960 6000.000
v 13055.895 -7536.105 6000.000
v 13108.375 -7632.000 6000.000
v 13124.015 -7704.000 6000.000
v 13178.811 -7776.000 6000.000
v 13261.835 -7848.000 6000.000
v 13314.750 -7920.000 6000.000
v 13288.336 -7992.000 6000.000
v 13208.298 -8064.000 6000.000
v 13176.000 -8112.408 6000.000
v 13092.517 -8280.000 6000.000
v 13066.062 -8389.938 6000.000
v 13069.875 -8458.125 6000.000
v 13129.090 -8568.000 6000.000
v 13193.469 -8622.531 6000.000
v 13444.854 -8731.146 6000.000
v 13602.297 -8856.000 6000.000
v 13630.778 -8928.000 6000.000
v 13590.610 -9017.390 6000.000
v 13580.540 -9072.000 6000.000
v 13541.713 -9144.000 6000.000
v 13540.451 -9211.549 6000.000
v 13566.822 -9257.178 6000.000
v 13641.997 -9326.003 6000.000
v 13752.000 -9343.043 6000.000
v 13896.000 -9387.181 6000.000
v 13968.000 -9377.832 6000.000
v 14040.000 -9332.360 6000.000
v 14070.738 -9288.000 6000.000
v 14136.883 -9144.000 6000.000
v 14184.000 -9078.206 6000.000
v 14217.867 -9182.133 6000.000
v 14256.000 -9172.741 6000.000
v 14296.106 -9216.000 6000.000
v 14291.863 -9252.137 6000.000
v 14304.116 -9288.000 6000.000
v 14280.671 -9360.000 6000.000
v 14272.802 -9432.000 6000.000
v 14286.140 -9576.000 6000.000
v 14268.927 -9648.000 6000.000
v 14213.576 -9720.000 6000.000
v 14084.480 -10008.000 6000.000
v 14033.920 -10080.000 6000.000
v 14039.059 -10152.000 6000.000
v 14074.842 -10261.158 6000.000
v 14104.694 -10296.000 6000.000
v 14130.415 -10349.585 6000.000
v 14180.131 -10368.000 6000.000
v 14040.000 -10449.688 6000.000
v 13857.291 -10478.709 6000.000
v 13752.000 -10509.045 6000.000
v 13679.449 -10512.000 6000.000
v 13444.019 -10584.000 6000.000
v 13392.000 -10619.665 6000.000
v 13373.492 -10656.000 6000.000
v 13392.000 -10721.979 6000.000
v 13419.196 -10772.804 6000.000
v 13465.835 -10800.000 6000.000
v 13492.752 -10872.000 6000.000
v 13525.097 -11016.000 6000.000
v 13490.627 -11160.000 6000.000
v 13512.671 -11232.000 6000.000
v 13576.767 -11335.233 6000.000
v 13622.271 -11361.729 6000.000
v 13653.486 -11402.514 6000.000
v 13767.382 -11504.618 6000.000
v 13814.025 -11520.000 6000.000
v 13853.861 -11562.139 6000.000
v 13903.437 -11592.000 6000.000
v 13816.952 -11736.000 6000.000
v 13779.986 -11880.000 6000.000
v 13712.490 -11952.000 6000.000
v 13666.845 -12037.155 6000.000
v 13650.208 -12096.000 6000.000
v 13702.786 -12217.214 6000.000
v 13752.000 -12264.112 6000.000
v 13784.401 -12279.599 6000.000
v 13857.910 -12278.090 6000.000
v 13968.000 -12257.995 6000.000
v 13997.997 -12282.003 6000.000
v 14040.000 -12283.380 6000.000
v 14093.373 -12330.627 6000.000
v 14146.471 -12349.529 6000.000
v 14184.000 -12379.608 6000.000
v 14240.878 -12399.122 6000.000
v 14282.516 -12429.484 6000.000
v 14379.209 -12476.791 6000.000
v 14443.969 -12484.031 6000.000
v 14688.000 -12449.374 6000.000
v 14750.738 -12465.262 6000.000
v 14976.000 -12467.699 6000.000
v 15057.905 -12446.095 6000.000
v 15120.000 -12450.190 6000.000
v 15192.000 -12470.510 6000.000
v 15264.000 -12453.834 6000.000
v 15336.000 -12402.887 6000.000
v 15393.161 -12384.000 6000.000
v 15624.000 -12343.220 6000.000
v 15690.954 -12317.046 6000.000
v 15768.000 -12315.165 6000.000
v 15803.586 -12348.414 6000.000
v 15832.189 -12456.000 6000.000
v 15837.517 -12530.483 6000.000
v 15856.875 -12583.125 6000.000
v 15984.045 -12744.000 6000.000
v 15965.336 -12816.000 6000.000
v 15974.096 -12888.000 6000.000
v 16032.332 -12911.668 6000.000
v 16051.540 -13032.000 6000.000
v 16045.890 -13104.000 6000.000
v 16056.822 -13248.000 6000.000
v 16045.700 -13320.000 6000.000
v 16056.000 -13349.365 6000.000
v 16087.766 -13392.000 6000.000
v 16180.897 -13411.103 6000.000
v 16223.496 -13440.504 6000.000
v 16242.678 -13464.000 6000.000
v 16262.779 -13536.000 6000.000
v 16290.322 -13589.678 6000.000
v 16300.275 -13680.000 6000.000
v 16336.828 -13824.000 6000.000
v 16338.337 -13901.663 6000.000
v 16297.275 -14158.725 6000.000
v 16321.506 -14278.494 6000.000
v 16397.357 -14400.000 6000.000
v 16486.762 -14473.237 6000.000
v 16560.000 -14556.429 6000.000
v 16636.135 -14616.000 6000.000
v 16643.721 -14688.000 6000.000
v 16691.645 -14760.000 6000.000
v 16750.590 -14785.411 6000.000
v 16776.000 -14811.451 6000.000
v 16887.734 -14864.265 6000.000
v 16947.174 -14904.000 6000.000
v 16956.051 -14976.000 6000.000
v 16926.145 -15120.000 6000.000
v 16955.754 -15156.245 6000.000
v 17014.516 -15169.485 6000.000
v 17089.609 -15264.000 6000.000
v 17238.422 -15377.578 6000.000
v 17258.791 -15429.209 6000.000
v 17291.631 -15468.370 6000.000
v 17352.000 -15502.340 6000.000
v 17415.934 -15560.067 6000.000
v 17462.174 -15585.826 6000.000
v 17517.258 -15602.742 6000.000
v 17586.014 -15605.986 6000.000
v 17670.590 -15665.409 6000.000
v 17738.771 -15696.000 6000.000
v 17830.529 -15768.000 6000.000
v 17877.211 -15818.788 6000.000
v 17926.697 -15841.303 6000.000
v 17966.725 -15873.276 6000.000
v 18002.709 -15909.292 6000.000
v 18056.498 -15999.501 6000.000
v 18144.000 -16032.488 6000.000
v 18216.000 -16006.586 6000.000
v 18288.000 -16012.458 6000.000
v 18321.711 -16022.289 6000.000
v 18360.000 -16058.746 6000.000
v 18432.000 -16073.962 6000.000
v 18504.000 -16048.951 6000.000
v 18576.365 -16055.635 6000.000
v 18648.000 -16081.038 6000.000
v 18690.090 -16085.911 6000.000
v 18720.000 -16102.017 6000.000
v 18792.000 -16097.438 6000.000
v 18864.000 -16121.728 6000.000
l 10362 10363 10364 10365 10366 10367 10368 10369 10370 10371 10372 10373 10374 10375 10376 10377 10378 10379 10380 10381 10382 10383 10384 10385 10386 10387 10388 10389 10390 10391 10392 10393 10394 10395 10396 10397 10398 10399 10400 10401 10402 10403 10404 10405 10406 10407 10408 10409 10410 10411 10412 10413 10414 10415 10416 10417 10418 10419 10420 10421 10422 10423 10424 10425 10426 10427 10428 10429 10430 10431 10432 10433 10434 10435 10436 10437 10438 10439 10440 10441 10442 10443 10444 10445 10446 10447 10448 10449 10450 10451 10452 10453 10454 10455 10456 10457 10458 10459 10460 10461 10462 10463 10464 10465 10466 10467 10468 10469 10470 10471 10472 10473 10474 10475 10476 10477 10478 10479 10480 10481 10482 10483 10484 10485 10486 10487 10488 10489 10490 10491 10492 10493 10494 10495 10496 10497 10498 10499 10500 10501 10502 10503 10504 10505 10506 10507 10508 10509 10510 10511 10512 10513 10514 10515 10516 10517 10518 10519 10520 10521 10522 10523 10524 10525 10526 10527 10528 10529 10530 10531 10532 10533 10534 10535 10536 10537 10538 10539 10540 10541 10542 10543 10544 10545 10546 10547 10548 10549 10550 10551 10552 10553 10554 10555 10556 10557 10558 10559 10560 10561 10562 10563 10564 10565 10566 10567 10568 10569 10570 10571 10572 10573 10574 10575 10576 10577 10578 10579 10580 10581 10582 10583 10584 10585 10586 10587 10588 10589 10590 10591 10592 10593 10594 10595 10596 10597 10598 10599 10600 10601 10602 10603 10604 10605 10606 10607 10608 10609 10610 10611 10612 10613 10614 10615 10616 10617 10618 10619 10620 10621 10622 10623 10624 10625 10626 10627 10628 10629 10630 10631 10632 10633 10634 10635 10636 10637 10638 10639 10640 10641 10642 10643 10644 10645 10646 10647 10648 10649 10650 10651 10652 10653 10654 10655 10656 10657 10658 10659 10660 10661 10662 10663 10664 10665 10666 10667 10668 10669 10670 10671 10672 10673 10674 10675 10676 10677 10678 10679 10680 10681 10682 10683 10684 10685 10686 10687 10688 10689 10690 10691 10692 10693 10694 10695 10696 10697 10698 10699 10700 10701 10702 10703 10704 10705 10706 10707 10708 10709 10710 10711 10712 10713 10714 10715 10716 10717 10718 10719 10720 10721 10722 10723 10724 10725 10726 10727 10728 10729 10730 10731 10732 10733 10734 10735 10736 10737 10738 10739 10740 10741 10742 10743 10744 10745 10746 10747 10748 10749 10750 10751 10752 10753 10754 10755 10756 10757 10758 10759 10760 10761 10762 10763 10764 10765 10766 10767 10768 10769 10770 10771 10772 10773 10774 10775 10776 10777 10778 10779 10780 10781 10782 10783 10784 10785 10786 10787 10788 10789 10790 10791 10792 10793 10794 10795 10796 10797 10798 10799 10800 10801 10802 10803 10804 10805 10806 10807 10808 10809 10810 10811 10812 10813 10814 10815 10816 10817 10818 10819 10820 10821 10822 10823 10824 10825 10826 10827 10828 10829 10830 10831 10832 10833 10834 10835 10836 10837 10838 10839 10840 10841 10842 10843 10844 10845 10846 10847 10848 10849 10850 10851 10852 10853 10854 10855 10856 10857 10858 10859 10860 10861 10862 10863 10864 10865 10866 10867 10868 10869 10870 10871 10872 10873 10874 10875 10876 10877 10878 10879 10880 10881 10882 10883 10884 10885 10886 10887 10888 10889 10890 10891 10892 10893 10894 10895 10896 10897 10898 10899 10900 10901 10902 10903 10904 10905 10906 10907 10908 10909 10910 10911 10912 10913 10914 10915 10916 10917 10918 10919 10920 10921 10922 10923 10924 10925 10926 10927 10928 10929 10930 10931 10932 10933 10934 10935 10936 10937 10938 10939 10940 10941 10942 10943 10944 10945 10946 10947 10948 10949 10950 10951 10952 10953 10954 10955 10956 10957 10958 10959 10960 10961 10962 10963 10964 10965 10966 10967 10968 10969 10970 10971 10972 10973 10974 10975 10976 10977 10978 10979 10980 10981 10982 10983 10984 10985 10986 10987 10988 10989 10990 10991 10992 10993 10994 10995 10996 10997 10998 10999 11000 11001 11002 11003 11004 11005 11006 11007 11008 11009 11010 11011 11012 11013 11014 11015 11016 11017 11018 11019 11020 11021 11022 11023 11024 11025 11026 11027 11028 11029 11030 11031 11032 11033 11034 11035 11036 11037 11038 11039 11040 11041 11042 11043 11044 11045 11046 11047 11048 11049 11050 11051 11052 11053 11054 11055 11056 11057 11058 11059 11060 11061 11062 11063 11064 11065 11066 11067 11068 11069 11070 11071 11072 11073 11074 11075 11076 11077 11078 11079 11080 11081 11082 11083 11084 11085 11086 11087 11088 11089 11090 11091 11092 11093 11094 11095 11096 11097 11098 11099 11100 11101 11102 11103 11104 11105 11106 11107 11108 11109 11110 11111 11112 11113 11114 11115 11116 11117 11118 11119 11120 11121 11122 11123 11124 11125 11126 11127 11128 11129 11130 11131 11132 11133 11134 11135 11136 11137 11138 11139 11140 11141 11142 11143 11144 11145 11146 11147 11148 11149 11150 11151 11152 11153 11154 11155 11156 11157 11158 11159 11160 11161 11162 11163 11164 11165 11166 11167 11168 11169 11170 11171 11172 11173 11174 11175 11176 11177 11178 11179 11180 11181 11182 11183 11184 11185 11186 11187 11188 11189 11190 11191 11192 11193 11194 11195 11196 11197 11198 11199 11200 11201 11202 11203 11204 11205 11206 11207 11208 11209 11210 11211 11212 11213 11214 11215 11216 11217 11218 11219 11220 11221 11222 11223 11224 11225 11226 11227 11228 11229 11230 11231 11232 11233 11234 11235 11236 11237 11238 11239 11240 11241 11242 11243 11244 11245 11246 11247 11248 11249 11250 11251 11252 11253 11254 11255 11256 11257 11258 11259 11260 11261 11262 11263 11264 11265 11266 11267 11268 11269 11270 11271 11272 11273 11274 11275 11276 11277 11278 11279 11280 11281 11282 11283 11284 11285 11286 11287 11288 11289 11290 11291 11292 11293 11294 11295 11296 11297 11298 11299 11300 11301 11302 11303 11304 11305 11306 11307 11308 11309 11310 11311 11312 11313 11314 11315 11316 11317 11318 11319 11320 11321 11322 11323 11324 11325 11326 11327 11328 11329 11330 11331 11332 11333 11334 11335 11336 11337 11338 11339 11340 11341 11342 11343 11344 11345 11346 11347 11348 11349 11350 11351 11352 11353 11354 11355 11356 11357 11358 11359 11360 11361 11362 11363 11364 11365 11366 11367 11368 11369 11370 11371 11372 11373 11374 11375 11376 11377 11378 11379 11380 11381 11382 11383 11384 11385 11386 11387 11388 11389 11390 11391 11392 11393 11394 11395 11396 11397 11398 11399 11400 11401 11402 11403 11404 11405 11406 11407 11408 11409 11410 11411 11412 11413 11414 11415 11416 11417 11418 11419 11420 11421 11422 11423 11424 11425 11426 11427 11428 11429 11430 11431 11432 11433 11434 11435 11436 11437 11438 11439 11440 11441 11442 11443 11444 11445 11446 11447 11448 11449 11450 11451 11452 11453 11454 11455 11456 11457 11458 11459 11460 11461 11462 11463 11464 11465 11466 11467 11468 11469 11470 11471 11472 11473 11474 11475 11476 11477 11478 11479 11480 11481 11482 11483 11484 11485 11486 11487 11488 11489 11490 11491 11492 11493 11494 11495 11496 11497 11498 11499 11500 11501 11502 11503 11504 11505 11506 11507 11508 11509 11510 11511 11512 11513 11514 11515 11516 11517 11518 11519 11520 11521 11522 11523 11524 11525 11526 11527 11528 11529 11530 11531 11532 11533 11534 11535 11536 11537 11538 11539 11540 11541 11542 11543 11544 11545 11546 11547 11548 11549 11550 11551 11552 11553 11554 11555 11556 11557 11558 11559 11560 11561 11562 11563 11564 11565 11566 11567 11568 11569 11570 11571 11572 11573 11574 11575 11576 11577 11578 11579 11580 11581 11582 11583 11584 11585 11586 11587 11588 11589 11590 11591 11592 11593 11594 11595 11596 11597 11598 11599 11600 11601 11602 11603 11604 11605 11606 11607 11608 11609 11610 11611 11612 11613 11614 11615 11616 11617 11618 11619 11620 11621 11622 11623 11624 11625 11626 11627 11628 11629 11630 11631 11632 11633 11634 11635 11636 11637 11638 11639 11640 11641 11642 11643 11644 11645 11646 11647 11648 11649 11650 11651 11652 11653 11654 11655 11656 11657 11658 11659 11660 11661 11662 11663 11664 11665 11666 11667 11668 11669 11670 11671 11672 11673 11674 11675 11676 11677 11678 11679 11680 11681 11682 11683 11684 11685 11686 11687 11688 11689 11690 11691 11692 11693 11694 11695 11696 11697 11698 11699 11700 11701 11702 11703 11704 11705 11706 11707 11708 11709 11710 11711 11712 11713 11714 11715 11716 11717 11718 11719 11720 11721 11722 11723 11724 11725 11726 11727 11728 11729 11730 11731 11732 11733 11734 11735 11736 11737 11738 11739 11740 11741 11742 11743 11744 11745 11746 11747 11748 11749 11750 11751 11752 11753 11754 11755 11756 11757 11758 11759 11760 11761 11762 11763 11764 11765 11766 11767 11768 11769 11770 11771 11772 11773 11774 11775 11776 11777 11778 11779 11780 11781 11782 11783 11784 11785 11786 11787 11788 11789 11790 11791 11792 11793 11794 11795 11796 11797 11798 11799 11800 11801 11802 11803 11804 11805 11806 11807 11808 11809 11810 11811 11812 11813 11814 11815 11816 11817 11818 11819 11820 11821 11822 11823 11824 11825 11826 11827 11828 11829 11830 11831 11832 11833 11834 11835 11836 11837 11838 11839 11840 11841 11842 11843 11844 11845 11846 11847 11848 11849 11850 11851 11852 11853 11854 11855 11856 11857 11858 11859 11860 11861 11862 11863 11864 11865 11866
v 18706.158 -16933.842 6000.000
v 18720.000 -17064.555 6000.000
v 18799.408 -17208.000 6000.000
v 18864.000 -17296.594 6000.000
v 18864.000 -16553.510 6000.000
v 18747.336 -16604.664 6000.000
v 18720.000 -16621.057 6000.000
v 18705.736 -16646.264 6000.000
v 18682.486 -16704.000 6000.000
v 18677.102 -16776.000 6000.000
v 18706.158 -16933.842 6000.000
l 11867 11868 11869 11870 11871 11872 11873 11874 11875 11876 11877
v -17997.863 -5397.864 6000.000
v -18000.000 -5438.153 6000.000
v -17997.863 -5397.864 6000.000
l 11878 11879 11880
v -7642.432 9997.568 6000.000
v -7679.867 10032.133 6000.000
v -7816.801 10111.199 6000.000
v -7916.174 10227.826 6000.000
v -7972.262 10315.738 6000.000
v -7980.024 10379.976 6000.000
v -8034.239 10469.761 6000.000
v -8045.880 10530.120 6000.000
v -8105.426 10614.574 6000.000
v -8146.565 10656.000 6000.000
v -8174.410 10728.000 6000.000
v -8161.834 10800.000 6000.000
v -8136.000 10850.057 6000.000
v -8112.386 10872.000 6000.000
v -7934.735 10929.265 6000.000
v -7848.000 10923.210 6000.000
v -7757.458 10890.542 6000.000
v -7488.000 10747.562 6000.000
v -7416.000 10735.418 6000.000
v -7217.207 10800.000 6000.000
v -7128.000 10814.216 6000.000
v -7056.000 10842.300 6000.000
v -6932.618 10851.383 6000.000
v -6840.000 10842.022 6000.000
v -6566.842 10857.158 6000.000
v -6509.635 10842.365 6000.000
v -6480.000 10824.112 6000.000
v -6445.815 10834.185 6000.000
v -6408.000 10805.999 6000.000
v -6394.149 10872.000 6000.000
v -6408.000 10893.656 6000.000
v -6480.000 10908.443 6000.000
v -6552.000 10890.605 6000.000
v -6672.395 10895.605 6000.000
v -6725.856 10914.144 6000.000
v -6730.301 10944.000 6000.000
v -6840.000 10996.153 6000.000
v -6860.562 10995.438 6000.000
v -7093.598 11122.401 6000.000
v -7214.930 11160.000 6000.000
v -7416.000 11296.518 6000.000
v -7488.000 11289.777 6000.000
v -7560.000 11270.509 6000.000
v -7731.490 11276.510 6000.000
v -7920.000 11392.246 6000.000
v -7992.000 11454.352 6000.000
v -8045.092 11466.908 6000.000
v -8141.204 11586.796 6000.000
v -8262.713 11609.287 6000.000
v -8311.971 11632.029 6000.000
v -8439.054 11648.946 6000.000
v -8523.497 11708.503 6000.000
v -8603.794 11844.206 6000.000
v -8684.938 11952.000 6000.000
v -8784.000 12163.755 6000.000
v -8799.861 12240.000 6000.000
v -8817.325 12278.675 6000.000
v -8853.631 12314.369 6000.000
v -8905.084 12334.916 6000.000
v -9072.000 12363.824 6000.000
v -9110.638 12384.000 6000.000
v -9908.835 12384.000 6000.000
v -9881.575 12312.000 6000.000
v -9873.324 12158.676 6000.000
v -9858.734 12096.000 6000.000
v -9837.868 12050.132 6000.000
v -9777.684 11966.316 6000.000
v -9757.980 11914.020 6000.000
v -9671.105 11856.895 6000.000
v -9643.114 11812.886 6000.000
v -9576.000 11775.771 6000.000
v -9530.080 11709.920 6000.000
v -9430.273 11664.000 6000.000
v -9409.269 11614.731 6000.000
v -9295.285 11440.715 6000.000
v -9225.465 11376.000 6000.000
v -9167.265 11280.735 6000.000
v -9119.384 11232.000 6000.000
v -9043.118 11116.882 6000.000
v -8964.744 11051.256 6000.000
v -8895.522 10904.478 6000.000
v -8856.736 10871.264 6000.000
v -8814.201 10769.799 6000.000
v -8784.997 10727.003 6000.000
v -8760.201 10607.799 6000.000
v -8739.866 10556.134 6000.000
v -8703.227 10520.773 6000.000
v -8591.094 10368.000 6000.000
v -8554.480 10296.000 6000.000
v -8556.891 10224.000 6000.000
v -8594.080 10152.000 6000.000
v -8640.000 10095.979 6000.000
v -8712.000 10065.516 6000.000
v -8856.000 10079.599 6000.000
v -8962.123 10117.877 6000.000
v -9083.730 10140.270 6000.000
v -9216.000 10178.345 6000.000
v -9254.531 10152.000 6000.000
v -9270.677 10025.323 6000.000
v -9259.493 9936.000 6000.000
v -9217.155 9862.845 6000.000
v -9117.009 9746.991 6000.000
v -9038.771 9609.229 6000.000
v -8977.001 9432.000 6000.000
v -8960.812 9360.000 6000.000
v -8954.201 9261.799 6000.000
v -8910.781 9161.219 6000.000
v -8856.000 9136.511 6000.000
v -8820.330 9107.670 6000.000
v -8760.091 9095.909 6000.000
v -8352.000 9107.729 6000.000
v -8280.000 9123.394 6000.000
v -8237.508 9144.000 6000.000
v -8208.000 9185.433 6000.000
v -8198.229 9216.000 6000.000
v -8064.000 9397.697 6000.000
v -7934.579 9504.000 6000.000
v -7776.000 9616.624 6000.000
v -7704.000 9644.240 6000.000
v -7671.045 9720.000 6000.000
v -7619.283 9792.000 6000.000
v -7525.616 9864.000 6000.000
v -7506.794 9917.206 6000.000
v -7516.902 9936.000 6000.000
v -7601.115 9966.885 6000.000
v -7642.432 9997.568 6000.000
l 11881 11882 11883 11884 11885 11886 11887 11888 11889 11890 11891 11892 11893 11894 11895 11896 11897 11898 11899 11900 11901 11902 11903 11904 11905 11906 11907 11908 11909 11910 11911 11912 11913 11914 11915 11916 11917 11918 11919 11920 11921 11922 11923 11924 11925 11926 11927 11928 11929 11930 11931 11932 11933 11934 11935 11936 11937 11938 11939 11940 11941 11942 11943 11944 11945 11946 11947 11948 11949 11950 11951 11952 11953 11954 11955 11956 11957 11958 11959 11960 11961 11962 11963 11964 11965 11966 11967 11968 11969 11970 11971 11972 11973 11974 11975 11976 11977 11978 11979 11980 11981 11982 11983 11984 11985 11986 11987 11988 11989 11990 11991 11992 11993 11994 11995 11996 11997 11998 11999 12000 12001 12002 12003 12004 12005 12006
v 7560.000 12069.577 6000.000
v 7632.000 12095.063 6000.000
v 7690.781 12082.781 6000.000
v 7776.000 12082.014 6000.000
v 7848.000 12059.898 6000.000
v 7909.528 12096.000 6000.000
v 7931.980 12168.000 6000.000
v 7918.752 12238.752 6000.000
v 7852.805 12316.805 6000.000
v 7713.687 12384.000 6000.000
v 7117.153 12384.000 6000.000
v 7151.578 12335.577 6000.000
v 7190.013 12302.014 6000.000
v 7272.000 12274.550 6000.000
v 7331.779 12227.779 6000.000
v 7364.978 12188.978 6000.000
v 7416.000 12153.056 6000.000
v 7510.734 12118.734 6000.000
v 7560.000 12069.577 6000.000
l 12007 12008 12009 12010 12011 12012 12013 12014 12015 12016 12017 12018 12019 12020 12021 12022 12023 12024 12025
v 283.826 12379.826 6000.000
v 327.965 12384.000 6000.000
v 283.826 12379.826 6000.000
l 12026 12027 12028
v 4391.396 -23040.604 6000.000
v 4485.324 -23112.000 6000.000
v 4517.372 -23202.627 6000.000
v 4608.000 -23292.395 6000.000
v 4680.000 -23325.102 6000.000
v 4752.000 -23304.271 6000.000
v 4825.350 -23326.650 6000.000
v 4818.601 -23400.000 6000.000
v 4752.000 -23454.822 6000.000
v 4608.000 -23510.771 6000.000
v 4536.000 -23554.357 6000.000
v 4462.403 -23545.598 6000.000
v 4329.771 -23462.229 6000.000
v 4290.443 -23357.557 6000.000
v 4268.246 -23328.000 6000.000
v 4248.000 -23309.533 6000.000
v 4152.079 -23279.920 6000.000
v 4120.478 -23239.521 6000.000
v 4097.178 -23184.000 6000.000
v 4108.343 -23112.000 6000.000
v 4176.000 -23042.592 6000.000
v 4320.000 -23023.980 6000.000
v 4391.396 -23040.604 6000.000
l 12029 12030 12031 12032 12033 12034 12035 12036 12037 12038 12039 12040 12041 12042 12043 12044 12045 12046 12047 12048 12049 12050 12051
v 3744.000 -22683.350 6000.000
v 3753.271 -22742.729 6000.000
v 3766.827 -22752.000 6000.000
v 3744.000 -22788.010 6000.000
v 3711.922 -22752.000 6000.000
v 3744.000 -22683.350 6000.000
l 12052 12053 12054 12055 12056 12057
v -5040.000 -22272.830 6000.000
v -4982.573 -22262.572 6000.000
v -4968.000 -22273.186 6000.000
v -4923.943 -22275.943 6000.000
v -4889.935 -22313.936 6000.000
v -4904.360 -22392.000 6000.000
v -4968.000 -22499.395 6000.000
v -5040.000 -22493.686 6000.000
v -5112.000 -22468.824 6000.000
v -5159.022 -22439.023 6000.000
v -5274.110 -22392.000 6000.000
v -5205.174 -22320.000 6000.000
v -5040.000 -22272.830 6000.000
l 12058 12059 12060 12061 12062 12063 12064 12065 12066 12067 12068 12069 12070
v -3595.142 -21451.143 6000.000
v -3593.391 -21600.000 6000.000
v -3600.000 -21615.875 6000.000
v -3672.000 -21659.947 6000.000
v -3748.319 -21676.318 6000.000
v -3821.306 -21677.307 6000.000
v -3672.000 -21440.729 6000.000
v -3606.716 -21390.717 6000.000
v -3595.142 -21451.143 6000.000
l 12071 12072 12073 12074 12075 12076 12077 12078 12079
v 4896.000 -12803.596 6000.000
v 4923.012 -12788.988 6000.000
v 4942.407 -12816.000 6000.000
v 4882.480 -12888.000 6000.000
v 4883.564 -12900.436 6000.000
v 4842.521 -12960.000 6000.000
v 4824.000 -12983.435 6000.000
v 4744.150 -13032.000 6000.000
v 4673.134 -13104.000 6000.000
v 4597.199 -13248.000 6000.000
v 4600.070 -13320.000 6000.000
v 4582.514 -13345.486 6000.000
v 4573.414 -13392.000 6000.000
v 4464.000 -13413.521 6000.000
v 4392.000 -13397.386 6000.000
v 4334.650 -13377.350 6000.000
v 4290.165 -13349.836 6000.000
v 4264.312 -13320.000 6000.000
v 4268.601 -13248.000 6000.000
v 4392.000 -13126.052 6000.000
v 4536.000 -13038.063 6000.000
v 4608.000 -12974.624 6000.000
v 4680.000 -12946.985 6000.000
v 4752.000 -12880.406 6000.000
v 4824.000 -12859.796 6000.000
v 4896.000 -12803.596 6000.000
l 12080 12081 12082 12083 12084 12085 12086 12087 12088 12089 12090 12091 12092 12093 12094 12095 12096 12097 12098 12099 12100 12101 12102 12103 12104 12105
v -4032.000 -11209.574 6000.000
v -3995.609 -11195.608 6000.000
v -3943.148 -11215.148 6000.000
v -3976.410 -11304.000 6000.000
v -3978.310 -11376.000 6000.000
v -3989.639 -11405.639 6000.000
v -3984.116 -11448.000 6000.000
v -4032.000 -11498.602 6000.000
v -4116.171 -11460.171 6000.000
v -4156.671 -11376.000 6000.000
v -4154.276 -11354.275 6000.000
v -4215.137 -11304.000 6000.000
v -4176.000 -11255.314 6000.000
v -4126.499 -11232.000 6000.000
v -4032.000 -11209.574 6000.000
l 12106 12107 12108 12109 12110 12111 12112 12113 12114 12115 12116 12117 12118 12119 12120
v -4248.000 -11228.546 6000.000
v -4228.086 -11232.000 6000.000
v -4248.000 -11244.889 6000.000
v -4263.909 -11232.000 6000.000
v -4248.000 -11228.546 6000.000
l 12121 12122 12123 12124 12125
v -4680.000 -11078.208 6000.000
v -4660.778 -11088.000 6000.000
v -4680.000 -11096.312 6000.000
v -4708.304 -11088.000 6000.000
v -4680.000 -11078.208 6000.000
l 12126 12127 12128 12129 12130
v -13069.966 -9109.966 6000.000
v -13016.215 -9128.215 6000.000
v -12940.762 -9196.762 6000.000
v -12921.437 -9288.000 6000.000
v -12890.484 -9360.000 6000.000
v -12877.343 -9421.343 6000.000
v -12831.354 -9504.000 6000.000
v -12720.237 -9552.237 6000.000
v -12681.532 -9585.532 6000.000
v -12646.786 -9622.786 6000.000
v -12592.647 -9712.647 6000.000
v -12556.369 -9748.369 6000.000
v -12482.907 -9864.000 6000.000
v -12430.293 -9982.293 6000.000
v -12399.019 -10023.019 6000.000
v -12416.006 -10112.006 6000.000
v -12417.718 -10185.718 6000.000
v -12402.378 -10242.378 6000.000
v -12376.887 -10288.887 6000.000
v -12399.148 -10368.000 6000.000
v -12367.436 -10423.436 6000.000
v -12358.520 -10486.520 6000.000
v -12310.470 -10510.470 6000.000
v -12275.383 -10547.383 6000.000
v -12119.135 -10607.135 6000.000
v -12090.747 -10722.747 6000.000
v -12053.276 -10800.000 6000.000
v -12065.302 -10841.302 6000.000
v -12048.070 -10872.000 6000.000
v -12096.000 -10900.107 6000.000
v -12168.000 -10886.354 6000.000
v -12225.751 -10857.751 6000.000
v -12312.000 -10839.359 6000.000
v -12381.076 -10800.000 6000.000
v -12405.438 -10749.438 6000.000
v -12446.608 -10728.000 6000.000
v -12422.282 -10622.282 6000.000
v -12423.898 -10584.000 6000.000
v -12435.135 -10563.135 6000.000
v -12549.260 -10533.260 6000.000
v -12594.770 -10506.770 6000.000
v -12548.274 -10368.000 6000.000
v -12548.644 -10296.000 6000.000
v -12563.873 -10259.873 6000.000
v -12600.000 -10229.343 6000.000
v -12664.729 -10144.729 6000.000
v -12794.653 -10058.653 6000.000
v -12830.153 -10022.153 6000.000
v -12893.896 -9936.000 6000.000
v -12914.476 -9890.476 6000.000
v -12958.151 -9864.000 6000.000
v -13025.306 -9857.306 6000.000
v -13032.000 -9844.487 6000.000
v -13125.908 -9813.908 6000.000
v -13156.922 -9792.000 6000.000
v -13117.184 -9720.000 6000.000
v -13111.096 -9648.000 6000.000
v -13151.194 -9623.194 6000.000
v -13185.165 -9576.000 6000.000
v -13168.519 -9496.519 6000.000
v -13166.396 -9432.000 6000.000
v -13116.708 -9360.000 6000.000
v -13094.080 -9278.080 6000.000
v -13101.689 -9213.689 6000.000
v -13147.032 -9144.000 6000.000
v -13104.000 -9090.981 6000.000
v -13069.966 -9109.966 6000.000
l 12131 12132 12133 12134 12135 12136 12137 12138 12139 12140 12141 12142 12143 12144 12145 12146 12147 12148 12149 12150 12151 12152 12153 12154 12155 12156 12157 12158 12159 12160 12161 12162 12163 12164 12165 12166 12167 12168 12169 12170 12171 12172 12173 12174 12175 12176 12177 12178 12179 12180 12181 12182 12183 12184 12185 12186 12187 12188 12189 12190 12191 12192 12193 12194 12195 12196 12197
v 5112.000 -10561.667 6000.000
v 5173.778 -10522.223 6000.000
v 5147.014 -10584.000 6000.000
v 5053.610 -10656.000 6000.000
v 4960.709 -10663.291 6000.000
v 5040.000 -10573.597 6000.000
v 5068.507 -10555.492 6000.000
v 5112.000 -10561.667 6000.000
l 12198 12199 12200 12201 12202 12203 12204 12205
v -6840.000 -10355.825 6000.000
v -6840.000 -10378.002 6000.000
v -6870.493 -10368.000 6000.000
v -6840.000 -10355.825 6000.000
l 12206 12207 12208 12209
v -5571.104 3096.000 6000.000
v -5365.464 3058.536 6000.000
v -5296.686 3055.315 6000.000
v -5256.000 3065.866 6000.000
v -5138.685 3069.315 6000.000
v -5008.961 3055.039 6000.000
v -4968.000 3041.284 6000.000
v -4878.401 3041.599 6000.000
v -4824.000 3052.007 6000.000
v -4741.491 3034.509 6000.000
v -4737.275 3024.000 6000.000
v -4824.000 2939.358 6000.000
v -4896.000 2919.473 6000.000
v -4968.000 2864.939 6000.000
v -5067.940 2808.000 6000.000
v -5112.000 2740.282 6000.000
v -5184.000 2694.706 6000.000
v -5202.960 2664.000 6000.000
v -5277.398 2592.000 6000.000
v -5328.000 2507.951 6000.000
v -5472.000 2423.535 6000.000
v -5544.000 2411.677 6000.000
v -5616.000 2385.498 6000.000
v -5688.000 2300.089 6000.000
v -5760.000 2156.563 6000.000
v -5832.000 2146.487 6000.000
v -5904.000 2159.561 6000.000
v -5957.838 2178.162 6000.000
v -5976.000 2199.022 6000.000
v -6059.137 2220.863 6000.000
v -6120.000 2222.689 6000.000
v -6244.553 2304.000 6000.000
v -6336.000 2385.504 6000.000
v -6408.000 2375.396 6000.000
v -6674.144 2232.000 6000.000
v -6728.878 2160.000 6000.000
v -6762.405 2088.000 6000.000
v -6764.623 2016.000 6000.000
v -6748.940 1963.060 6000.000
v -6746.677 1872.000 6000.000
v -6702.019 1721.981 6000.000
v -6665.624 1656.000 6000.000
v -6645.251 1512.000 6000.000
v -6603.722 1460.278 6000.000
v -6521.923 1326.077 6000.000
v -6418.402 1213.598 6000.000
v -6341.471 1152.000 6000.000
v -6310.023 1105.977 6000.000
v -6242.823 1080.000 6000.000
v -6242.377 1029.623 6000.000
v -6192.000 1040.409 6000.000
v -6174.707 1025.293 6000.000
v -6123.824 1008.000 6000.000
v -6128.697 999.303 6000.000
v -6120.000 1004.305 6000.000
v -6092.846 963.154 6000.000
v -6043.637 940.363 6000.000
v -6019.943 892.057 6000.000
v -5962.804 864.000 6000.000
v -5945.285 822.715 6000.000
v -5886.314 809.686 6000.000
v -5784.096 767.904 6000.000
v -5616.000 791.263 6000.000
v -5328.000 884.965 6000.000
v -5040.000 955.864 6000.000
v -4892.061 1011.939 6000.000
v -4748.524 1080.000 6000.000
v -4681.317 1152.000 6000.000
v -4608.000 1257.149 6000.000
v -4553.970 1296.000 6000.000
v -4399.237 1360.763 6000.000
v -4320.000 1376.757 6000.000
v -4248.000 1421.192 6000.000
v -4139.455 1512.000 6000.000
v -4055.521 1560.480 6000.000
v -3816.000 1628.413 6000.000
v -3672.000 1652.254 6000.000
v -3618.390 1728.000 6000.000
v -3600.000 1785.551 6000.000
v -3581.944 1746.056 6000.000
v -3528.000 1713.659 6000.000
v -3498.901 1656.000 6000.000
v -3384.000 1498.503 6000.000
v -3312.000 1446.141 6000.000
v -3205.747 1330.253 6000.000
v -3125.996 1266.004 6000.000
v -3070.359 1249.641 6000.000
v -2975.673 1200.327 6000.000
v -2880.000 1181.740 6000.000
v -2808.000 1190.849 6000.000
v -2701.999 1224.000 6000.000
v -2624.983 1296.000 6000.000
v -2592.000 1313.601 6000.000
v -2475.512 1440.000 6000.000
v -2359.929 1584.000 6000.000
v -2088.000 1758.596 6000.000
v -1944.346 1800.000 6000.000
v -1928.650 1872.000 6000.000
v -1872.000 1943.783 6000.000
v -1800.000 1990.214 6000.000
v -1724.318 2016.000 6000.000
v -1610.427 2160.000 6000.000
v -1440.000 2351.782 6000.000
v -1413.073 2330.927 6000.000
v -1368.000 2325.885 6000.000
v -1153.138 2230.863 6000.000
v -1076.141 2235.859 6000.000
v -1008.000 2221.246 6000.000
v -864.000 2252.288 6000.000
v -720.000 2181.211 6000.000
v -504.000 2128.199 6000.000
v -288.000 2145.238 6000.000
v -216.000 2180.521 6000.000
v -144.000 2232.030 6000.000
v -71.781 2232.219 6000.000
v 38.734 2198.734 6000.000
v 180.122 2196.122 6000.000
v 288.000 2214.697 6000.000
v 432.000 2254.466 6000.000
v 576.000 2264.778 6000.000
v 711.272 2295.272 6000.000
v 872.851 2304.000 6000.000
v 1008.000 2368.788 6000.000
v 1080.000 2515.923 6000.000
v 1152.000 2611.548 6000.000
v 1246.929 2664.000 6000.000
v 1266.535 2736.000 6000.000
v 1263.091 2775.091 6000.000
v 1249.233 2833.233 6000.000
v 1224.104 2880.000 6000.000
v 1296.000 3004.524 6000.000
v 1368.000 3049.858 6000.000
v 1400.009 3168.000 6000.000
v 1440.000 3217.872 6000.000
v 1483.605 3312.000 6000.000
v 1584.000 3402.754 6000.000
v 1656.000 3490.561 6000.000
v 1800.000 3620.300 6000.000
v 1944.000 3797.940 6000.000
v 2160.000 3943.325 6000.000
v 2284.239 4104.000 6000.000
v 2311.855 4183.854 6000.000
v 2317.962 4248.000 6000.000
v 2290.975 4378.975 6000.000
v 2209.411 4441.411 6000.000
v 2088.000 4490.699 6000.000
v 1988.267 4508.267 6000.000
v 1944.000 4503.187 6000.000
v 1872.000 4519.935 6000.000
v 1728.000 4527.942 6000.000
v 1656.000 4511.870 6000.000
v 1584.000 4472.527 6000.000
v 1440.000 4460.912 6000.000
v 1371.833 4467.833 6000.000
v 1316.634 4484.634 6000.000
v 1070.400 4598.400 6000.000
v 982.434 4608.000 6000.000
v 966.970 4638.970 6000.000
v 985.431 4680.000 6000.000
v 1080.000 4715.690 6000.000
v 1224.000 4793.394 6000.000
v 1258.378 4824.000 6000.000
v 1504.563 4968.000 6000.000
v 1587.214 5040.000 6000.000
v 1653.130 5112.000 6000.000
v 1678.349 5184.000 6000.000
v 1851.081 5400.000 6000.000
v 2016.000 5536.493 6000.000
v 2160.000 5625.567 6000.000
v 2220.882 5688.000 6000.000
v 2304.000 5862.925 6000.000
v 2376.000 5939.973 6000.000
v 2393.724 5921.724 6000.000
v 2448.000 5913.754 6000.000
v 2499.972 5883.972 6000.000
v 2592.000 5900.240 6000.000
v 2664.000 5968.411 6000.000
v 2736.000 6014.427 6000.000
v 2858.118 6048.000 6000.000
v 2952.000 6093.069 6000.000
v 3024.000 6153.594 6000.000
v 3089.055 6192.000 6000.000
v 3143.615 6264.000 6000.000
v 3168.000 6363.091 6000.000
v 3183.203 6480.000 6000.000
v 3240.000 6627.105 6000.000
v 3312.000 6638.855 6000.000
v 3340.713 6624.000 6000.000
v 3360.375 6600.375 6000.000
v 3384.000 6598.999 6000.000
v 3462.142 6558.142 6000.000
v 3500.620 6524.620 6000.000
v 3600.000 6509.163 6000.000
v 3667.594 6475.594 6000.000
v 3777.937 6441.937 6000.000
v 3823.155 6415.155 6000.000
v 3888.000 6345.221 6000.000
v 3989.258 6293.258 6000.000
v 4248.000 6239.521 6000.000
v 4608.000 6355.292 6000.000
v 4836.733 6408.000 6000.000
v 4896.000 6434.186 6000.000
v 4943.133 6480.000 6000.000
v 4969.375 6552.000 6000.000
v 5013.020 6624.000 6000.000
v 5144.310 6768.000 6000.000
v 5176.828 6840.000 6000.000
v 5234.882 7034.882 6000.000
v 5243.374 7115.374 6000.000
v 5220.221 7200.000 6000.000
v 5219.747 7235.747 6000.000
v 5178.789 7272.000 6000.000
v 5151.539 7344.000 6000.000
v 5184.000 7368.451 6000.000
v 5192.934 7352.934 6000.000
v 5217.504 7344.000 6000.000
v 5195.354 7283.354 6000.000
v 5256.000 7317.775 6000.000
v 5294.531 7272.000 6000.000
v 5294.059 7238.059 6000.000
v 5328.000 7220.753 6000.000
v 5339.693 7200.000 6000.000
v 5343.038 7128.000 6000.000
v 5358.375 7086.375 6000.000
v 5385.655 7041.655 6000.000
v 5423.815 7007.815 6000.000
v 5483.888 6912.000 6000.000
v 5492.636 6840.000 6000.000
v 5485.261 6768.000 6000.000
v 5490.358 6714.358 6000.000
v 5531.069 6683.069 6000.000
v 5592.792 6672.792 6000.000
v 5635.555 6643.555 6000.000
v 5700.614 6552.000 6000.000
v 5832.000 6456.091 6000.000
v 5922.646 6408.000 6000.000
v 5986.052 6346.052 6000.000
v 6111.030 6327.030 6000.000
v 6264.000 6264.047 6000.000
v 6336.000 6245.838 6000.000
v 6480.000 6230.492 6000.000
v 6552.000 6237.349 6000.000
v 6768.000 6306.200 6000.000
v 6840.000 6340.858 6000.000
v 6912.000 6398.450 6000.000
v 6984.000 6421.348 6000.000
v 7012.266 6292.266 6000.000
v 7036.855 6264.000 6000.000
v 7093.492 6229.492 6000.000
v 7128.000 6190.732 6000.000
v 7173.498 6165.498 6000.000
v 7205.230 6125.230 6000.000
v 7228.186 5904.000 6000.000
v 7271.832 5760.000 6000.000
v 7271.833 5687.833 6000.000
v 7249.618 5521.618 6000.000
v 7223.178 5400.000 6000.000
v 7200.000 5344.931 6000.000
v 7056.000 5272.359 6000.000
v 6984.000 5198.583 6000.000
v 6939.863 5112.000 6000.000
v 6887.458 4968.000 6000.000
v 6847.111 4896.000 6000.000
v 6836.251 4824.000 6000.000
v 6839.422 4751.422 6000.000
v 6822.423 4680.000 6000.000
v 6812.150 4536.000 6000.000
v 6838.320 4320.000 6000.000
v 6835.151 4248.000 6000.000
v 6823.224 4176.000 6000.000
v 6768.000 4049.478 6000.000
v 6722.301 3816.000 6000.000
v 6696.869 3744.000 6000.000
v 6690.095 3456.000 6000.000
v 6696.000 3431.441 6000.000
v 6724.471 3412.471 6000.000
v 6734.673 3384.000 6000.000
v 6754.653 3370.653 6000.000
v 6767.236 3311.236 6000.000
v 6821.407 3293.407 6000.000
v 6833.822 3240.000 6000.000
v 6865.170 3193.170 6000.000
v 6874.537 3096.000 6000.000
v 6848.929 3032.929 6000.000
v 6856.009 3024.000 6000.000
v 6840.000 3013.927 6000.000
v 6585.749 2913.749 6000.000
v 6552.000 2912.896 6000.000
v 6480.000 2888.561 6000.000
v 6408.000 2894.818 6000.000
v 6353.879 2969.879 6000.000
v 6302.295 3168.000 6000.000
v 6250.114 3298.115 6000.000
v 6240.854 3360.854 6000.000
v 6221.084 3413.084 6000.000
v 6188.120 3456.000 6000.000
v 6167.203 3503.203 6000.000
v 6091.705 3571.705 6000.000
v 5998.459 3622.459 6000.000
v 5847.416 3744.000 6000.000
v 5721.448 3777.448 6000.000
v 5479.300 3751.300 6000.000
v 5400.000 3705.943 6000.000
v 5362.349 3672.000 6000.000
v 5315.702 3600.000 6000.000
v 5176.208 3528.000 6000.000
v 5124.980 3456.000 6000.000
v 5107.547 3384.000 6000.000
v 5065.114 3312.000 6000.000
v 5040.000 3287.292 6000.000
v 4968.000 3251.061 6000.000
v 4857.613 3273.613 6000.000
v 4767.811 3255.811 6000.000
v 4699.222 3259.222 6000.000
v 4582.505 3286.505 6000.000
v 4446.155 3366.155 6000.000
v 4344.792 3480.793 6000.000
v 4320.000 3530.536 6000.000
v 4151.530 3503.530 6000.000
v 4081.240 3505.240 6000.000
v 4029.059 3525.059 6000.000
v 3991.275 3559.275 6000.000
v 3888.000 3588.039 6000.000
v 3672.000 3549.117 6000.000
v 3641.127 3569.127 6000.000
v 3555.350 3699.350 6000.000
v 3528.000 3710.946 6000.000
v 3312.000 3610.036 6000.000
v 3213.780 3528.000 6000.000
v 3164.736 3456.000 6000.000
v 3186.126 3384.000 6000.000
v 3162.924 3234.924 6000.000
v 3187.335 3168.000 6000.000
v 3240.872 3096.872 6000.000
v 3280.099 3024.000 6000.000
v 3370.062 2938.062 6000.000
v 3394.262 2880.000 6000.000
v 3432.724 2856.724 6000.000
v 3475.965 2808.000 6000.000
v 3551.627 2759.627 6000.000
v 3580.963 2716.963 6000.000
v 3624.483 2688.483 6000.000
v 3688.425 2608.425 6000.000
v 3742.682 2518.682 6000.000
v 3853.019 2485.019 6000.000
v 4000.311 2416.311 6000.000
v 4225.854 2281.854 6000.000
v 4267.041 2232.000 6000.000
v 4334.118 2016.000 6000.000
v 4358.836 1982.836 6000.000
v 4373.795 1925.795 6000.000
v 4402.313 1872.000 6000.000
v 4392.000 1835.886 6000.000
v 4363.092 1800.000 6000.000
v 4259.031 1728.000 6000.000
v 4104.000 1679.537 6000.000
v 3960.000 1686.235 6000.000
v 3904.663 1672.663 6000.000
v 3840.418 1680.418 6000.000
v 3744.000 1659.968 6000.000
v 3672.000 1656.493 6000.000
v 3562.458 1690.458 6000.000
v 3462.771 1734.771 6000.000
v 3217.101 1777.101 6000.000
v 3024.000 1760.767 6000.000
v 2952.000 1774.044 6000.000
v 2922.377 1770.377 6000.000
v 2880.000 1762.623 6000.000
v 2736.000 1693.838 6000.000
v 2664.000 1640.709 6000.000
v 2592.000 1568.773 6000.000
v 2559.620 1512.000 6000.000
v 2535.941 1440.000 6000.000
v 2532.887 1368.000 6000.000
v 2553.541 1329.541 6000.000
v 2574.449 1206.449 6000.000
v 2594.571 1152.000 6000.000
v 2647.243 1063.243 6000.000
v 2785.685 936.000 6000.000
v 2851.702 835.702 6000.000
v 2893.058 792.000 6000.000
v 2914.986 720.000 6000.000
v 2923.237 576.000 6000.000
v 2906.420 504.000 6000.000
v 2815.356 360.000 6000.000
v 2798.000 288.000 6000.000
v 2711.417 72.000 6000.000
v 2736.781 -72.000 6000.000
v 2777.146 -216.000 6000.000
v 2776.630 -247.370 6000.000
v 2744.649 -360.000 6000.000
v 2696.170 -432.000 6000.000
v 2663.660 -504.000 6000.000
v 2671.327 -576.000 6000.000
v 2698.238 -648.000 6000.000
v 2715.485 -740.515 6000.000
v 2703.794 -864.000 6000.000
v 2675.777 -924.223 6000.000
v 2634.909 -1080.000 6000.000
v 2605.041 -1152.000 6000.000
v 2520.000 -1278.936 6000.000
v 2304.000 -1521.613 6000.000
v 2143.180 -1656.000 6000.000
v 2016.000 -1718.976 6000.000
v 1944.000 -1814.189 6000.000
v 1872.000 -1845.353 6000.000
v 1800.000 -1850.708 6000.000
v 1656.000 -1823.352 6000.000
v 1584.000 -1830.372 6000.000
v 1512.000 -1857.220 6000.000
v 1368.000 -1993.898 6000.000
v 1296.000 -2114.916 6000.000
v 1187.148 -2124.852 6000.000
v 1080.000 -2113.868 6000.000
v 1008.000 -2081.465 6000.000
v 975.182 -2048.818 6000.000
v 936.000 -2032.734 6000.000
v 864.000 -2036.165 6000.000
v 777.197 -2088.000 6000.000
v 715.882 -2160.000 6000.000
v 701.715 -2250.285 6000.000
v 705.703 -2304.000 6000.000
v 684.974 -2376.000 6000.000
v 576.000 -2510.652 6000.000
v 556.974 -2520.000 6000.000
v 504.000 -2534.000 6000.000
v 370.858 -2509.142 6000.000
v 211.767 -2524.233 6000.000
v 158.645 -2505.355 6000.000
v 112.481 -2407.519 6000.000
v 31.568 -2344.432 6000.000
v -72.000 -2204.773 6000.000
v -99.375 -2187.375 6000.000
v -156.105 -2172.105 6000.000
v -279.763 -2151.763 6000.000
v -432.000 -2165.533 6000.000
v -504.000 -2187.028 6000.000
v -576.000 -2227.877 6000.000
v -629.108 -2304.000 6000.000
v -653.532 -2376.000 6000.000
v -700.220 -2448.000 6000.000
v -864.000 -2664.144 6000.000
v -936.000 -2738.976 6000.000
v -1008.000 -2769.754 6000.000
v -1058.034 -2808.000 6000.000
v -1152.000 -2909.271 6000.000
v -1179.984 -2952.000 6000.000
v -1229.418 -3096.000 6000.000
v -1296.000 -3177.700 6000.000
v -1356.057 -3312.000 6000.000
v -1350.203 -3384.000 6000.000
v -1296.000 -3500.225 6000.000
v -1266.710 -3600.000 6000.000
v -1252.615 -3816.000 6000.000
v -1252.323 -3960.000 6000.000
v -1274.272 -4032.000 6000.000
v -1282.283 -4104.000 6000.000
v -1273.391 -4176.000 6000.000
v -1286.895 -4248.000 6000.000
v -1318.227 -4320.000 6000.000
v -1404.341 -4464.000 6000.000
v -1440.000 -4501.878 6000.000
v -1584.000 -4601.849 6000.000
v -1728.000 -4656.660 6000.000
v -1800.000 -4715.228 6000.000
v -1872.000 -4752.977 6000.000
v -1944.000 -4754.375 6000.000
v -2016.000 -4741.614 6000.000
v -2088.000 -4762.463 6000.000
v -2104.118 -4752.000 6000.000
v -2117.189 -4709.189 6000.000
v -2160.000 -4694.161 6000.000
v -2172.770 -4620.770 6000.000
v -2232.536 -4536.536 6000.000
v -2276.520 -4436.520 6000.000
v -2304.000 -4338.295 6000.000
v -2363.418 -4235.418 6000.000
v -2392.420 -4104.000 6000.000
v -2432.339 -4016.339 6000.000
v -2504.413 -3944.413 6000.000
v -2559.448 -3927.448 6000.000
v -2634.887 -3888.000 6000.000
v -2808.000 -3834.544 6000.000
v -2845.423 -3781.423 6000.000
v -2858.505 -3744.000 6000.000
v -2852.611 -3672.000 6000.000
v -2736.000 -3557.524 6000.000
v -2592.000 -3461.533 6000.000
v -2461.359 -3312.000 6000.000
v -2412.025 -3240.000 6000.000
v -2376.000 -3162.913 6000.000
v -2232.000 -3046.733 6000.000
v -2160.000 -3006.748 6000.000
v -2068.458 -2880.000 6000.000
v -2016.000 -2823.778 6000.000
v -1897.683 -2736.000 6000.000
v -1800.000 -2623.547 6000.000
v -1671.864 -2520.000 6000.000
v -1296.000 -2301.845 6000.000
v -1100.768 -2160.000 6000.000
v -1038.573 -2088.000 6000.000
v -1025.987 -2016.000 6000.000
v -1056.959 -1992.959 6000.000
v -1115.268 -1979.268 6000.000
v -1162.303 -1954.303 6000.000
v -1183.725 -1903.725 6000.000
v -1215.264 -1863.264 6000.000
v -1326.163 -1800.000 6000.000
v -1368.000 -1780.815 6000.000
v -1584.000 -1742.232 6000.000
v -1656.000 -1706.119 6000.000
v -1676.932 -1676.932 6000.000
v -1800.000 -1611.451 6000.000
v -1944.000 -1563.829 6000.000
v -2016.000 -1553.527 6000.000
v -2160.000 -1598.261 6000.000
v -2304.000 -1670.963 6000.000
v -2575.372 -1872.000 6000.000
v -2664.000 -1912.451 6000.000
v -2736.000 -1975.354 6000.000
v -2808.000 -2058.525 6000.000
v -2880.000 -2073.862 6000.000
v -2931.920 -2016.000 6000.000
v -2962.967 -1944.000 6000.000
v -2967.781 -1887.781 6000.000
v -3008.094 -1872.000 6000.000
v -2880.000 -1849.821 6000.000
v -2827.582 -1800.000 6000.000
v -2787.921 -1728.000 6000.000
v -2648.306 -1584.000 6000.000
v -2582.461 -1440.000 6000.000
v -2581.687 -1357.687 6000.000
v -2561.935 -1296.000 6000.000
v -2478.025 -1152.000 6000.000
v -2470.229 -1080.000 6000.000
v -2440.212 -1008.000 6000.000
v -2396.656 -936.000 6000.000
v -2377.388 -864.000 6000.000
v -2396.162 -792.000 6000.000
v -2393.862 -737.862 6000.000
v -2402.063 -720.000 6000.000
v -2395.072 -576.000 6000.000
v -2358.912 -414.912 6000.000
v -2382.301 -366.301 6000.000
v -2425.586 -337.586 6000.000
v -2457.067 -297.067 6000.000
v -2553.625 -249.624 6000.000
v -2593.238 -217.238 6000.000
v -2599.201 -144.000 6000.000
v -2581.511 -61.511 6000.000
v -2597.948 138.052 6000.000
v -2642.291 216.000 6000.000
v -2736.000 242.495 6000.000
v -2808.000 180.518 6000.000
v -2880.000 88.672 6000.000
v -2952.000 24.188 6000.000
v -3024.000 63.208 6000.000
v -3047.906 144.000 6000.000
v -3008.714 288.000 6000.000
v -3078.637 449.363 6000.000
v -3096.000 464.296 6000.000
v -3191.498 480.502 6000.000
v -3240.000 466.908 6000.000
v -3276.103 467.897 6000.000
v -3312.000 482.222 6000.000
v -3325.699 504.000 6000.000
v -3317.020 576.000 6000.000
v -3289.277 648.000 6000.000
v -3291.590 740.410 6000.000
v -3334.919 769.081 6000.000
v -3384.000 762.934 6000.000
v -3478.438 769.562 6000.000
v -3602.746 717.254 6000.000
v -3818.515 576.000 6000.000
v -3960.000 437.462 6000.000
v -4032.000 334.205 6000.000
v -4104.000 270.268 6000.000
v -4151.718 168.282 6000.000
v -4182.490 72.000 6000.000
v -4177.744 -1.744 6000.000
v -4155.070 -72.000 6000.000
v -4161.788 -144.000 6000.000
v -4248.000 -259.467 6000.000
v -4281.653 -288.000 6000.000
v -4383.543 -351.543 6000.000
v -4453.593 -277.593 6000.000
v -4521.956 -273.956 6000.000
v -4576.591 -288.000 6000.000
v -4853.436 -389.436 6000.000
v -4968.000 -456.572 6000.000
v -5022.688 -504.000 6000.000
v -5073.147 -609.148 6000.000
v -5092.928 -720.000 6000.000
v -5093.467 -792.000 6000.000
v -5089.216 -841.216 6000.000
v -5066.020 -890.020 6000.000
v -4955.084 -1008.000 6000.000
v -4946.134 -1080.000 6000.000
v -4892.056 -1220.056 6000.000
v -4907.193 -1440.000 6000.000
v -4921.566 -1512.000 6000.000
v -4984.857 -1656.000 6000.000
v -4988.529 -1728.000 6000.000
v -4976.878 -1808.878 6000.000
v -4950.626 -1872.000 6000.000
v -4925.215 -2016.000 6000.000
v -4873.762 -2160.000 6000.000
v -4873.327 -2232.000 6000.000
v -4896.000 -2301.020 6000.000
v -4968.000 -2344.932 6000.000
v -5023.808 -2359.808 6000.000
v -5068.745 -2332.745 6000.000
v -5141.768 -2333.768 6000.000
v -5255.496 -2376.000 6000.000
v -5316.689 -2448.000 6000.000
v -5544.000 -2612.542 6000.000
v -5616.000 -2645.388 6000.000
v -5904.000 -2704.895 6000.000
v -5976.000 -2706.008 6000.000
v -6120.000 -2686.040 6000.000
v -6192.000 -2695.882 6000.000
v -6273.922 -2736.000 6000.000
v -6317.734 -2808.000 6000.000
v -6343.380 -2880.000 6000.000
v -6316.400 -3024.000 6000.000
v -6244.516 -3220.516 6000.000
v -6155.732 -3528.000 6000.000
v -6120.000 -3613.557 6000.000
v -5976.405 -3888.000 6000.000
v -5832.000 -4051.193 6000.000
v -5688.000 -4290.678 6000.000
v -5616.000 -4322.266 6000.000
v -5482.215 -4330.215 6000.000
v -5422.839 -4392.000 6000.000
v -5437.917 -4464.000 6000.000
v -5472.000 -4488.050 6000.000
v -5564.399 -4608.000 6000.000
v -5616.000 -4754.185 6000.000
v -5688.000 -4782.923 6000.000
v -5760.000 -4768.967 6000.000
v -5925.895 -4701.895 6000.000
v -5976.000 -4670.015 6000.000
v -6048.000 -4658.353 6000.000
v -6192.000 -4690.162 6000.000
v -6264.000 -4737.417 6000.000
v -6323.413 -4824.000 6000.000
v -6362.257 -4968.000 6000.000
v -6357.478 -5040.000 6000.000
v -6299.145 -5219.145 6000.000
v -6307.875 -5256.000 6000.000
v -6309.693 -5400.000 6000.000
v -6276.206 -5544.000 6000.000
v -6252.657 -5748.657 6000.000
v -6234.949 -5832.000 6000.000
v -6205.232 -5904.000 6000.000
v -6113.591 -6048.000 6000.000
v -5958.449 -6246.449 6000.000
v -5859.540 -6408.000 6000.000
v -5799.401 -6519.401 6000.000
v -5768.453 -6624.000 6000.000
v -5691.445 -6771.445 6000.000
v -5524.428 -6892.428 6000.000
v -5470.412 -6912.000 6000.000
v -5525.332 -7109.332 6000.000
v -5544.000 -7144.877 6000.000
v -5616.000 -7175.013 6000.000
v -5665.321 -7177.321 6000.000
v -5688.000 -7164.059 6000.000
v -5760.000 -7180.786 6000.000
v -5832.000 -7182.527 6000.000
v -5884.412 -7200.000 6000.000
v -5976.000 -7231.767 6000.000
v -6048.000 -7286.744 6000.000
v -6120.000 -7323.953 6000.000
v -6264.000 -7347.495 6000.000
v -6421.725 -7429.725 6000.000
v -6543.625 -7479.625 6000.000
v -6624.000 -7487.273 6000.000
v -6682.206 -7402.206 6000.000
v -6696.000 -7400.725 6000.000
v -6757.374 -7333.374 6000.000
v -6803.455 -7307.455 6000.000
v -6840.000 -7249.290 6000.000
v -6912.000 -7253.356 6000.000
v -6919.921 -7272.000 6000.000
v -6917.952 -7637.952 6000.000
v -6861.118 -7797.118 6000.000
v -6833.354 -7992.000 6000.000
v -6840.000 -8009.069 6000.000
v -6899.255 -8064.000 6000.000
v -7056.000 -8116.933 6000.000
v -7164.574 -8208.000 6000.000
v -7266.710 -8352.000 6000.000
v -7317.913 -8496.000 6000.000
v -7295.161 -8640.000 6000.000
v -7300.150 -8712.000 6000.000
v -7279.965 -8863.965 6000.000
v -7261.004 -8917.005 6000.000
v -7230.617 -8958.616 6000.000
v -7214.143 -9000.000 6000.000
v -7183.500 -9127.500 6000.000
v -7156.783 -9172.783 6000.000
v -7128.000 -9182.588 6000.000
v -7095.923 -9216.000 6000.000
v -7094.633 -9254.634 6000.000
v -7064.481 -9288.000 6000.000
v -7110.091 -9432.000 6000.000
v -7108.279 -9484.279 6000.000
v -7141.118 -9589.117 6000.000
v -7139.224 -9648.000 6000.000
v -7148.073 -9668.072 6000.000
v -7128.000 -9656.974 6000.000
v -7082.754 -9720.000 6000.000
v -7094.905 -9758.905 6000.000
v -7067.711 -9792.000 6000.000
v -7106.696 -9842.696 6000.000
v -7056.000 -9819.340 6000.000
v -7032.892 -10056.893 6000.000
v -6984.000 -10083.072 6000.000
v -6936.893 -10152.000 6000.000
v -6937.037 -10177.037 6000.000
v -6912.000 -10179.185 6000.000
v -6887.951 -10224.000 6000.000
v -6890.244 -10274.243 6000.000
v -6869.429 -10296.000 6000.000
v -6912.000 -10356.427 6000.000
v -7058.102 -10224.000 6000.000
v -7080.201 -10176.201 6000.000
v -7081.933 -10033.933 6000.000
v -7097.671 -10008.000 6000.000
v -7087.403 -9967.403 6000.000
v -7097.688 -9936.000 6000.000
v -7094.625 -9902.624 6000.000
v -7128.000 -9880.516 6000.000
v -7149.178 -9813.178 6000.000
v -7174.945 -9766.944 6000.000
v -7215.037 -9735.037 6000.000
v -7233.550 -9681.551 6000.000
v -7272.000 -9639.565 6000.000
v -7324.354 -9484.354 6000.000
v -7442.033 -9386.032 6000.000
v -7488.000 -9327.509 6000.000
v -7560.000 -9278.614 6000.000
v -7704.000 -9248.015 6000.000
v -7809.811 -9177.811 6000.000
v -7873.244 -9169.244 6000.000
v -7919.587 -9143.587 6000.000
v -7844.513 -8928.000 6000.000
v -7776.000 -8855.065 6000.000
v -7653.159 -8784.000 6000.000
v -7601.788 -8712.000 6000.000
v -7575.871 -8640.000 6000.000
v -7590.047 -8598.047 6000.000
v -7544.920 -8408.921 6000.000
v -7566.913 -8214.913 6000.000
v -7582.106 -8158.106 6000.000
v -7693.949 -7992.000 6000.000
v -7778.399 -7922.399 6000.000
v -7867.917 -7795.917 6000.000
v -7920.000 -7742.976 6000.000
v -7992.000 -7713.119 6000.000
v -8064.000 -7704.651 6000.000
v -8114.811 -7682.811 6000.000
v -8246.004 -7670.004 6000.000
v -8280.000 -7648.063 6000.000
v -8462.078 -7598.078 6000.000
v -8515.514 -7488.000 6000.000
v -8392.296 -7416.000 6000.000
v -8208.000 -7330.906 6000.000
v -8116.682 -7272.000 6000.000
v -7909.917 -7200.000 6000.000
v -7752.354 -7056.000 6000.000
v -7704.000 -6957.928 6000.000
v -7634.115 -6912.000 6000.000
v -7492.699 -6840.000 6000.000
v -7461.926 -6768.000 6000.000
v -7467.963 -6696.000 6000.000
v -7543.181 -6535.181 6000.000
v -7557.836 -6477.836 6000.000
v -7560.000 -6401.577 6000.000
v -7606.433 -6336.000 6000.000
v -7749.768 -6237.768 6000.000
v -7856.235 -6128.235 6000.000
v -8017.573 -6073.573 6000.000
v -8064.000 -6082.447 6000.000
v -8090.800 -6074.800 6000.000
v -8137.814 -6049.814 6000.000
v -8208.000 -5985.433 6000.000
v -8280.000 -5962.231 6000.000
v -8352.000 -5963.857 6000.000
v -8424.000 -6008.311 6000.000
v -8496.000 -6029.936 6000.000
v -8568.000 -6035.775 6000.000
v -8640.000 -6091.408 6000.000
v -8694.309 -6192.000 6000.000
v -8712.000 -6206.891 6000.000
v -8807.891 -6215.891 6000.000
v -8856.000 -6207.655 6000.000
v -8912.574 -6176.574 6000.000
v -8980.561 -6048.000 6000.000
v -8939.515 -5976.000 6000.000
v -8878.154 -5904.000 6000.000
v -8788.722 -5832.000 6000.000
v -8725.592 -5760.000 6000.000
v -8594.540 -5400.000 6000.000
v -8625.806 -5328.000 6000.000
v -8545.812 -5112.000 6000.000
v -8558.087 -5040.000 6000.000
v -8503.317 -4968.000 6000.000
v -8424.000 -4934.469 6000.000
v -8352.000 -4889.639 6000.000
v -8280.000 -4865.801 6000.000
v -8090.048 -4850.048 6000.000
v -7997.960 -4824.000 6000.000
v -7915.332 -4752.000 6000.000
v -7910.463 -4680.000 6000.000
v -7867.291 -4608.000 6000.000
v -7844.632 -4536.000 6000.000
v -7846.057 -4464.000 6000.000
v -7862.665 -4392.000 6000.000
v -7913.931 -4241.931 6000.000
v -7992.000 -4175.593 6000.000
v -8080.595 -4120.595 6000.000
v -8133.627 -4101.627 6000.000
v -8169.100 -4065.100 6000.000
v -8187.446 -4011.446 6000.000
v -8229.762 -3981.762 6000.000
v -8286.325 -3966.325 6000.000
v -8314.545 -3922.545 6000.000
v -8351.296 -3887.296 6000.000
v -8712.000 -3569.617 6000.000
v -8784.000 -3533.850 6000.000
v -8852.304 -3524.304 6000.000
v -9072.000 -3551.708 6000.000
v -9223.062 -3600.000 6000.000
v -9288.000 -3634.848 6000.000
v -9360.000 -3694.246 6000.000
v -9558.071 -3960.000 6000.000
v -9648.000 -4033.676 6000.000
v -9720.000 -4067.215 6000.000
v -9876.549 -4116.549 6000.000
v -9929.768 -4097.768 6000.000
v -9962.308 -3914.307 6000.000
v -10000.015 -3816.000 6000.000
v -10031.675 -3695.674 6000.000
v -10200.114 -3528.000 6000.000
v -10308.661 -3468.661 6000.000
v -10477.390 -3421.389 6000.000
v -10605.271 -3333.271 6000.000
v -10705.272 -3289.272 6000.000
v -10800.000 -3216.260 6000.000
v -10921.346 -3145.345 6000.000
v -11074.134 -3082.134 6000.000
v -11239.309 -3031.309 6000.000
v -11279.284 -2999.284 6000.000
v -11344.848 -2920.847 6000.000
v -11398.452 -2880.000 6000.000
v -11426.956 -2808.000 6000.000
v -11419.891 -2736.000 6000.000
v -11529.824 -2673.824 6000.000
v -11566.585 -2592.000 6000.000
v -11561.542 -2561.542 6000.000
v -11580.255 -2520.000 6000.000
v -11587.255 -2376.000 6000.000
v -11674.721 -2314.721 6000.000
v -11700.157 -2268.157 6000.000
v -11691.872 -2232.000 6000.000
v -11600.925 -2160.000 6000.000
v -11520.000 -2102.997 6000.000
v -11431.799 -2071.798 6000.000
v -11340.885 -2052.885 6000.000
v -11160.000 -2060.444 6000.000
v -10901.273 -2045.273 6000.000
v -10872.000 -2046.677 6000.000
v -10845.449 -2061.449 6000.000
v -10696.498 -2200.498 6000.000
v -10650.476 -2226.476 6000.000
v -10623.068 -2271.069 6000.000
v -10512.000 -2391.461 6000.000
v -10440.000 -2382.596 6000.000
v -10400.772 -2408.772 6000.000
v -10334.791 -2414.791 6000.000
v -10300.637 -2452.636 6000.000
v -10152.000 -2408.062 6000.000
v -10080.000 -2372.520 6000.000
v -9891.858 -2331.858 6000.000
v -9792.000 -2327.897 6000.000
v -9720.000 -2341.773 6000.000
v -9648.000 -2336.083 6000.000
v -9504.000 -2260.879 6000.000
v -9432.000 -2247.879 6000.000
v -9389.908 -2261.908 6000.000
v -9321.687 -2304.000 6000.000
v -9288.000 -2311.780 6000.000
v -9212.104 -2300.104 6000.000
v -9144.000 -2328.869 6000.000
v -9072.000 -2314.323 6000.000
v -9000.000 -2225.226 6000.000
v -8928.000 -2224.713 6000.000
v -8726.262 -2174.261 6000.000
v -8640.000 -2124.179 6000.000
v -8424.000 -2050.363 6000.000
v -8393.195 -2057.195 6000.000
v -8280.000 -2042.924 6000.000
v -8208.000 -2012.952 6000.000
v -7992.000 -1969.967 6000.000
v -7848.000 -1923.695 6000.000
v -7753.164 -1872.000 6000.000
v -7704.000 -1826.026 6000.000
v -7657.782 -1825.782 6000.000
v -7416.000 -1760.967 6000.000
v -7347.885 -1731.885 6000.000
v -7253.828 -1656.000 6000.000
v -7030.305 -1440.000 6000.000
v -6912.000 -1368.472 6000.000
v -6840.000 -1352.527 6000.000
v -6768.874 -1296.000 6000.000
v -6712.242 -1224.000 6000.000
v -6681.476 -1152.000 6000.000
v -6671.188 -1080.000 6000.000
v -6720.579 -720.000 6000.000
v -6768.000 -646.031 6000.000
v -6696.000 -582.824 6000.000
v -6552.000 -511.407 6000.000
v -6480.000 -449.464 6000.000
v -6327.100 -360.000 6000.000
v -6183.944 -216.000 6000.000
v -5896.584 0.000 6000.000
v -5781.146 72.000 6000.000
v -5719.483 144.000 6000.000
v -5676.430 216.000 6000.000
v -5670.100 288.000 6000.000
v -5684.047 360.000 6000.000
v -5729.414 462.586 6000.000
v -5832.000 552.539 6000.000
v -5978.032 573.968 6000.000
v -6048.000 618.739 6000.000
v -6071.057 648.000 6000.000
v -6144.613 839.387 6000.000
v -6177.345 878.655 6000.000
v -6264.000 956.390 6000.000
v -6336.000 961.694 6000.000
v -6408.000 917.676 6000.000
v -6480.000 856.929 6000.000
v -6595.210 720.000 6000.000
v -6756.648 576.000 6000.000
v -6840.000 478.947 6000.000
v -6912.000 427.977 6000.000
v -6984.000 397.621 6000.000
v -7347.952 356.048 6000.000
v -7488.000 321.482 6000.000
v -7560.000 325.966 6000.000
v -7632.000 311.381 6000.000
v -7729.571 262.429 6000.000
v -7733.238 330.762 6000.000
v -7725.292 360.000 6000.000
v -7692.763 432.000 6000.000
v -7593.276 576.000 6000.000
v -7534.266 720.000 6000.000
v -7531.529 864.000 6000.000
v -7507.865 1008.000 6000.000
v -7515.714 1080.000 6000.000
v -7508.138 1275.862 6000.000
v -7537.674 1390.326 6000.000
v -7560.000 1530.898 6000.000
v -7616.570 1671.430 6000.000
v -7632.000 1688.278 6000.000
v -7704.000 1717.199 6000.000
v -7848.000 1733.123 6000.000
v -7920.000 1678.047 6000.000
v -7992.000 1654.345 6000.000
v -8047.648 1584.000 6000.000
v -8064.000 1542.812 6000.000
v -8074.712 1501.288 6000.000
v -8051.700 1452.300 6000.000
v -8042.480 1368.000 6000.000
v -8028.271 1331.729 6000.000
v -8026.628 1224.000 6000.000
v -8053.763 1152.000 6000.000
v -8133.651 1008.000 6000.000
v -8208.000 935.075 6000.000
v -8280.000 845.433 6000.000
v -8519.420 648.000 6000.000
v -8575.688 576.000 6000.000
v -8648.528 504.000 6000.000
v -8681.443 432.000 6000.000
v -8712.000 397.910 6000.000
v -8776.796 360.000 6000.000
v -8845.753 288.000 6000.000
v -8928.000 250.136 6000.000
v -9100.938 72.000 6000.000
v -9144.000 39.911 6000.000
v -9166.757 49.243 6000.000
v -9270.040 161.960 6000.000
v -9362.918 216.000 6000.000
v -9288.000 260.218 6000.000
v -9170.604 360.000 6000.000
v -9144.000 396.650 6000.000
v -8865.819 936.000 6000.000
v -8879.863 1008.000 6000.000
v -8955.147 1152.000 6000.000
v -9000.000 1195.367 6000.000
v -9069.701 1226.299 6000.000
v -9124.251 1243.749 6000.000
v -9189.804 1250.196 6000.000
v -9288.000 1242.191 6000.000
v -9361.560 1224.000 6000.000
v -9432.000 1200.239 6000.000
v -9504.000 1153.348 6000.000
v -9648.000 1019.325 6000.000
v -9792.000 990.355 6000.000
v -9864.000 961.869 6000.000
v -9936.000 957.981 6000.000
v -10008.000 935.225 6000.000
v -10080.000 938.284 6000.000
v -10152.000 903.848 6000.000
v -10296.000 884.710 6000.000
v -10368.000 843.666 6000.000
v -10440.000 786.277 6000.000
v -10584.000 717.088 6000.000
v -10800.000 676.909 6000.000
v -10872.000 682.125 6000.000
v -10939.864 724.136 6000.000
v -10977.552 792.000 6000.000
v -11016.000 836.971 6000.000
v -11074.808 877.192 6000.000
v -11134.072 889.927 6000.000
v -11160.000 891.340 6000.000
v -11232.000 860.558 6000.000
v -11304.000 810.208 6000.000
v -11379.051 788.950 6000.000
v -11249.872 1008.000 6000.000
v -11247.301 1080.000 6000.000
v -11160.000 1169.994 6000.000
v -11016.000 1235.143 6000.000
v -10872.000 1268.125 6000.000
v -10800.000 1312.651 6000.000
v -10584.000 1350.583 6000.000
v -10368.000 1441.077 6000.000
v -10224.000 1480.979 6000.000
v -10152.000 1515.578 6000.000
v -9936.000 1652.320 6000.000
v -9839.960 1728.000 6000.000
v -9792.000 1778.061 6000.000
v -9636.921 1872.000 6000.000
v -9588.522 1944.000 6000.000
v -9625.919 2038.081 6000.000
v -9648.000 2049.970 6000.000
v -9747.976 2060.024 6000.000
v -9802.882 2077.118 6000.000
v -9842.220 2109.780 6000.000
v -9859.018 2164.982 6000.000
v -9797.361 2304.000 6000.000
v -9696.361 2448.000 6000.000
v -9677.622 2520.000 6000.000
v -9602.668 2592.000 6000.000
v -9544.084 2664.000 6000.000
v -9521.250 2736.000 6000.000
v -9551.594 2832.406 6000.000
v -9605.223 2922.777 6000.000
v -9720.000 3065.948 6000.000
v -9777.521 3110.480 6000.000
v -9827.898 3132.101 6000.000
v -10152.000 3160.985 6000.000
v -10296.000 3040.796 6000.000
v -10368.000 3001.992 6000.000
v -10385.882 3006.118 6000.000
v -10419.710 3044.290 6000.000
v -10466.622 3141.378 6000.000
v -10514.579 3165.421 6000.000
v -10584.000 3181.203 6000.000
v -10728.000 3136.276 6000.000
v -10872.000 3149.955 6000.000
v -10928.390 3111.610 6000.000
v -11016.000 3098.862 6000.000
v -11054.500 3168.000 6000.000
v -11039.156 3216.844 6000.000
v -11051.110 3240.000 6000.000
v -11016.000 3256.980 6000.000
v -10953.483 3230.517 6000.000
v -10872.000 3214.550 6000.000
v -10728.000 3255.675 6000.000
v -10657.808 3312.000 6000.000
v -10651.755 3388.245 6000.000
v -10630.243 3456.000 6000.000
v -10623.095 3528.000 6000.000
v -10652.931 3675.069 6000.000
v -10697.461 3774.539 6000.000
v -10726.933 3817.068 6000.000
v -10805.817 3882.182 6000.000
v -10872.000 3914.299 6000.000
v -10932.374 3960.000 6000.000
v -10878.891 4032.000 6000.000
v -10800.000 4063.738 6000.000
v -10728.000 4079.031 6000.000
v -10656.000 4082.436 6000.000
v -10497.795 4118.205 6000.000
v -10440.000 4111.247 6000.000
v -10080.000 4260.717 6000.000
v -9900.804 4392.000 6000.000
v -9843.645 4464.000 6000.000
v -9803.201 4536.000 6000.000
v -9793.026 4608.000 6000.000
v -9841.984 4752.000 6000.000
v -9925.453 4906.546 6000.000
v -9988.541 5059.458 6000.000
v -10157.768 5178.232 6000.000
v -10204.599 5256.000 6000.000
v -10224.000 5272.922 6000.000
v -10270.942 5281.057 6000.000
v -10440.000 5234.443 6000.000
v -10728.000 5124.105 6000.000
v -10800.000 5121.646 6000.000
v -10901.403 5154.597 6000.000
v -10946.808 5184.000 6000.000
v -10983.115 5256.000 6000.000
v -11007.931 5400.000 6000.000
v -11094.994 5760.000 6000.000
v -11016.000 5803.621 6000.000
v -10809.073 5832.000 6000.000
v -10728.000 5866.276 6000.000
v -10678.942 5904.000 6000.000
v -10655.850 5976.000 6000.000
v -10660.591 6043.410 6000.000
v -10711.257 6120.000 6000.000
v -10800.000 6183.100 6000.000
v -10872.568 6263.432 6000.000
v -10899.149 6380.851 6000.000
v -10943.164 6480.835 6000.000
v -10989.120 6552.000 6000.000
v -11053.883 6624.000 6000.000
v -11091.364 6696.000 6000.000
v -11016.000 6740.247 6000.000
v -10904.803 6768.000 6000.000
v -10728.000 6862.650 6000.000
v -10656.000 6878.457 6000.000
v -10263.954 6728.046 6000.000
v -10152.000 6676.377 6000.000
v -10008.000 6631.335 6000.000
v -9864.000 6607.557 6000.000
v -9792.000 6625.516 6000.000
v -9648.000 6618.251 6000.000
v -9576.000 6638.706 6000.000
v -9320.338 6768.000 6000.000
v -9204.275 6840.000 6000.000
v -9072.000 6943.302 6000.000
v -9001.205 6984.000 6000.000
v -8963.005 7056.000 6000.000
v -8977.556 7078.444 6000.000
v -8978.137 7128.000 6000.000
v -9051.113 7200.000 6000.000
v -9108.766 7235.234 6000.000
v -9216.000 7282.875 6000.000
v -9321.617 7310.383 6000.000
v -9452.022 7323.978 6000.000
v -9498.226 7349.775 6000.000
v -9616.495 7375.505 6000.000
v -9689.502 7446.498 6000.000
v -9720.000 7464.917 6000.000
v -9795.476 7484.524 6000.000
v -9844.149 7579.851 6000.000
v -9890.262 7605.738 6000.000
v -9936.000 7648.425 6000.000
v -10024.223 7687.777 6000.000
v -10039.343 7744.657 6000.000
v -10080.000 7824.422 6000.000
v -10125.693 7874.306 6000.000
v -10170.075 7901.924 6000.000
v -10224.000 7919.144 6000.000
v -10291.459 7924.542 6000.000
v -10440.000 7974.484 6000.000
v -10512.000 7938.363 6000.000
v -10642.061 8005.939 6000.000
v -10899.336 8036.664 6000.000
v -10980.584 8099.416 6000.000
v -11050.604 8173.396 6000.000
v -11088.000 8194.004 6000.000
v -11232.000 8205.284 6000.000
v -11304.000 8173.253 6000.000
v -11411.160 8172.840 6000.000
v -11413.751 8208.000 6000.000
v -11374.993 8352.000 6000.000
v -11392.018 8407.982 6000.000
v -11395.336 8476.664 6000.000
v -11357.714 8568.000 6000.000
v -11413.830 8674.170 6000.000
v -11450.992 8712.000 6000.000
v -11440.170 8784.000 6000.000
v -11185.995 8928.000 6000.000
v -11127.935 9000.000 6000.000
v -11085.581 9072.000 6000.000
v -11078.258 9153.742 6000.000
v -11116.420 9331.580 6000.000
v -11092.262 9432.000 6000.000
v -11102.700 9504.000 6000.000
v -11088.000 9562.650 6000.000
v -11045.261 9648.000 6000.000
v -11053.735 9682.265 6000.000
v -11032.113 9775.887 6000.000
v -11016.000 9798.154 6000.000
v -10997.632 9792.000 6000.000
v -10979.728 9756.272 6000.000
v -11004.548 9648.000 6000.000
v -11002.169 9576.000 6000.000
v -10956.617 9360.000 6000.000
v -10956.637 9275.363 6000.000
v -10944.000 9271.796 6000.000
v -10873.743 9144.000 6000.000
v -10832.723 9000.000 6000.000
v -10785.692 8942.308 6000.000
v -10568.013 8799.987 6000.000
v -10440.000 8737.468 6000.000
v -10224.000 8661.893 6000.000
v -10042.885 8677.115 6000.000
v -9864.000 8663.116 6000.000
v -9720.000 8705.517 6000.000
v -9689.613 8670.387 6000.000
v -9684.129 8640.000 6000.000
v -9665.381 8622.619 6000.000
v -9648.000 8582.706 6000.000
v -9607.088 8536.912 6000.000
v -9596.836 8496.000 6000.000
v -9576.000 8462.912 6000.000
v -9519.404 8408.596 6000.000
v -9504.000 8377.581 6000.000
v -9410.366 8301.634 6000.000
v -9288.000 8215.816 6000.000
v -9183.832 8168.168 6000.000
v -9072.000 8089.782 6000.000
v -8928.000 8046.523 6000.000
v -8813.229 8034.771 6000.000
v -8760.438 8015.563 6000.000
v -8672.540 7959.460 6000.000
v -8602.171 7885.829 6000.000
v -8542.830 7776.000 6000.000
v -8537.535 7734.464 6000.000
v -8500.699 7632.000 6000.000
v -8497.520 7560.000 6000.000
v -8460.179 7451.821 6000.000
v -8431.359 7408.641 6000.000
v -8392.945 7303.055 6000.000
v -8369.613 7272.000 6000.000
v -8299.774 7108.226 6000.000
v -8263.568 6984.000 6000.000
v -8227.828 6964.171 6000.000
v -8208.000 6929.312 6000.000
v -8168.475 6912.000 6000.000
v -8080.436 6895.564 6000.000
v -8064.000 6883.996 6000.000
v -7992.000 6888.984 6000.000
v -7920.000 6913.027 6000.000
v -7900.351 6984.000 6000.000
v -7852.353 7056.000 6000.000
v -7774.619 7128.000 6000.000
v -7689.537 7344.000 6000.000
v -7529.844 7446.156 6000.000
v -7446.917 7457.083 6000.000
v -7416.000 7443.113 6000.000
v -7344.000 7477.027 6000.000
v -7292.340 7560.000 6000.000
v -7275.520 7632.000 6000.000
v -7233.275 7704.000 6000.000
v -7094.979 7848.000 6000.000
v -6840.000 7958.578 6000.000
v -6805.011 7954.989 6000.000
v -6696.000 7972.315 6000.000
v -6624.000 8013.973 6000.000
v -6480.000 8185.783 6000.000
v -6450.376 8208.000 6000.000
v -6408.000 8313.655 6000.000
v -6386.137 8229.863 6000.000
v -6394.141 8136.000 6000.000
v -6426.591 7992.000 6000.000
v -6423.173 7920.000 6000.000
v -6432.645 7848.000 6000.000
v -6562.384 7560.000 6000.000
v -6554.167 7488.000 6000.000
v -6530.833 7416.000 6000.000
v -6577.822 7272.000 6000.000
v -6556.327 7195.673 6000.000
v -6509.195 7128.000 6000.000
v -6503.929 7104.071 6000.000
v -6458.590 7056.000 6000.000
v -6506.143 6912.000 6000.000
v -6568.013 6768.000 6000.000
v -6636.280 6480.000 6000.000
v -6813.861 6264.000 6000.000
v -6851.603 6192.000 6000.000
v -7052.955 6123.045 6000.000
v -7128.000 6064.501 6000.000
v -7200.000 6059.500 6000.000
v -7272.000 6039.293 6000.000
v -7704.000 5858.935 6000.000
v -7848.000 5834.086 6000.000
v -8064.000 5768.915 6000.000
v -8327.897 5712.103 6000.000
v -8393.438 5688.000 6000.000
v -8501.344 5616.000 6000.000
v -8534.811 5505.189 6000.000
v -8516.742 5451.258 6000.000
v -8480.214 5415.786 6000.000
v -8340.320 5339.680 6000.000
v -8302.957 5305.042 6000.000
v -8224.828 5184.000 6000.000
v -8136.000 5154.797 6000.000
v -8064.000 5147.720 6000.000
v -7992.000 5161.993 6000.000
v -7920.000 5161.063 6000.000
v -7890.125 5141.875 6000.000
v -7832.354 5127.646 6000.000
v -7776.000 5094.686 6000.000
v -7632.000 5072.476 6000.000
v -7518.745 5081.255 6000.000
v -7416.000 5102.021 6000.000
v -7272.000 5099.721 6000.000
v -7128.000 5152.708 6000.000
v -6984.000 5156.175 6000.000
v -6912.000 5166.343 6000.000
v -6738.916 5213.084 6000.000
v -6696.000 5212.390 6000.000
v -6529.283 5278.717 6000.000
v -6336.000 5330.778 6000.000
v -6264.000 5376.259 6000.000
v -6192.000 5404.804 6000.000
v -6092.466 5427.534 6000.000
v -5976.000 5425.093 6000.000
v -5760.000 5492.647 6000.000
v -5688.000 5541.447 6000.000
v -5616.000 5622.343 6000.000
v -5536.014 5688.000 6000.000
v -5452.604 5832.000 6000.000
v -5328.000 5973.062 6000.000
v -5256.000 6036.485 6000.000
v -5184.000 6055.831 6000.000
v -5040.000 6065.042 6000.000
v -4968.000 6111.385 6000.000
v -4880.271 6192.000 6000.000
v -4843.655 6264.000 6000.000
v -4785.543 6336.000 6000.000
v -4718.712 6480.000 6000.000
v -4691.396 6552.000 6000.000
v -4680.000 6658.557 6000.000
v -4664.784 6639.216 6000.000
v -4608.000 6676.828 6000.000
v -4583.314 6576.686 6000.000
v -4562.833 6552.000 6000.000
v -4532.377 6480.000 6000.000
v -4550.805 6336.000 6000.000
v -4518.846 6281.154 6000.000
v -4437.377 6218.623 6000.000
v -4392.000 6212.454 6000.000
v -4336.961 6175.039 6000.000
v -4180.798 6187.202 6000.000
v -4137.652 6086.348 6000.000
v -4128.354 6023.646 6000.000
v -4133.942 5874.058 6000.000
v -4078.198 5616.000 6000.000
v -4070.835 5544.000 6000.000
v -4027.989 5472.000 6000.000
v -4036.507 5323.493 6000.000
v -3994.559 5221.441 6000.000
v -3998.144 5184.000 6000.000
v -3949.762 5040.000 6000.000
v -3974.833 4968.000 6000.000
v -4032.000 4898.345 6000.000
v -4104.000 4867.110 6000.000
v -4133.637 4824.000 6000.000
v -4125.010 4802.990 6000.000
v -4135.735 4752.000 6000.000
v -4176.000 4629.923 6000.000
v -4284.816 4536.000 6000.000
v -4356.958 4392.000 6000.000
v -4347.630 4320.000 6000.000
v -4316.131 4248.000 6000.000
v -4335.599 4176.000 6000.000
v -4374.108 4104.000 6000.000
v -4392.000 4074.545 6000.000
v -4536.000 3983.389 6000.000
v -4608.000 3974.296 6000.000
v -4680.000 3987.906 6000.000
v -4824.000 3972.665 6000.000
v -5112.000 3863.457 6000.000
v -5184.000 3847.862 6000.000
v -5280.639 3863.361 6000.000
v -5330.125 3885.876 6000.000
v -5368.352 3919.648 6000.000
v -5385.073 3974.927 6000.000
v -5423.609 4008.391 6000.000
v -5472.000 4026.435 6000.000
v -5616.000 4053.788 6000.000
v -5671.777 4048.223 6000.000
v -5760.000 4012.263 6000.000
v -5832.000 4007.510 6000.000
v -5904.000 3983.550 6000.000
v -6027.043 3960.000 6000.000
v -6207.922 3888.000 6000.000
v -6306.602 3816.000 6000.000
v -6278.811 3801.189 6000.000
v -6249.694 3744.000 6000.000
v -6230.020 3672.000 6000.000
v -6231.154 3600.000 6000.000
v -6264.000 3559.731 6000.000
v -6326.980 3528.000 6000.000
v -6343.928 3456.000 6000.000
v -6135.788 3440.212 6000.000
v -6056.938 3447.062 6000.000
v -6000.642 3431.358 6000.000
v -5961.212 3384.000 6000.000
v -5923.594 3364.406 6000.000
v -5876.134 3312.000 6000.000
v -5801.589 3270.411 6000.000
v -5703.944 3168.000 6000.000
v -5571.104 3096.000 6000.000
l 12210 12211 12212 12213 12214 12215 12216 12217 12218 12219 12220 12221 12222 12223 12224 12225 12226 12227 12228 12229 12230 12231 12232 12233 12234 12235 12236 12237 12238 12239 12240 12241 12242 12243 12244 12245 12246 12247 12248 12249 12250 12251 12252 12253 12254 12255 12256 12257 12258 12259 12260 12261 12262 12263 12264 12265 12266 12267 12268 12269 12270 12271 12272 12273 12274 12275 12276 12277 12278 12279 12280 12281 12282 12283 12284 12285 12286 12287 12288 12289 12290 12291 12292 12293 12294 12295 12296 12297 12298 12299 12300 12301 12302 12303 12304 12305 12306 12307 12308 12309 12310 12311 12312 12313 12314 12315 12316 12317 12318 12319 12320 12321 12322 12323 12324 12325 12326 12327 12328 12329 12330 12331 12332 12333 12334 12335 12336 12337 12338 12339 12340 12341 12342 12343 12344 12345 12346 12347 12348 12349 12350 12351 12352 12353 12354 12355 12356 12357 12358 12359 12360 12361 12362 12363 12364 12365 12366 12367 12368 12369 12370 12371 12372 12373 12374 12375 12376 12377 12378 12379 12380 12381 12382 12383 12384 12385 12386 12387 12388 12389 12390 12391 12392 12393 12394 12395 12396 12397 12398 12399 12400 12401 12402 12403 12404 12405 12406 12407 12408 12409 12410 12411 12412 12413 12414 12415 12416 12417 12418 12419 12420 12421 12422 12423 12424 12425 12426 12427 12428 12429 12430 12431 12432 12433 12434 12435 12436 12437 12438 12439 12440 12441 12442 12443 12444 12445 12446 12447 12448 12449 12450 12451 12452 12453 12454 12455 12456 12457 12458 12459 12460 12461 12462 12463 12464 12465 12466 12467 12468 12469 12470 12471 12472 12473 12474 12475 12476 12477 12478 12479 12480 12481 12482 12483 12484 12485 12486 12487 12488 12489 12490 12491 12492 12493 12494 12495 12496 12497 12498 12499 12500 12501 12502 12503 12504 12505 12506 12507 12508 12509 12510 12511 12512 12513 12514 12515 12516 12517 12518 12519 12520 12521 12522 12523 12524 12525 12526 12527 12528 12529 12530 12531 12532 12533 12534 12535 12536 12537 12538 12539 12540 12541 12542 12543 12544 12545 12546 12547 12548 12549 12550 12551 12552 12553 12554 12555 12556 12557 12558 12559 12560 12561 12562 12563 12564 12565 12566 12567 12568 12569 12570 12571 12572 12573 12574 12575 12576 12577 12578 12579 12580 12581 12582 12583 12584 12585 12586 12587 12588 12589 12590 12591 12592 12593 12594 12595 12596 12597 12598 12599 12600 12601 12602 12603 12604 12605 12606 12607 12608 12609 12610 12611 12612 12613 12614 12615 12616 12617 12618 12619 12620 12621 12622 12623 12624 12625 12626 12627 12628 12629 12630 12631 12632 12633 12634 12635 12636 12637 12638 12639 12640 12641 12642 12643 12644 12645 12646 12647 12648 12649 12650 12651 12652 12653 12654 12655 12656 12657 12658 12659 12660 12661 12662 12663 12664 12665 12666 12667 12668 12669 12670 12671 12672 12673 12674 12675 12676 12677 12678 12679 12680 12681 12682 12683 12684 12685 12686 12687 12688 12689 12690 12691 12692 12693 12694 12695 12696 12697 12698 12699 12700 12701 12702 12703 12704 12705 12706 12707 12708 12709 12710 12711 12712 12713 12714 12715 12716 12717 12718 12719 12720 12721 12722 12723 12724 12725 12726 12727 12728 12729 12730 12731 12732 12733 12734 12735 12736 12737 12738 12739 12740 12741 12742 12743 12744 12745 12746 12747 12748 12749 12750 12751 12752 12753 12754 12755 12756 12757 12758 12759 12760 12761 12762 12763 12764 12765 12766 12767 12768 12769 12770 12771 12772 12773 12774 12775 12776 12777 12778 12779 12780 12781 12782 12783 12784 12785 12786 12787 12788 12789 12790 12791 12792 12793 12794 12795 12796 12797 12798 12799 12800 12801 12802 12803 12804 12805 12806 12807 12808 12809 12810 12811 12812 12813 12814 12815 12816 12817 12818 12819 12820 12821 12822 12823 12824 12825 12826 12827 12828 12829 12830 12831 12832 12833 12834 12835 12836 12837 12838 12839 12840 12841 12842 12843 12844 12845 12846 12847 12848 12849 12850 12851 12852 12853 12854 12855 12856 12857 12858 12859 12860 12861 12862 12863 12864 12865 12866 12867 12868 12869 12870 12871 12872 12873 12874 12875 12876 12877 12878 12879 12880 12881 12882 12883 12884 12885 12886 12887 12888 12889 12890 12891 12892 12893 12894 12895 12896 12897 12898 12899 12900 12901 12902 12903 12904 12905 12906 12907 12908 12909 12910 12911 12912 12913 12914 12915 12916 12917 12918 12919 12920 12921 12922 12923 12924 12925 12926 12927 12928 12929 12930 12931 12932 12933 12934 12935 12936 12937 12938 12939 12940 12941 12942 12943 12944 12945 12946 12947 12948 12949 12950 12951 12952 12953 12954 12955 12956 12957 12958 12959 12960 12961 12962 12963 12964 12965 12966 12967 12968 12969 12970 12971 12972 12973 12974 12975 12976 12977 12978 12979 12980 12981 12982 12983 12984 12985 12986 12987 12988 12989 12990 12991 12992 12993 12994 12995 12996 12997 12998 12999 13000 13001 13002 13003 13004 13005 13006 13007 13008 13009 13010 13011 13012 13013 13014 13015 13016 13017 13018 13019 13020 13021 13022 13023 13024 13025 13026 13027 13028 13029 13030 13031 13032 13033 13034 13035 13036 13037 13038 13039 13040 13041 13042 13043 13044 13045 13046 13047 13048 13049 13050 13051 13052 13053 13054 13055 13056 13057 13058 13059 13060 13061 13062 13063 13064 13065 13066 13067 13068 13069 13070 13071 13072 13073 13074 13075 13076 13077 13078 13079 13080 13081 13082 13083 13084 13085 13086 13087 13088 13089 13090 13091 13092 13093 13094 13095 13096 13097 13098 13099 13100 13101 13102 13103 13104 13105 13106 13107 13108 13109 13110 13111 13112 13113 13114 13115 13116 13117 13118 13119 13120 13121 13122 13123 13124 13125 13126 13127 13128 13129 13130 13131 13132 13133 13134 13135 13136 13137 13138 13139 13140 13141 13142 13143 13144 13145 13146 13147 13148 13149 13150 13151 13152 13153 13154 13155 13156 13157 13158 13159 13160 13161 13162 13163 13164 13165 13166 13167 13168 13169 13170 13171 13172 13173 13174 13175 13176 13177 13178 13179 13180 13181 13182 13183 13184 13185 13186 13187 13188 13189 13190 13191 13192 13193 13194 13195 13196 13197 13198 13199 13200 13201 13202 13203 13204 13205 13206 13207 13208 13209 13210 13211 13212 13213 13214 13215 13216 13217 13218 13219 13220 13221 13222 13223 13224 13225 13226 13227 13228 13229 13230 13231 13232 13233 13234 13235 13236 13237 13238 13239 13240 13241 13242 13243 13244 13245 13246 13247 13248 13249 13250 13251 13252 13253 13254 13255 13256 13257 13258 13259 13260 13261 13262 13263 13264 13265 13266 13267 13268 13269 13270 13271 13272 13273 13274 13275 13276 13277 13278 13279 13280 13281 13282 13283 13284 13285 13286 13287 13288 13289 13290 13291 13292 13293 13294 13295 13296 13297 13298 13299 13300 13301 13302 13303 13304 13305 13306 13307 13308 13309 13310 13311 13312 13313 13314 13315 13316 13317 13318 13319 13320 13321 13322 13323 13324 13325 13326 13327 13328 13329 13330 13331 13332 13333 13334 13335 13336 13337 13338 13339 13340 13341 13342 13343 13344 13345 13346 13347 13348 13349 13350 13351 13352 13353 13354 13355 13356 13357 13358 13359 13360 13361 13362 13363 13364 13365 13366 13367 13368 13369 13370 13371 13372 13373 13374 13375 13376 13377 13378 13379 13380 13381 13382 13383 13384 13385 13386 13387 13388 13389 13390 13391 13392 13393 13394 13395 13396 13397 13398 13399 13400 13401 13402 13403 13404 13405 13406 13407 13408 13409 13410 13411 13412 13413 13414 13415 13416 13417 13418 13419 13420 13421 13422 13423 13424 13425 13426 13427 13428 13429 13430 13431 13432 13433 13434 13435 13436 13437 13438 13439 13440 13441 13442 13443 13444 13445 13446 13447 13448 13449 13450 13451 13452 13453 13454 13455 13456 13457 13458 13459 13460 13461 13462 13463 13464 13465 13466 13467 13468 13469 13470 13471 13472 13473 13474 13475 13476 13477 13478 13479 13480 13481 13482 13483 13484 13485 13486 13487 13488 13489 13490 13491 13492 13493 13494 13495 13496 13497 13498 13499 13500 13501 13502 13503 13504 13505 13506 13507 13508 13509 13510 13511 13512 13513 13514 13515 13516 13517 13518 13519 13520 13521 13522 13523 13524 13525 13526 13527 13528 13529 13530 13531 13532 13533 13534 13535 13536 13537 13538 13539 13540 13541 13542 13543 13544 13545 13546 13547 13548 13549 13550 13551 13552 13553 13554 13555 13556 13557 13558 13559 13560 13561 13562 13563 13564 13565 13566 13567 13568 13569 13570 13571 13572 13573 13574 13575 13576 13577 13578 13579 13580 13581 13582 13583 13584 13585 13586 13587 13588 13589 13590 13591 13592 13593 13594 13595 13596 13597 13598 13599 13600 13601 13602 13603 13604 13605 13606 13607 13608 13609 13610 13611 13612 13613 13614 13615 13616 13617 13618 13619 13620 13621 13622
v 18648.000 -9198.646 6000.000
v 18660.781 -9216.000 6000.000
v 18648.000 -9248.642 6000.000
v 18627.080 -9236.920 6000.000
v 18576.000 -9253.253 6000.000
v 18549.088 -9242.912 6000.000
v 18537.213 -9216.000 6000.000
v 18576.000 -9173.407 6000.000
v 18648.000 -9198.646 6000.000
l 13623 13624 13625 13626 13627 13628 13629 13630 13631
v 14289.450 -8784.000 6000.000
v 14328.000 -8844.340 6000.000
v 14328.000 -8870.918 6000.000
v 14290.355 -8965.645 6000.000
v 14256.000 -9015.490 6000.000
v 14191.967 -9064.033 6000.000
v 14176.691 -9007.309 6000.000
v 14241.244 -8784.000 6000.000
v 14256.000 -8758.554 6000.000
v 14289.450 -8784.000 6000.000
l 13632 13633 13634 13635 13636 13637 13638 13639 13640 13641
v -13320.000 -8789.910 6000.000
v -13280.458 -8816.458 6000.000
v -13233.397 -8928.000 6000.000
v -13248.000 -8952.594 6000.000
v -13260.298 -8940.298 6000.000
v -13320.000 -8974.384 6000.000
v -13345.569 -8953.569 6000.000
v -13403.292 -8939.292 6000.000
v -13411.488 -8928.000 6000.000
v -13416.902 -8880.902 6000.000
v -13437.017 -8856.000 6000.000
v -13411.564 -8803.564 6000.000
v -13452.605 -8784.000 6000.000
v -13392.000 -8767.448 6000.000
v -13320.000 -8789.910 6000.000
l 13642 13643 13644 13645 13646 13647 13648 13649 13650 13651 13652 13653 13654 13655 13656
v -14616.000 -8491.461 6000.000
v -14608.070 -8488.070 6000.000
v -14607.876 -8496.000 6000.000
v -14616.000 -8510.389 6000.000
v -14727.838 -8640.000 6000.000
v -14741.614 -8712.000 6000.000
v -14832.000 -8758.531 6000.000
v -15013.721 -8821.721 6000.000
v -15023.648 -8784.000 6000.000
v -15002.806 -8738.806 6000.000
v -14932.595 -8640.000 6000.000
v -14860.102 -8568.000 6000.000
v -14699.539 -8507.539 6000.000
v -14688.000 -8517.680 6000.000
v -14649.969 -8496.000 6000.000
v -14616.000 -8491.461 6000.000
l 13657 13658 13659 13660 13661 13662 13663 13664 13665 13666 13667 13668 13669 13670 13671 13672
v -2027.987 -8219.986 6000.000
v -1985.415 -8280.000 6000.000
v -1974.698 -8310.698 6000.000
v -1936.880 -8352.000 6000.000
v -1924.195 -8404.194 6000.000
v -1902.555 -8424.000 6000.000
v -1944.000 -8485.138 6000.000
v -1997.318 -8477.317 6000.000
v -2232.000 -8544.169 6000.000
v -2304.000 -8511.823 6000.000
v -2346.724 -8466.725 6000.000
v -2369.396 -8417.396 6000.000
v -2365.935 -8352.000 6000.000
v -2304.000 -8254.424 6000.000
v -2160.000 -8094.516 6000.000
v -2088.000 -8090.868 6000.000
v -2027.987 -8219.986 6000.000
l 13673 13674 13675 13676 13677 13678 13679 13680 13681 13682 13683 13684 13685 13686 13687 13688 13689
v -14000.931 -7952.930 6000.000
v -13977.744 -7992.000 6000.000
v -13951.413 -8119.413 6000.000
v -13856.831 -8240.831 6000.000
v -13824.000 -8352.353 6000.000
v -13896.000 -8420.291 6000.000
v -14082.190 -8394.190 6000.000
v -14123.780 -8363.780 6000.000
v -14249.776 -8345.776 6000.000
v -14366.515 -8390.515 6000.000
v -14400.000 -8379.308 6000.000
v -14434.811 -8386.811 6000.000
v -14421.145 -8352.000 6000.000
v -14415.321 -8295.321 6000.000
v -14400.000 -8267.188 6000.000
v -14254.928 -8136.000 6000.000
v -14204.211 -7992.000 6000.000
v -14213.030 -7949.031 6000.000
v -14212.722 -7776.000 6000.000
v -14197.579 -7717.579 6000.000
v -14202.822 -7704.000 6000.000
v -14184.000 -7675.596 6000.000
v -14159.094 -7751.093 6000.000
v -14112.000 -7798.914 6000.000
v -14070.423 -7878.422 6000.000
v -14000.931 -7952.930 6000.000
l 13690 13691 13692 13693 13694 13695 13696 13697 13698 13699 13700 13701 13702 13703 13704 13705 13706 13707 13708 13709 13710 13711 13712 13713 13714 13715
v -3543.518 -7935.518 6000.000
v -3491.098 -7955.098 6000.000
v -3453.548 -7989.548 6000.000
v -3312.000 -8035.583 6000.000
v -3123.531 -8208.000 6000.000
v -3116.874 -8228.874 6000.000
v -3035.584 -8280.000 6000.000
v -3051.052 -8307.052 6000.000
v -3024.000 -8314.762 6000.000
v -3015.136 -8343.137 6000.000
v -2983.874 -8352.000 6000.000
v -3168.000 -8394.498 6000.000
v -3363.141 -8331.141 6000.000
v -3456.000 -8334.307 6000.000
v -3539.933 -8291.933 6000.000
v -3650.634 -8258.634 6000.000
v -3692.662 -8228.662 6000.000
v -3755.488 -8136.000 6000.000
v -3739.160 -7992.000 6000.000
v -3693.757 -7920.000 6000.000
v -3672.000 -7904.969 6000.000
v -3543.518 -7935.518 6000.000
l 13716 13717 13718 13719 13720 13721 13722 13723 13724 13725 13726 13727 13728 13729 13730 13731 13732 13733 13734 13735 13736 13737
v -3744.000 -7820.763 6000.000
v -3744.000 -7852.335 6000.000
v -3744.000 -7820.763 6000.000
l 13738 13739 13740
v -13601.837 -5105.836 6000.000
v -13565.834 -5141.834 6000.000
v -13536.000 -5157.188 6000.000
v -13447.223 -5167.222 6000.000
v -13343.630 -5207.630 6000.000
v -13213.198 -5293.199 6000.000
v -13180.848 -5332.848 6000.000
v -13092.713 -5544.000 6000.000
v -13037.342 -5616.000 6000.000
v -12906.234 -5706.234 6000.000
v -12797.019 -5813.019 6000.000
v -12671.493 -5903.494 6000.000
v -12618.841 -5994.840 6000.000
v -12585.320 -6033.320 6000.000
v -12460.054 -6124.053 6000.000
v -12400.472 -6280.472 6000.000
v -12384.000 -6364.369 6000.000
v -12312.000 -6506.370 6000.000
v -12211.432 -6595.431 6000.000
v -12180.680 -6636.680 6000.000
v -12115.994 -6768.000 6000.000
v -12039.938 -6840.000 6000.000
v -11985.315 -6873.315 6000.000
v -11926.066 -6958.066 6000.000
v -11893.566 -7069.566 6000.000
v -11828.788 -7148.788 6000.000
v -11786.459 -7178.458 6000.000
v -11761.709 -7225.709 6000.000
v -11715.912 -7272.000 6000.000
v -11716.974 -7324.974 6000.000
v -11702.021 -7344.000 6000.000
v -11736.000 -7393.463 6000.000
v -11774.959 -7382.959 6000.000
v -11808.000 -7399.337 6000.000
v -11880.000 -7377.461 6000.000
v -12024.000 -7365.363 6000.000
v -12088.915 -7336.915 6000.000
v -12148.595 -7252.594 6000.000
v -12147.391 -7056.000 6000.000
v -12168.000 -7019.825 6000.000
v -12197.146 -7013.145 6000.000
v -12239.448 -6984.000 6000.000
v -12303.034 -6975.034 6000.000
v -12312.000 -6952.443 6000.000
v -12361.889 -6961.889 6000.000
v -12375.843 -6912.000 6000.000
v -12384.000 -6907.961 6000.000
v -12402.400 -6984.000 6000.000
v -12421.184 -7021.183 6000.000
v -12423.430 -7056.000 6000.000
v -12456.000 -7077.261 6000.000
v -12600.000 -7102.051 6000.000
v -12672.000 -7151.304 6000.000
v -12770.001 -7154.001 6000.000
v -12829.326 -7141.326 6000.000
v -12875.507 -7115.506 6000.000
v -12914.144 -7082.144 6000.000
v -12957.527 -6981.527 6000.000
v -13072.870 -6880.871 6000.000
v -13120.114 -6856.115 6000.000
v -13169.385 -6833.385 6000.000
v -13288.674 -6808.674 6000.000
v -13392.000 -6762.306 6000.000
v -13448.108 -6752.108 6000.000
v -13536.000 -6701.904 6000.000
v -13608.000 -6688.912 6000.000
v -13742.642 -6686.642 6000.000
v -13824.000 -6703.791 6000.000
v -13896.000 -6744.561 6000.000
v -13968.000 -6761.758 6000.000
v -14112.000 -6844.513 6000.000
v -14188.710 -6912.000 6000.000
v -14238.927 -6984.000 6000.000
v -14255.583 -7056.000 6000.000
v -14226.715 -7200.000 6000.000
v -14237.537 -7253.537 6000.000
v -14184.000 -7263.786 6000.000
v -14178.957 -7272.000 6000.000
v -14181.335 -7344.000 6000.000
v -14224.504 -7416.000 6000.000
v -14232.221 -7488.000 6000.000
v -14225.121 -7560.000 6000.000
v -14248.980 -7624.980 6000.000
v -14242.649 -7632.000 6000.000
v -14256.000 -7639.924 6000.000
v -14284.053 -7588.053 6000.000
v -14311.815 -7560.000 6000.000
v -14282.200 -7370.201 6000.000
v -14285.223 -7272.000 6000.000
v -14304.399 -7200.000 6000.000
v -14287.712 -7159.711 6000.000
v -14328.904 -7128.000 6000.000
v -14328.000 -7115.649 6000.000
v -14263.835 -7056.000 6000.000
v -14312.261 -7040.261 6000.000
v -14276.799 -6984.000 6000.000
v -14277.720 -6912.000 6000.000
v -14296.662 -6880.662 6000.000
v -14340.417 -6852.417 6000.000
v -14342.194 -6840.000 6000.000
v -14330.199 -6768.000 6000.000
v -14294.264 -6696.000 6000.000
v -14289.108 -6624.000 6000.000
v -14309.015 -6552.000 6000.000
v -14321.050 -6408.000 6000.000
v -14383.062 -6319.062 6000.000
v -14400.000 -6250.990 6000.000
v -14452.922 -6192.000 6000.000
v -14472.000 -6174.604 6000.000
v -14561.836 -6137.836 6000.000
v -14629.449 -6061.449 6000.000
v -14712.219 -6000.219 6000.000
v -14809.068 -5881.068 6000.000
v -14832.000 -5823.918 6000.000
v -14908.812 -5764.812 6000.000
v -15048.000 -5741.961 6000.000
v -15192.000 -5745.224 6000.000
v -15408.000 -5792.584 6000.000
v -15552.000 -5784.781 6000.000
v -15624.000 -5813.501 6000.000
v -15696.000 -5883.536 6000.000
v -15768.000 -5935.760 6000.000
v -15840.000 -5918.530 6000.000
v -15883.721 -5875.721 6000.000
v -15984.000 -5816.393 6000.000
v -16044.085 -5748.084 6000.000
v -16234.704 -5650.704 6000.000
v -16321.275 -5593.275 6000.000
v -16372.172 -5544.000 6000.000
v -16450.432 -5434.431 6000.000
v -16523.846 -5256.000 6000.000
v -16542.689 -5184.000 6000.000
v -16488.000 -5129.853 6000.000
v -16416.000 -5131.707 6000.000
v -16319.749 -5159.750 6000.000
v -16175.376 -5159.376 6000.000
v -16056.000 -5196.786 6000.000
v -15984.000 -5195.182 6000.000
v -15937.301 -5209.301 6000.000
v -15840.000 -5293.117 6000.000
v -15808.059 -5296.058 6000.000
v -15768.000 -5335.306 6000.000
v -15624.000 -5354.264 6000.000
v -15408.000 -5362.163 6000.000
v -15336.000 -5384.904 6000.000
v -15192.000 -5374.368 6000.000
v -14976.000 -5298.647 6000.000
v -14904.000 -5254.888 6000.000
v -14797.485 -5221.485 6000.000
v -14760.000 -5219.803 6000.000
v -14544.000 -5132.417 6000.000
v -14472.000 -5074.040 6000.000
v -14400.000 -4995.737 6000.000
v -14382.979 -4968.000 6000.000
v -14370.240 -4896.000 6000.000
v -14328.000 -4824.791 6000.000
v -14256.000 -4770.979 6000.000
v -14184.000 -4803.345 6000.000
v -14049.462 -4905.462 6000.000
v -13896.000 -4938.285 6000.000
v -13774.011 -4990.011 6000.000
v -13601.837 -5105.836 6000.000
l 13741 13742 13743 13744 13745 13746 13747 13748 13749 13750 13751 13752 13753 13754 13755 13756 13757 13758 13759 13760 13761 13762 13763 13764 13765 13766 13767 13768 13769 13770 13771 13772 13773 13774 13775 13776 13777 13778 13779 13780 13781 13782 13783 13784 13785 13786 13787 13788 13789 13790 13791 13792 13793 13794 13795 13796 13797 13798 13799 13800 13801 13802 13803 13804 13805 13806 13807 13808 13809 13810 13811 13812 13813 13814 13815 13816 13817 13818 13819 13820 13821 13822 13823 13824 13825 13826 13827 13828 13829 13830 13831 13832 13833 13834 13835 13836 13837 13838 13839 13840 13841 13842 13843 13844 13845 13846 13847 13848 13849 13850 13851 13852 13853 13854 13855 13856 13857 13858 13859 13860 13861 13862 13863 13864 13865 13866 13867 13868 13869 13870 13871 13872 13873 13874 13875 13876 13877 13878 13879 13880 13881 13882 13883 13884 13885 13886 13887 13888 13889 13890 13891 13892 13893 13894 13895 13896 13897 13898 13899 13900 13901 13902
v 11352.940 -5832.000 6000.000
v 11407.294 -5872.706 6000.000
v 11501.571 -5922.429 6000.000
v 11592.000 -5929.949 6000.000
v 11675.209 -5964.792 6000.000
v 11713.499 -5998.501 6000.000
v 11808.000 -6041.941 6000.000
v 11870.450 -6057.550 6000.000
v 11943.184 -6200.817 6000.000
v 11992.025 -6264.000 6000.000
v 11999.167 -6336.000 6000.000
v 11952.000 -6396.858 6000.000
v 11744.885 -6471.115 6000.000
v 11520.000 -6593.598 6000.000
v 11438.218 -6624.000 6000.000
v 11387.653 -6696.000 6000.000
v 11352.686 -6768.000 6000.000
v 11292.200 -6840.000 6000.000
v 11265.830 -6912.000 6000.000
v 11238.041 -7056.000 6000.000
v 11211.381 -7128.000 6000.000
v 11200.287 -7303.713 6000.000
v 11160.000 -7401.057 6000.000
v 11099.821 -7488.000 6000.000
v 11088.000 -7547.047 6000.000
v 11058.566 -7517.434 6000.000
v 11016.000 -7517.040 6000.000
v 10959.649 -7472.351 6000.000
v 10980.995 -7344.000 6000.000
v 10967.999 -7272.000 6000.000
v 10960.641 -7111.360 6000.000
v 10941.017 -7056.000 6000.000
v 10897.329 -6984.000 6000.000
v 10824.740 -6887.260 6000.000
v 10769.771 -6840.000 6000.000
v 10785.846 -6768.000 6000.000
v 10773.594 -6722.406 6000.000
v 10789.358 -6624.000 6000.000
v 10905.224 -6480.000 6000.000
v 10985.527 -6336.000 6000.000
v 11040.081 -6264.000 6000.000
v 11063.264 -6192.000 6000.000
v 11060.570 -6075.430 6000.000
v 11090.188 -5973.812 6000.000
v 11076.302 -5915.698 6000.000
v 10998.576 -5849.424 6000.000
v 10973.251 -5802.749 6000.000
v 10974.130 -5760.000 6000.000
v 11016.000 -5689.183 6000.000
v 11088.000 -5650.320 6000.000
v 11108.818 -5667.182 6000.000
v 11182.500 -5688.000 6000.000
v 11264.055 -5727.946 6000.000
v 11302.917 -5761.083 6000.000
v 11327.773 -5808.227 6000.000
v 11352.940 -5832.000 6000.000
l 13903 13904 13905 13906 13907 13908 13909 13910 13911 13912 13913 13914 13915 13916 13917 13918 13919 13920 13921 13922 13923 13924 13925 13926 13927 13928 13929 13930 13931 13932 13933 13934 13935 13936 13937 13938 13939 13940 13941 13942 13943 13944 13945 13946 13947 13948 13949 13950 13951 13952 13953 13954 13955 13956 13957 13958
v -14389.019 -1584.000 6000.000
v -14328.000 -1529.303 6000.000
v -14293.256 -1549.256 6000.000
v -14184.000 -1568.098 6000.000
v -14091.749 -1563.749 6000.000
v -13968.000 -1539.960 6000.000
v -13824.000 -1541.971 6000.000
v -13752.000 -1544.509 6000.000
v -13536.000 -1584.765 6000.000
v -13320.000 -1563.803 6000.000
v -13248.000 -1536.558 6000.000
v -13176.000 -1529.214 6000.000
v -13104.000 -1524.777 6000.000
v -12960.000 -1542.440 6000.000
v -12833.594 -1529.594 6000.000
v -12816.000 -1535.147 6000.000
v -12733.780 -1501.780 6000.000
v -12694.048 -1534.048 6000.000
v -12700.963 -1612.963 6000.000
v -12680.235 -1728.000 6000.000
v -12692.726 -1800.000 6000.000
v -12744.000 -1929.046 6000.000
v -12767.145 -2088.000 6000.000
v -12793.775 -2160.000 6000.000
v -12816.000 -2178.180 6000.000
v -12966.843 -2238.843 6000.000
v -13047.983 -2247.984 6000.000
v -13104.000 -2217.981 6000.000
v -13176.000 -2216.154 6000.000
v -13320.000 -2267.739 6000.000
v -13536.000 -2374.969 6000.000
v -13672.578 -2520.000 6000.000
v -13752.000 -2570.561 6000.000
v -13824.000 -2599.431 6000.000
v -13898.066 -2594.066 6000.000
v -13968.000 -2603.181 6000.000
v -14062.491 -2664.000 6000.000
v -14184.000 -2793.482 6000.000
v -14356.803 -2952.000 6000.000
v -14400.000 -3034.914 6000.000
v -14472.000 -3104.454 6000.000
v -14544.000 -3099.145 6000.000
v -14720.735 -3056.735 6000.000
v -14760.000 -3061.610 6000.000
v -14832.000 -3050.527 6000.000
v -14866.995 -3058.995 6000.000
v -14976.000 -3009.664 6000.000
v -15087.604 -2991.605 6000.000
v -15120.000 -2974.512 6000.000
v -15192.000 -2966.772 6000.000
v -15336.000 -2923.736 6000.000
v -15624.000 -2936.273 6000.000
v -15768.000 -2989.872 6000.000
v -15800.023 -2984.024 6000.000
v -15828.282 -2952.000 6000.000
v -15696.000 -2860.165 6000.000
v -15408.000 -2713.050 6000.000
v -15336.000 -2691.010 6000.000
v -15264.000 -2683.748 6000.000
v -15150.446 -2694.446 6000.000
v -15108.893 -2724.892 6000.000
v -15057.646 -2745.645 6000.000
v -14937.627 -2769.627 6000.000
v -14904.000 -2771.768 6000.000
v -14832.000 -2753.800 6000.000
v -14760.000 -2714.521 6000.000
v -14703.744 -2664.000 6000.000
v -14616.000 -2521.923 6000.000
v -14544.000 -2468.341 6000.000
v -14463.024 -2439.024 6000.000
v -14400.000 -2438.745 6000.000
v -14295.488 -2415.489 6000.000
v -14094.449 -2304.000 6000.000
v -14008.245 -2232.000 6000.000
v -13953.966 -2160.000 6000.000
v -13913.993 -2016.000 6000.000
v -13938.257 -1986.257 6000.000
v -13959.798 -1935.798 6000.000
v -14056.002 -1816.002 6000.000
v -14339.359 -1667.359 6000.000
v -14359.076 -1615.076 6000.000
v -14389.019 -1584.000 6000.000
l 13959 13960 13961 13962 13963 13964 13965 13966 13967 13968 13969 13970 13971 13972 13973 13974 13975 13976 13977 13978 13979 13980 13981 13982 13983 13984 13985 13986 13987 13988 13989 13990 13991 13992 13993 13994 13995 13996 13997 13998 13999 14000 14001 14002 14003 14004 14005 14006 14007 14008 14009 14010 14011 14012 14013 14014 14015 14016 14017 14018 14019 14020 14021 14022 14023 14024 14025 14026 14027 14028 14029 14030 14031 14032 14033 14034 14035 14036 14037 14038 14039 14040
v -12312.000 -2470.863 6000.000
v -12263.212 -2471.212 6000.000
v -12257.814 -2520.000 6000.000
v -12312.000 -2577.189 6000.000
v -12352.126 -2560.126 6000.000
v -12368.846 -2520.000 6000.000
v -12312.000 -2470.863 6000.000
l 14041 14042 14043 14044 14045 14046 14047
v -14400.000 -1501.615 6000.000
v -14364.709 -1512.000 6000.000
v -14400.000 -1557.232 6000.000
v -14413.552 -1525.552 6000.000
v -14458.870 -1512.000 6000.000
v -14400.000 -1501.615 6000.000
l 14048 14049 14050 14051 14052 14053
v -16272.000 -417.876 6000.000
v -16056.000 -365.947 6000.000
v -16013.467 -389.467 6000.000
v -15976.838 -424.838 6000.000
v -15958.002 -478.002 6000.000
v -15934.824 -504.000 6000.000
v -15952.397 -544.398 6000.000
v -15912.000 -528.908 6000.000
v -15891.277 -555.278 6000.000
v -15834.260 -576.000 6000.000
v -15812.661 -620.661 6000.000
v -15747.822 -648.000 6000.000
v -15725.796 -677.796 6000.000
v -15696.000 -672.209 6000.000
v -15552.000 -695.433 6000.000
v -15503.060 -743.060 6000.000
v -15479.928 -791.928 6000.000
v -15446.141 -830.141 6000.000
v -15363.376 -891.376 6000.000
v -15264.000 -955.247 6000.000
v -15192.000 -973.785 6000.000
v -15119.113 -1007.113 6000.000
v -15056.957 -1088.957 6000.000
v -14911.385 -1159.385 6000.000
v -14852.829 -1224.000 6000.000
v -14848.653 -1240.653 6000.000
v -14832.000 -1242.705 6000.000
v -14765.072 -1296.000 6000.000
v -14804.708 -1340.708 6000.000
v -14760.000 -1319.279 6000.000
v -14752.863 -1360.863 6000.000
v -14726.718 -1368.000 6000.000
v -14760.000 -1377.550 6000.000
v -14969.079 -1361.079 6000.000
v -15048.000 -1363.606 6000.000
v -15266.453 -1298.453 6000.000
v -15313.188 -1273.187 6000.000
v -15408.000 -1187.871 6000.000
v -15521.261 -1049.261 6000.000
v -15702.066 -870.066 6000.000
v -15763.179 -787.179 6000.000
v -15872.811 -680.811 6000.000
v -15924.787 -648.000 6000.000
v -15946.304 -610.303 6000.000
v -15996.059 -588.058 6000.000
v -16026.579 -546.579 6000.000
v -16132.192 -504.000 6000.000
v -16200.000 -465.308 6000.000
v -16347.681 -432.000 6000.000
v -16272.000 -417.876 6000.000
l 14054 14055 14056 14057 14058 14059 14060 14061 14062 14063 14064 14065 14066 14067 14068 14069 14070 14071 14072 14073 14074 14075 14076 14077 14078 14079 14080 14081 14082 14083 14084 14085 14086 14087 14088 14089 14090 14091 14092 14093 14094 14095 14096 14097 14098 14099 14100 14101 14102 14103
v -11579.831 3252.169 6000.000
v -11502.646 3257.354 6000.000
v -11424.655 3240.000 6000.000
v -11465.456 3168.000 6000.000
v -11592.000 3112.375 6000.000
v -11648.571 3111.429 6000.000
v -11791.914 3168.000 6000.000
v -11819.688 3240.000 6000.000
v -11808.000 3270.280 6000.000
v -11788.711 3259.289 6000.000
v -11736.000 3276.358 6000.000
v -11712.565 3263.434 6000.000
v -11664.000 3270.970 6000.000
v -11579.831 3252.169 6000.000
l 14104 14105 14106 14107 14108 14109 14110 14111 14112 14113 14114 14115 14116 14117
v 15740.360 3716.360 6000.000
v 15840.275 3744.000 6000.000
v 16008.664 3768.664 6000.000
v 16063.455 3744.000 6000.000
v 16097.526 3672.000 6000.000
v 16072.433 3600.000 6000.000
v 16010.199 3528.000 6000.000
v 15981.361 3456.000 6000.000
v 15930.966 3384.000 6000.000
v 15912.000 3362.337 6000.000
v 15840.000 3327.682 6000.000
v 15791.819 3335.820 6000.000
v 15768.000 3330.758 6000.000
v 15734.334 3350.334 6000.000
v 15696.000 3356.869 6000.000
v 15637.954 3397.954 6000.000
v 15624.000 3395.895 6000.000
v 15530.929 3434.929 6000.000
v 15424.442 3528.000 6000.000
v 15422.393 3542.393 6000.000
v 15375.309 3600.000 6000.000
v 15380.226 3644.226 6000.000
v 15351.914 3672.000 6000.000
v 15408.000 3716.583 6000.000
v 15480.000 3723.657 6000.000
v 15516.418 3708.418 6000.000
v 15647.154 3695.154 6000.000
v 15696.000 3698.985 6000.000
v 15740.360 3716.360 6000.000
l 14118 14119 14120 14121 14122 14123 14124 14125 14126 14127 14128 14129 14130 14131 14132 14133 14134 14135 14136 14137 14138 14139 14140 14141 14142 14143 14144 14145 14146
v -13752.000 3637.679 6000.000
v -13721.530 3630.470 6000.000
v -13752.000 3584.935 6000.000
v -13903.938 3600.000 6000.000
v -13824.000 3613.824 6000.000
v -13788.144 3635.857 6000.000
v -13752.000 3637.679 6000.000
l 14147 14148 14149 14150 14151 14152 14153
v 14764.155 4684.155 6000.000
v 14843.406 4691.406 6000.000
v 14879.734 4655.734 6000.000
v 14913.681 4473.681 6000.000
v 14908.833 4396.833 6000.000
v 14976.000 4149.781 6000.000
v 14984.225 4032.000 6000.000
v 14978.711 3960.000 6000.000
v 14904.000 3878.977 6000.000
v 14772.092 3816.000 6000.000
v 14733.022 3744.000 6000.000
v 14688.000 3735.542 6000.000
v 14665.450 3793.450 6000.000
v 14616.000 3809.553 6000.000
v 14563.822 3888.000 6000.000
v 14542.899 4032.000 6000.000
v 14559.428 4191.428 6000.000
v 14519.392 4295.392 6000.000
v 14513.380 4392.000 6000.000
v 14565.019 4536.000 6000.000
v 14636.265 4608.000 6000.000
v 14764.155 4684.155 6000.000
l 14154 14155 14156 14157 14158 14159 14160 14161 14162 14163 14164 14165 14166 14167 14168 14169 14170 14171 14172 14173 14174 14175
v -13536.000 4323.287 6000.000
v -13448.641 4335.360 6000.000
v -13351.391 4288.609 6000.000
v -13357.685 4176.000 6000.000
v -13350.753 4145.247 6000.000
v -13320.000 4093.349 6000.000
v -13284.541 3995.459 6000.000
v -13234.515 3973.486 6000.000
v -13220.938 3915.063 6000.000
v -13173.760 3888.000 6000.000
v -13172.043 3819.957 6000.000
v -13128.077 3816.000 6000.000
v -13176.000 3809.815 6000.000
v -13187.880 3816.000 6000.000
v -13183.084 3880.916 6000.000
v -13248.000 3844.416 6000.000
v -13372.025 3907.975 6000.000
v -13464.000 3908.365 6000.000
v -13536.000 3877.726 6000.000
v -13572.142 3851.858 6000.000
v -13552.977 3888.000 6000.000
v -13581.923 3914.078 6000.000
v -13540.575 4104.000 6000.000
v -13549.354 4162.646 6000.000
v -13591.806 4248.000 6000.000
v -13555.032 4300.968 6000.000
v -13557.040 4320.000 6000.000
v -13536.000 4323.287 6000.000
l 14176 14177 14178 14179 14180 14181 14182 14183 14184 14185 14186 14187 14188 14189 14190 14191 14192 14193 14194 14195 14196 14197 14198 14199 14200 14201 14202 14203
v 13104.000 5183.712 6000.000
v 13176.000 5135.694 6000.000
v 13202.213 5138.213 6000.000
v 13291.059 5184.000 6000.000
v 13320.000 5214.471 6000.000
v 13392.000 5330.308 6000.000
v 13501.537 5365.537 6000.000
v 13536.000 5366.419 6000.000
v 13589.565 5328.000 6000.000
v 13581.770 5256.000 6000.000
v 13493.919 5040.000 6000.000
v 13506.666 5010.666 6000.000
v 13485.224 4824.000 6000.000
v 13489.082 4777.082 6000.000
v 13511.447 4727.447 6000.000
v 13524.991 4608.000 6000.000
v 13513.075 4536.000 6000.000
v 13464.000 4493.661 6000.000
v 13443.767 4515.767 6000.000
v 13392.000 4529.873 6000.000
v 13364.128 4580.128 6000.000
v 13306.331 4608.000 6000.000
v 13176.000 4747.047 6000.000
v 13104.000 4802.548 6000.000
v 13086.714 4824.000 6000.000
v 13073.988 4865.988 6000.000
v 13032.000 4895.634 6000.000
v 13011.241 4947.241 6000.000
v 12960.000 4977.602 6000.000
v 12888.566 5040.000 6000.000
v 12858.184 5112.000 6000.000
v 12895.189 5184.000 6000.000
v 12960.000 5228.427 6000.000
v 13032.000 5210.339 6000.000
v 13060.012 5212.012 6000.000
v 13104.000 5183.712 6000.000
l 14204 14205 14206 14207 14208 14209 14210 14211 14212 14213 14214 14215 14216 14217 14218 14219 14220 14221 14222 14223 14224 14225 14226 14227 14228 14229 14230 14231 14232 14233 14234 14235 14236 14237 14238 14239
v 14212.746 5356.747 6000.000
v 14256.000 5341.226 6000.000
v 14266.515 5328.000 6000.000
v 14283.083 5283.083 6000.000
v 14304.892 5256.000 6000.000
v 14318.936 5184.000 6000.000
v 14273.345 5112.000 6000.000
v 14256.000 5098.923 6000.000
v 14184.000 5098.562 6000.000
v 14112.000 5132.407 6000.000
v 14064.719 5184.000 6000.000
v 14075.528 5256.000 6000.000
v 14112.000 5306.778 6000.000
v 14184.000 5369.905 6000.000
v 14212.746 5356.747 6000.000
l 14240 14241 14242 14243 14244 14245 14246 14247 14248 14249 14250 14251 14252 14253 14254
v -1363.300 9148.700 6000.000
v -1319.254 9120.746 6000.000
v -1199.492 9096.508 6000.000
v -1152.000 9076.727 6000.000
v -1023.772 9056.229 6000.000
v -982.406 9025.594 6000.000
v -967.733 8856.000 6000.000
v -958.025 8833.975 6000.000
v -917.938 8784.000 6000.000
v -848.858 8727.142 6000.000
v -821.194 8682.806 6000.000
v -779.684 8652.316 6000.000
v -627.760 8588.240 6000.000
v -600.902 8568.000 6000.000
v -463.370 8392.631 6000.000
v -414.478 8352.000 6000.000
v -288.000 8289.297 6000.000
v -144.000 8265.056 6000.000
v -108.054 8243.945 6000.000
v -47.951 8160.049 6000.000
v -1.631 8134.369 6000.000
v 114.810 8106.810 6000.000
v 360.000 8137.828 6000.000
v 504.000 8143.645 6000.000
v 731.620 8136.000 6000.000
v 720.000 8119.945 6000.000
v 504.000 8104.009 6000.000
v 432.000 8017.859 6000.000
v 416.079 7976.079 6000.000
v 422.834 7910.834 6000.000
v 510.952 7782.952 6000.000
v 432.000 7636.676 6000.000
v 406.842 7560.000 6000.000
v 367.996 7488.000 6000.000
v 357.519 7413.519 6000.000
v 382.628 7366.628 6000.000
v 383.181 7344.000 6000.000
v 343.731 7272.000 6000.000
v 334.849 7174.849 6000.000
v 339.669 7128.000 6000.000
v 308.604 7056.000 6000.000
v 329.440 6984.000 6000.000
v 365.795 6917.795 6000.000
v 368.300 6840.000 6000.000
v 360.000 6821.548 6000.000
v 288.000 6782.635 6000.000
v 280.575 6768.000 6000.000
v 314.248 6722.248 6000.000
v 321.683 6657.684 6000.000
v 350.808 6552.000 6000.000
v 411.646 6459.646 6000.000
v 475.151 6336.000 6000.000
v 500.516 6260.516 6000.000
v 565.526 6181.526 6000.000
v 656.489 6120.000 6000.000
v 668.707 6068.708 6000.000
v 666.037 5976.000 6000.000
v 698.480 5882.480 6000.000
v 709.804 5760.000 6000.000
v 697.948 5688.000 6000.000
v 670.113 5616.000 6000.000
v 562.847 5544.000 6000.000
v 478.125 5472.000 6000.000
v 412.879 5400.000 6000.000
v 368.190 5328.000 6000.000
v 364.090 5256.000 6000.000
v 387.383 5184.000 6000.000
v 360.000 5115.715 6000.000
v 312.176 5184.000 6000.000
v 343.570 5239.570 6000.000
v 288.000 5233.116 6000.000
v 263.014 5328.000 6000.000
v 286.998 5400.000 6000.000
v 385.291 5544.000 6000.000
v 396.776 5616.000 6000.000
v 390.105 5718.104 6000.000
v 374.912 5774.912 6000.000
v 343.286 5815.286 6000.000
v 257.233 5873.232 6000.000
v 146.082 5906.082 6000.000
v 81.438 5913.438 6000.000
v -72.000 5910.233 6000.000
v -216.000 5839.949 6000.000
v -360.000 5683.004 6000.000
v -432.000 5633.643 6000.000
v -538.984 5797.016 6000.000
v -561.790 5918.210 6000.000
v -606.123 6048.000 6000.000
v -620.555 6147.445 6000.000
v -644.528 6195.473 6000.000
v -663.190 6264.000 6000.000
v -659.262 6324.738 6000.000
v -611.571 6408.000 6000.000
v -576.000 6445.467 6000.000
v -535.892 6480.000 6000.000
v -412.318 6552.000 6000.000
v -323.746 6624.000 6000.000
v -194.791 6696.000 6000.000
v -155.311 6768.000 6000.000
v -153.142 6840.000 6000.000
v -185.941 6984.000 6000.000
v -183.803 7160.197 6000.000
v -195.058 7220.942 6000.000
v -221.905 7266.095 6000.000
v -264.311 7295.688 6000.000
v -293.940 7338.060 6000.000
v -360.000 7351.516 6000.000
v -492.363 7355.637 6000.000
v -551.132 7368.868 6000.000
v -706.832 7429.168 6000.000
v -792.000 7444.688 6000.000
v -936.000 7528.667 6000.000
v -1078.174 7561.827 6000.000
v -1127.480 7584.520 6000.000
v -1113.965 7632.000 6000.000
v -1130.657 7704.000 6000.000
v -1164.148 7763.853 6000.000
v -1159.017 7848.000 6000.000
v -1194.643 7877.357 6000.000
v -1225.442 7992.000 6000.000
v -1203.251 8064.000 6000.000
v -1246.887 8136.000 6000.000
v -1244.701 8208.000 6000.000
v -1188.917 8280.000 6000.000
v -1159.168 8416.832 6000.000
v -1155.042 8568.000 6000.000
v -1168.697 8640.000 6000.000
v -1153.458 8712.000 6000.000
v -1180.248 8784.000 6000.000
v -1224.000 8806.104 6000.000
v -1276.102 8803.897 6000.000
v -1304.224 8928.000 6000.000
v -1396.118 8971.882 6000.000
v -1440.000 9012.408 6000.000
v -1467.487 9072.000 6000.000
v -1460.666 9123.334 6000.000
v -1471.519 9144.000 6000.000
v -1440.000 9162.863 6000.000
v -1363.300 9148.700 6000.000
l 14255 14256 14257 14258 14259 14260 14261 14262 14263 14264 14265 14266 14267 14268 14269 14270 14271 14272 14273 14274 14275 14276 14277 14278 14279 14280 14281 14282 14283 14284 14285 14286 14287 14288 14289 14290 14291 14292 14293 14294 14295 14296 14297 14298 14299 14300 14301 14302 14303 14304 14305 14306 14307 14308 14309 14310 14311 14312 14313 14314 14315 14316 14317 14318 14319 14320 14321 14322 14323 14324 14325 14326 14327 14328 14329 14330 14331 14332 14333 14334 14335 14336 14337 14338 14339 14340 14341 14342 14343 14344 14345 14346 14347 14348 14349 14350 14351 14352 14353 14354 14355 14356 14357 14358 14359 14360 14361 14362 14363 14364 14365 14366 14367 14368 14369 14370 14371 14372 14373 14374 14375 14376 14377 14378 14379 14380 14381 14382 14383 14384 14385 14386 14387 14388 14389 14390 14391 14392 14393
v 9724.707 6196.707 6000.000
v 9797.510 6120.000 6000.000
v 9756.662 6048.000 6000.000
v 9699.389 6027.389 6000.000
v 9662.482 6062.483 6000.000
v 9649.321 6120.000 6000.000
v 9702.001 6192.000 6000.000
v 9724.707 6196.707 6000.000
l 14394 14395 14396 14397 14398 14399 14400 14401
v 14633.156 6641.157 6000.000
v 14682.481 6624.000 6000.000
v 14634.398 6552.000 6000.000
v 14615.061 6480.000 6000.000
v 14472.000 6391.075 6000.000
v 14400.000 6319.562 6000.000
v 14370.965 6306.965 6000.000
v 14328.000 6313.198 6000.000
v 14315.942 6323.942 6000.000
v 14308.837 6336.000 6000.000
v 14341.740 6408.000 6000.000
v 14400.000 6418.429 6000.000
v 14472.000 6483.788 6000.000
v 14588.875 6624.000 6000.000
v 14616.000 6643.982 6000.000
v 14633.156 6641.157 6000.000
l 14402 14403 14404 14405 14406 14407 14408 14409 14410 14411 14412 14413 14414 14415 14416 14417
v 11310.229 7272.000 6000.000
v 11311.976 7207.976 6000.000
v 11319.978 7200.000 6000.000
v 11310.685 7134.684 6000.000
v 11376.000 7152.420 6000.000
v 11396.688 7128.000 6000.000
v 11392.306 7072.306 6000.000
v 11448.000 7069.331 6000.000
v 11457.655 7056.000 6000.000
v 11463.183 6999.182 6000.000
v 11448.000 6941.451 6000.000
v 11376.000 6834.830 6000.000
v 11295.037 6831.037 6000.000
v 11251.047 6859.047 6000.000
v 11239.832 6912.000 6000.000
v 11259.652 6984.000 6000.000
v 11321.393 7056.000 6000.000
v 11268.236 7200.000 6000.000
v 11273.136 7241.136 6000.000
v 11255.588 7272.000 6000.000
v 11304.000 7286.408 6000.000
v 11310.229 7272.000 6000.000
l 14418 14419 14420 14421 14422 14423 14424 14425 14426 14427 14428 14429 14430 14431 14432 14433 14434 14435 14436 14437 14438 14439
v -4608.000 7348.059 6000.000
v -4608.000 7299.423 6000.000
v -4614.390 7337.610 6000.000
v -4608.000 7348.059 6000.000
l 14440 14441 14442 14443
v 12600.000 7589.820 6000.000
v 12612.062 7560.000 6000.000
v 12626.839 7416.000 6000.000
v 12600.000 7342.773 6000.000
v 12573.634 7416.000 6000.000
v 12571.876 7459.876 6000.000
v 12581.218 7560.000 6000.000
v 12600.000 7589.820 6000.000
l 14444 14445 14446 14447 14448 14449 14450 14451
v 12168.000 8045.325 6000.000
v 12237.879 8061.879 6000.000
v 12286.036 8038.037 6000.000
v 12312.000 8010.022 6000.000
v 12335.319 7943.319 6000.000
v 12426.954 7890.954 6000.000
v 12484.764 7876.763 6000.000
v 12527.069 7847.069 6000.000
v 12542.074 7776.000 6000.000
v 12569.362 7745.362 6000.000
v 12572.854 7704.000 6000.000
v 12554.190 7658.190 6000.000
v 12566.626 7632.000 6000.000
v 12528.000 7605.634 6000.000
v 12480.186 7656.186 6000.000
v 12456.000 7650.952 6000.000
v 12402.454 7704.000 6000.000
v 12398.693 7718.693 6000.000
v 12384.000 7721.315 6000.000
v 12358.396 7750.397 6000.000
v 12315.007 7776.000 6000.000
v 12286.766 7822.766 6000.000
v 12235.791 7843.792 6000.000
v 12217.720 7897.719 6000.000
v 12171.126 7920.000 6000.000
v 12156.005 7980.005 6000.000
v 12142.452 7992.000 6000.000
v 12168.000 8045.325 6000.000
l 14452 14453 14454 14455 14456 14457 14458 14459 14460 14461 14462 14463 14464 14465 14466 14467 14468 14469 14470 14471 14472 14473 14474 14475 14476 14477 14478 14479
v 5256.000 8504.729 6000.000
v 5328.000 8453.638 6000.000
v 5350.578 8424.000 6000.000
v 5328.000 8397.434 6000.000
v 5256.000 8374.046 6000.000
v 5116.781 8280.000 6000.000
v 5040.000 8245.304 6000.000
v 4968.000 8192.422 6000.000
v 4896.000 8169.582 6000.000
v 4824.000 8118.904 6000.000
v 4735.520 8119.520 6000.000
v 4709.103 8208.000 6000.000
v 4704.785 8376.785 6000.000
v 4683.773 8424.000 6000.000
v 4752.000 8460.360 6000.000
v 4842.095 8442.095 6000.000
v 5112.000 8459.286 6000.000
v 5256.000 8504.729 6000.000
l 14480 14481 14482 14483 14484 14485 14486 14487 14488 14489 14490 14491 14492 14493 14494 14495 14496 14497
v 5479.403 9511.403 6000.000
v 5544.000 9554.696 6000.000
v 5595.275 9483.275 6000.000
v 5667.472 9432.000 6000.000
v 5646.962 9390.963 6000.000
v 5644.439 9360.000 6000.000
v 5544.000 9278.783 6000.000
v 5472.000 9330.595 6000.000
v 5455.992 9360.000 6000.000
v 5451.439 9432.000 6000.000
v 5472.000 9515.078 6000.000
v 5479.403 9511.403 6000.000
l 14498 14499 14500 14501 14502 14503 14504 14505 14506 14507 14508 14509
v 13008.528 10128.528 6000.000
v 13032.000 10130.070 6000.000
v 13066.744 10080.000 6000.000
v 13099.026 10008.000 6000.000
v 13111.005 9864.000 6000.000
v 13128.452 9792.000 6000.000
v 13104.000 9680.709 6000.000
v 13085.950 9648.000 6000.000
v 13032.000 9602.489 6000.000
v 12960.000 9631.549 6000.000
v 12929.739 9689.739 6000.000
v 12940.846 9988.846 6000.000
v 12932.623 10080.000 6000.000
v 12960.000 10157.639 6000.000
v 12967.947 10159.947 6000.000
v 13008.528 10128.528 6000.000
l 14510 14511 14512 14513 14514 14515 14516 14517 14518 14519 14520 14521 14522 14523 14524 14525
v -11232.000 10084.978 6000.000
v -11232.000 10078.914 6000.000
v -11232.000 10084.978 6000.000
l 14526 14527 14528
v -11376.000 10247.262 6000.000
v -11365.181 10234.819 6000.000
v -11304.000 10229.021 6000.000
v -11281.478 10174.522 6000.000
v -11241.983 10152.000 6000.000
v -11304.000 10101.809 6000.000
v -11350.110 10152.000 6000.000
v -11323.012 10204.988 6000.000
v -11376.000 10190.993 6000.000
v -11409.731 10224.000 6000.000
v -11376.000 10247.262 6000.000
l 14529 14530 14531 14532 14533 14534 14535 14536 14537 14538 14539
v 9152.694 11592.000 6000.000
v 9175.764 11551.764 6000.000
v 9231.218 11535.218 6000.000
v 9307.253 11467.253 6000.000
v 9323.081 11448.000 6000.000
v 9353.703 11369.703 6000.000
v 9496.603 11304.000 6000.000
v 9539.992 11267.992 6000.000
v 9556.302 11232.000 6000.000
v 9447.674 11088.000 6000.000
v 9432.853 11016.000 6000.000
v 9400.593 10944.000 6000.000
v 9410.493 10922.493 6000.000
v 9398.843 10872.000 6000.000
v 9407.212 10847.212 6000.000
v 9401.547 10728.000 6000.000
v 9391.684 10656.000 6000.000
v 9360.000 10590.913 6000.000
v 9294.335 10512.000 6000.000
v 9249.695 10440.000 6000.000
v 9216.000 10419.816 6000.000
v 9144.000 10408.876 6000.000
v 9116.524 10412.524 6000.000
v 9072.180 10440.180 6000.000
v 9040.686 10480.686 6000.000
v 8972.137 10700.137 6000.000
v 8980.958 10800.000 6000.000
v 9071.245 10944.000 6000.000
v 9038.436 11054.436 6000.000
v 9037.666 11088.000 6000.000
v 9058.146 11160.000 6000.000
v 8970.055 11304.000 6000.000
v 8988.558 11364.558 6000.000
v 8988.278 11436.278 6000.000
v 9000.000 11490.951 6000.000
v 9054.954 11592.000 6000.000
v 9072.000 11602.345 6000.000
v 9144.000 11601.043 6000.000
v 9152.694 11592.000 6000.000
l 14540 14541 14542 14543 14544 14545 14546 14547 14548 14549 14550 14551 14552 14553 14554 14555 14556 14557 14558 14559 14560 14561 14562 14563 14564 14565 14566 14567 14568 14569 14570 14571 14572 14573 14574 14575 14576 14577 14578
v 14590.145 -17377.855 6500.000
v 14684.170 -17427.830 6500.000
v 14760.000 -17444.605 6500.000
v 14946.370 -17453.631 6500.000
v 15004.321 -17467.680 6500.000
v 15048.000 -17487.137 6500.000
v 15158.149 -17568.000 6500.000
v 15236.825 -17739.174 6500.000
v 15243.175 -17856.000 6500.000
v 15235.315 -17884.684 6500.000
v 15245.870 -17946.129 6500.000
v 15460.829 -18216.000 6500.000
v 15490.768 -18288.000 6500.000
v 15502.995 -18409.004 6500.000
v 15490.899 -18504.000 6500.000
v 15489.161 -18648.000 6500.000
v 15441.981 -18864.000 6500.000
v 15403.481 -18940.518 6500.000
v 15408.000 -19012.631 6500.000
v 15441.305 -19046.695 6500.000
v 15480.000 -19060.549 6500.000
v 15503.298 -19080.000 6500.000
v 15489.344 -19152.000 6500.000
v 15336.000 -19257.838 6500.000
v 15318.247 -19296.000 6500.000
v 15194.820 -19440.000 6500.000
v 15159.271 -19512.000 6500.000
v 15142.527 -19584.000 6500.000
v 15155.212 -19620.787 6500.000
v 15193.861 -19654.139 6500.000
v 15293.460 -19698.541 6500.000
v 15361.092 -19774.908 6500.000
v 15624.000 -20003.990 6500.000
v 15694.921 -20088.000 6500.000
v 15704.408 -20160.000 6500.000
v 15664.998 -20232.000 6500.000
v 15596.961 -20304.000 6500.000
v 15566.015 -20376.000 6500.000
v 15623.260 -20448.740 6500.000
v 15683.786 -20460.213 6500.000
v 15775.665 -20512.336 6500.000
v 15840.000 -20519.227 6500.000
v 15882.675 -20549.326 6500.000
v 15912.000 -20545.074 6500.000
v 16056.000 -20580.648 6500.000
v 16128.000 -20572.762 6500.000
v 16200.000 -20535.717 6500.000
v 16257.773 -20534.227 6500.000
v 16299.616 -20520.000 6500.000
v 16344.000 -20485.117 6500.000
v 16416.000 -20388.057 6500.000
v 16488.000 -20370.166 6500.000
v 16560.000 -20332.225 6500.000
v 16587.262 -20304.000 6500.000
v 16628.920 -20232.000 6500.000
v 16647.951 -20160.000 6500.000
v 16653.271 -20088.000 6500.000
v 16641.859 -19944.000 6500.000
v 16645.363 -19872.000 6500.000
v 16663.793 -19800.000 6500.000
v 16704.000 -19742.576 6500.000
v 16776.000 -19702.092 6500.000
v 16920.000 -19656.928 6500.000
v 17136.000 -19630.744 6500.000
v 17280.000 -19634.854 6500.000
v 17424.000 -19675.205 6500.000
v 17555.479 -19740.521 6500.000
v 17987.588 -20028.412 6500.000
v 18027.387 -20060.613 6500.000
v 18093.051 -20138.949 6500.000
v 18126.363 -20232.000 6500.000
v 18126.617 -20304.000 6500.000
v 18069.609 -20450.391 6500.000
v 18098.215 -20637.785 6500.000
v 18091.754 -20736.000 6500.000
v 18063.617 -20880.000 6500.000
v 18060.303 -20963.697 6500.000
v 18072.000 -21084.492 6500.000
v 18144.000 -21086.094 6500.000
v 18164.508 -21024.000 6500.000
v 18208.861 -20952.000 6500.000
v 18288.000 -20902.984 6500.000
v 18309.973 -20930.027 6500.000
v 18447.383 -20936.617 6500.000
v 18502.965 -20953.035 6500.000
v 18547.111 -20980.889 6500.000
v 18635.729 -21108.271 6500.000
v 18679.883 -21136.117 6500.000
v 18720.000 -21126.506 6500.000
v 18792.000 -21070.680 6500.000
v 18864.000 -21040.982 6500.000
v 18864.000 -18036.648 6500.000
v 18825.875 -17966.125 6500.000
v 18772.055 -17928.000 6500.000
v 18768.799 -17784.000 6500.000
v 18594.832 -17568.000 6500.000
v 18579.770 -17424.000 6500.000
v 18516.354 -17267.646 6500.000
v 18375.795 -17136.000 6500.000
v 18323.012 -16992.000 6500.000
v 18313.064 -16920.000 6500.000
v 18314.189 -16776.000 6500.000
v 18353.082 -16632.000 6500.000
v 18418.461 -16488.000 6500.000
v 18425.785 -16416.000 6500.000
v 18375.598 -16400.402 6500.000
v 18307.102 -16396.898 6500.000
v 18210.943 -16349.057 6500.000
v 18072.000 -16332.174 6500.000
v 17989.057 -16282.943 6500.000
v 17928.000 -16274.676 6500.000
v 17744.971 -16167.029 6500.000
v 17712.000 -16139.825 6500.000
v 17680.504 -16087.496 6500.000
v 17528.594 -16023.406 6500.000
v 17352.000 -15982.349 6500.000
v 17153.836 -15894.163 6500.000
v 17044.875 -15859.124 6500.000
v 16941.018 -15746.981 6500.000
v 16931.979 -15684.021 6500.000
v 16898.551 -15624.000 6500.000
v 16887.727 -15584.273 6500.000
v 16863.930 -15552.000 6500.000
v 16840.846 -15487.155 6500.000
v 16739.443 -15372.556 6500.000
v 16632.000 -15321.109 6500.000
v 16578.361 -15317.640 6500.000
v 16551.146 -15272.854 6500.000
v 16512.031 -15239.969 6500.000
v 16457.355 -15150.644 6500.000
v 16426.055 -15120.000 6500.000
v 16442.533 -15048.000 6500.000
v 16488.619 -14976.000 6500.000
v 16424.744 -14967.256 6500.000
v 16424.084 -14904.000 6500.000
v 16416.000 -14893.787 6500.000
v 16356.108 -14891.892 6500.000
v 16344.000 -14848.011 6500.000
v 16280.428 -14904.000 6500.000
v 16320.836 -14976.000 6500.000
v 16306.264 -15013.736 6500.000
v 16307.303 -15048.000 6500.000
v 16262.950 -15120.000 6500.000
v 16174.194 -15192.000 6500.000
v 16056.000 -15242.500 6500.000
v 15912.000 -15328.244 6500.000
v 15835.693 -15408.000 6500.000
v 15836.211 -15480.000 6500.000
v 15880.888 -15552.000 6500.000
v 15873.324 -15624.000 6500.000
v 15828.787 -15696.000 6500.000
v 15729.121 -15768.000 6500.000
v 15538.001 -15840.000 6500.000
v 15334.107 -16056.000 6500.000
v 15343.174 -16128.000 6500.000
v 15385.718 -16294.282 6500.000
v 15392.077 -16416.000 6500.000
v 15377.070 -16488.000 6500.000
v 15291.327 -16560.000 6500.000
v 15192.000 -16618.516 6500.000
v 15120.000 -16711.734 6500.000
v 15010.751 -16776.000 6500.000
v 14904.000 -16853.027 6500.000
v 14741.266 -16938.734 6500.000
v 14616.000 -16981.314 6500.000
v 14400.000 -17001.273 6500.000
v 14328.000 -17016.025 6500.000
v 14184.000 -17087.777 6500.000
v 14112.000 -17094.695 6500.000
v 13969.069 -17136.000 6500.000
v 13896.000 -17205.424 6500.000
v 13883.211 -17208.000 6500.000
v 13891.358 -17212.643 6500.000
v 13898.084 -17280.000 6500.000
v 13926.546 -17321.455 6500.000
v 14040.000 -17398.266 6500.000
v 14060.318 -17403.682 6500.000
v 14112.000 -17399.854 6500.000
v 14184.000 -17360.703 6500.000
v 14400.000 -17305.732 6500.000
v 14472.000 -17310.953 6500.000
v 14536.918 -17359.082 6500.000
v 14590.145 -17377.855 6500.000
l 14579 14580 14581 14582 14583 14584 14585 14586 14587 14588 14589 14590 14591 14592 14593 14594 14595 14596 14597 14598 14599 14600 14601 14602 14603 14604 14605 14606 14607 14608 14609 14610 14611 14612 14613 14614 14615 14616 14617 14618 14619 14620 14621 14622 14623 14624 14625 14626 14627 14628 14629 14630 14631 14632 14633 14634 14635 14636 14637 14638 14639 14640 14641 14642 14643 14644 14645 14646 14647 14648 14649 14650 14651 14652 14653 14654 14655 14656 14657 14658 14659 14660 14661 14662 14663 14664 14665 14666 14667 14668 14669 14670 14671 14672 14673 14674 14675 14676 14677 14678 14679 14680 14681 14682 14683 14684 14685 14686 14687 14688 14689 14690 14691 14692 14693 14694 14695 14696 14697 14698 14699 14700 14701 14702 14703 14704 14705 14706 14707 14708 14709 14710 14711 14712 14713 14714 14715 14716 14717 14718 14719 14720 14721 14722 14723 14724 14725 14726 14727 14728 14729 14730 14731 14732 14733 14734 14735 14736 14737 14738 14739 14740 14741 14742 14743 14744 14745 14746 14747 14748 14749 14750 14751 14752 14753 14754 14755 14756 14757 14758 14759 14760 14761
v -9432.000 -23729.271 6500.000
v -9416.124 -23744.123 6500.000
v -9360.000 -23727.342 6500.000
v -9329.876 -23801.875 6500.000
v -9288.000 -23833.426 6500.000
v -9273.540 -23889.541 6500.000
v -9279.611 -23967.611 6500.000
v -9271.914 -23976.000 6500.000
v -9288.000 -24056.350 6500.000
v -9360.000 -24035.578 6500.000
v -9388.431 -24004.430 6500.000
v -9439.030 -23976.000 6500.000
v -9459.807 -23931.807 6500.000
v -9458.395 -23832.000 6500.000
v -9432.000 -23729.271 6500.000
l 14762 14763 14764 14765 14766 14767 14768 14769 14770 14771 14772 14773 14774 14775 14776
v -9665.861 -22896.000 6500.000
v -9648.000 -22907.801 6500.000
v -9576.000 -22916.480 6500.000
v -9546.084 -22938.084 6500.000
v -9443.446 -22979.445 6500.000
v -9425.111 -23033.111 6500.000
v -9511.283 -23184.000 6500.000
v -9534.259 -23328.000 6500.000
v -9590.046 -23400.000 6500.000
v -9648.000 -23435.744 6500.000
v -9720.000 -23421.850 6500.000
v -9770.706 -23378.707 6500.000
v -9825.174 -23361.174 6500.000
v -9868.224 -23328.000 6500.000
v -9902.548 -23256.000 6500.000
v -9880.273 -23184.000 6500.000
v -9885.955 -23112.000 6500.000
v -9824.637 -23040.000 6500.000
v -9808.817 -22968.000 6500.000
v -9808.120 -22896.000 6500.000
v -9792.000 -22853.617 6500.000
v -9772.928 -22876.928 6500.000
v -9720.000 -22870.682 6500.000
v -9665.861 -22896.000 6500.000
l 14777 14778 14779 14780 14781 14782 14783 14784 14785 14786 14787 14788 14789 14790 14791 14792 14793 14794 14795 14796 14797 14798 14799 14800
v -10080.000 -20932.242 6500.000
v -10062.585 -20952.000 6500.000
v -10202.206 -21240.000 6500.000
v -10224.475 -21384.000 6500.000
v -10281.834 -21456.000 6500.000
v -10296.000 -21489.592 6500.000
v -10440.000 -21610.197 6500.000
v -10497.204 -21456.000 6500.000
v -10479.026 -21240.000 6500.000
v -10432.969 -21168.000 6500.000
v -10357.703 -21096.000 6500.000
v -10224.000 -21016.699 6500.000
v -10152.000 -20957.336 6500.000
v -10080.000 -20932.242 6500.000
l 14801 14802 14803 14804 14805 14806 14807 14808 14809 14810 14811 14812 14813 14814
v 10200.567 -18288.000 6500.000
v 10224.000 -18211.129 6500.000
v 10244.959 -18267.041 6500.000
v 10244.042 -18288.000 6500.000
v 10262.045 -18321.955 6500.000
v 10295.293 -18360.707 6500.000
v 10389.346 -18410.654 6500.000
v 10405.255 -18466.744 6500.000
v 10459.974 -18556.027 6500.000
v 10566.771 -18665.229 6500.000
v 10608.575 -18695.424 6500.000
v 10800.000 -18770.562 6500.000
v 10872.000 -18765.566 6500.000
v 10961.765 -18774.236 6500.000
v 11016.000 -18806.578 6500.000
v 11088.000 -18868.859 6500.000
v 11160.000 -18890.084 6500.000
v 11227.446 -18936.000 6500.000
v 11292.414 -19019.586 6500.000
v 11334.526 -19049.473 6500.000
v 11501.970 -19098.031 6500.000
v 11551.438 -19120.562 6500.000
v 11592.000 -19159.875 6500.000
v 11639.470 -19248.531 6500.000
v 11682.387 -19296.000 6500.000
v 11699.036 -19368.000 6500.000
v 11677.203 -19440.000 6500.000
v 11656.805 -19447.195 6500.000
v 11607.044 -19424.957 6500.000
v 11426.040 -19389.961 6500.000
v 11377.679 -19366.322 6500.000
v 11232.000 -19357.805 6500.000
v 11088.000 -19409.068 6500.000
v 10944.000 -19432.336 6500.000
v 10872.000 -19423.555 6500.000
v 10800.000 -19431.652 6500.000
v 10584.000 -19405.959 6500.000
v 10512.000 -19374.414 6500.000
v 10402.263 -19224.000 6500.000
v 10419.163 -19152.000 6500.000
v 10411.435 -19080.000 6500.000
v 10376.187 -18999.814 6500.000
v 10315.508 -18916.492 6500.000
v 10201.595 -18814.406 6500.000
v 9989.932 -18738.068 6500.000
v 9971.906 -18720.000 6500.000
v 9962.792 -18693.209 6500.000
v 9962.591 -18648.000 6500.000
v 9987.472 -18576.000 6500.000
v 10008.000 -18542.984 6500.000
v 10127.104 -18432.000 6500.000
v 10200.567 -18288.000 6500.000
l 14815 14816 14817 14818 14819 14820 14821 14822 14823 14824 14825 14826 14827 14828 14829 14830 14831 14832 14833 14834 14835 14836 14837 14838 14839 14840 14841 14842 14843 14844 14845 14846 14847 14848 14849 14850 14851 14852 14853 14854 14855 14856 14857 14858 14859 14860 14861 14862 14863 14864 14865 14866
v 7485.873 -15770.127 6500.000
v 7603.337 -15696.000 6500.000
v 7704.000 -15587.869 6500.000
v 7929.091 -15398.909 6500.000
v 7992.000 -15410.469 6500.000
v 8064.000 -15460.423 6500.000
v 8136.000 -15531.317 6500.000
v 8424.000 -15711.976 6500.000
v 8496.000 -15733.613 6500.000
v 8529.514 -15734.486 6500.000
v 8784.000 -15685.013 6500.000
v 8856.000 -15697.884 6500.000
v 8965.110 -15802.890 6500.000
v 8984.650 -15855.350 6500.000
v 9026.812 -15912.000 6500.000
v 9050.006 -15984.000 6500.000
v 9083.636 -16188.364 6500.000
v 9143.237 -16344.763 6500.000
v 9216.000 -16417.109 6500.000
v 9259.613 -16444.387 6500.000
v 9282.006 -16488.000 6500.000
v 9352.833 -16567.168 6500.000
v 9432.000 -16614.059 6500.000
v 9504.000 -16624.039 6500.000
v 9576.000 -16601.260 6500.000
v 9720.000 -16595.277 6500.000
v 9864.000 -16558.727 6500.000
v 9907.459 -16588.541 6500.000
v 10008.000 -16604.559 6500.000
v 10080.000 -16604.996 6500.000
v 10152.000 -16577.607 6500.000
v 10202.772 -16581.229 6500.000
v 10373.516 -16626.484 6500.000
v 10440.000 -16622.305 6500.000
v 10512.000 -16679.006 6500.000
v 10555.604 -16732.396 6500.000
v 10656.000 -16825.324 6500.000
v 10800.000 -16891.379 6500.000
v 10825.447 -16894.553 6500.000
v 10862.225 -16929.775 6500.000
v 10895.514 -16992.000 6500.000
v 10794.331 -17208.000 6500.000
v 10728.000 -17254.645 6500.000
v 10672.597 -17263.404 6500.000
v 10512.000 -17315.484 6500.000
v 10296.000 -17418.697 6500.000
v 10235.885 -17496.000 6500.000
v 10224.000 -17536.062 6500.000
v 10186.679 -17568.000 6500.000
v 10148.177 -17571.824 6500.000
v 10118.090 -17529.910 6500.000
v 10008.000 -17456.686 6500.000
v 9973.016 -17458.984 6500.000
v 9936.000 -17425.393 6500.000
v 9867.423 -17420.576 6500.000
v 9812.926 -17403.074 6500.000
v 9781.246 -17362.754 6500.000
v 9732.730 -17339.270 6500.000
v 9674.019 -17325.982 6500.000
v 9504.000 -17333.812 6500.000
v 9360.000 -17324.078 6500.000
v 9247.108 -17248.891 6500.000
v 9144.000 -17208.387 6500.000
v 9035.179 -17172.820 6500.000
v 8972.351 -17163.650 6500.000
v 8856.000 -17122.258 6500.000
v 8801.644 -17118.357 6500.000
v 8739.135 -16964.865 6500.000
v 8692.205 -16920.000 6500.000
v 8712.000 -16873.609 6500.000
v 8784.000 -16782.020 6500.000
v 8802.507 -16704.000 6500.000
v 8798.239 -16617.762 6500.000
v 8692.190 -16416.000 6500.000
v 8568.000 -16292.588 6500.000
v 8439.589 -16184.411 6500.000
v 8241.792 -16094.208 6500.000
v 8208.000 -16055.987 6500.000
v 8136.000 -16025.938 6500.000
v 8095.802 -16024.197 6500.000
v 7992.000 -15985.187 6500.000
v 7848.000 -15966.542 6500.000
v 7704.000 -16016.136 6500.000
v 7560.000 -16111.285 6500.000
v 7488.000 -16118.034 6500.000
v 7344.000 -16194.501 6500.000
v 7272.000 -16215.542 6500.000
v 7236.770 -16200.000 6500.000
v 7128.000 -16098.518 6500.000
v 6978.596 -16061.404 6500.000
v 6891.604 -16004.396 6500.000
v 6869.093 -15912.000 6500.000
v 6880.071 -15840.000 6500.000
v 6912.000 -15773.268 6500.000
v 6923.375 -15768.000 6500.000
v 7077.269 -15746.731 6500.000
v 7140.824 -15755.176 6500.000
v 7200.000 -15779.318 6500.000
v 7272.000 -15788.330 6500.000
v 7485.873 -15770.127 6500.000
l 14867 14868 14869 14870 14871 14872 14873 14874 14875 14876 14877 14878 14879 14880 14881 14882 14883 14884 14885 14886 14887 14888 14889 14890 14891 14892 14893 14894 14895 14896 14897 14898 14899 14900 14901 14902 14903 14904 14905 14906 14907 14908 14909 14910 14911 14912 14913 14914 14915 14916 14917 14918 14919 14920 14921 14922 14923 14924 14925 14926 14927 14928 14929 14930 14931 14932 14933 14934 14935 14936 14937 14938 14939 14940 14941 14942 14943 14944 14945 14946 14947 14948 14949 14950 14951 14952 14953 14954 14955 14956 14957 14958 14959 14960 14961 14962 14963 14964 14965 14966
v 10152.000 -11840.220 6500.000
v 10296.000 -11834.813 6500.000
v 10584.000 -11803.717 6500.000
v 10728.000 -11770.870 6500.000
v 10872.000 -11711.436 6500.000
v 11088.000 -11599.565 6500.000
v 11160.000 -11597.315 6500.000
v 11232.000 -11615.541 6500.000
v 11376.000 -11595.611 6500.000
v 11450.518 -11520.000 6500.000
v 11520.000 -11480.395 6500.000
v 11592.000 -11450.403 6500.000
v 11736.000 -11431.761 6500.000
v 11950.961 -11304.000 6500.000
v 12072.834 -11255.166 6500.000
v 12096.000 -11263.632 6500.000
v 12114.512 -11285.488 6500.000
v 12118.823 -11376.000 6500.000
v 12187.474 -11520.000 6500.000
v 12198.141 -11561.859 6500.000
v 12199.863 -11632.137 6500.000
v 12223.968 -11680.032 6500.000
v 12319.299 -11728.701 6500.000
v 12340.854 -11779.146 6500.000
v 12384.000 -11793.692 6500.000
v 12426.100 -11837.900 6500.000
v 12528.000 -11861.802 6500.000
v 12627.946 -11852.054 6500.000
v 12722.361 -11901.639 6500.000
v 12790.869 -11977.131 6500.000
v 12806.598 -12024.000 6500.000
v 12848.967 -12096.000 6500.000
v 12905.769 -12150.231 6500.000
v 12935.323 -12192.677 6500.000
v 12945.896 -12254.104 6500.000
v 12930.307 -12384.000 6500.000
v 13010.996 -12528.000 6500.000
v 13148.128 -12627.872 6500.000
v 13199.867 -12648.133 6500.000
v 13242.260 -12677.740 6500.000
v 13320.000 -12692.812 6500.000
v 13502.057 -12705.943 6500.000
v 13576.335 -12744.000 6500.000
v 13680.000 -12821.689 6500.000
v 13783.192 -12856.808 6500.000
v 13896.000 -12853.950 6500.000
v 13922.187 -12861.813 6500.000
v 13956.739 -12899.261 6500.000
v 14001.408 -12926.592 6500.000
v 14112.000 -12936.221 6500.000
v 14256.000 -12919.326 6500.000
v 14492.334 -12939.666 6500.000
v 14548.171 -12955.829 6500.000
v 14610.861 -13037.139 6500.000
v 14688.000 -13049.133 6500.000
v 14760.000 -13026.441 6500.000
v 14832.000 -12913.968 6500.000
v 14864.588 -12927.412 6500.000
v 14904.000 -12918.971 6500.000
v 14976.000 -12925.986 6500.000
v 15048.000 -12911.696 6500.000
v 15084.933 -12923.067 6500.000
v 15120.000 -12984.465 6500.000
v 15168.828 -12983.172 6500.000
v 15264.000 -12930.971 6500.000
v 15295.327 -12928.673 6500.000
v 15336.000 -12941.752 6500.000
v 15408.000 -12866.531 6500.000
v 15480.000 -12843.922 6500.000
v 15624.000 -12835.095 6500.000
v 15657.188 -12854.812 6500.000
v 15696.000 -12858.391 6500.000
v 15720.297 -12888.000 6500.000
v 15743.583 -12960.000 6500.000
v 15729.974 -13176.000 6500.000
v 15764.535 -13320.000 6500.000
v 15763.636 -13392.000 6500.000
v 15728.662 -13464.000 6500.000
v 15792.663 -13583.337 6500.000
v 15806.452 -13641.548 6500.000
v 15834.216 -13685.784 6500.000
v 15881.691 -13710.309 6500.000
v 15927.600 -13752.000 6500.000
v 15896.488 -13824.000 6500.000
v 15878.897 -13896.000 6500.000
v 15880.754 -13927.246 6500.000
v 15940.647 -14011.353 6500.000
v 15976.138 -14040.000 6500.000
v 15993.027 -14102.973 6500.000
v 15984.000 -14124.273 6500.000
v 15918.906 -14184.000 6500.000
v 15898.241 -14269.759 6500.000
v 15938.428 -14373.572 6500.000
v 15984.000 -14408.124 6500.000
v 16006.450 -14449.550 6500.000
v 16031.943 -14472.000 6500.000
v 16063.996 -14536.004 6500.000
v 16080.983 -14544.000 6500.000
v 16084.014 -14587.986 6500.000
v 16128.000 -14596.033 6500.000
v 16137.905 -14606.095 6500.000
v 16200.000 -14604.542 6500.000
v 16210.860 -14616.000 6500.000
v 16200.372 -14687.628 6500.000
v 16207.732 -14752.268 6500.000
v 16224.876 -14760.000 6500.000
v 16200.000 -14799.963 6500.000
v 16168.949 -14760.000 6500.000
v 16194.852 -14693.148 6500.000
v 16128.000 -14714.271 6500.000
v 16069.381 -14674.619 6500.000
v 15918.625 -14681.375 6500.000
v 15624.000 -14730.105 6500.000
v 15511.478 -14728.522 6500.000
v 15336.000 -14700.233 6500.000
v 15264.000 -14700.346 6500.000
v 15192.000 -14722.253 6500.000
v 14993.663 -14832.000 6500.000
v 14904.000 -14916.952 6500.000
v 14867.353 -14976.000 6500.000
v 14849.533 -15030.467 6500.000
v 14848.188 -15103.812 6500.000
v 14862.332 -15192.000 6500.000
v 14837.813 -15264.000 6500.000
v 14688.000 -15457.330 6500.000
v 14616.000 -15501.355 6500.000
v 14544.000 -15523.904 6500.000
v 14400.000 -15537.481 6500.000
v 14194.701 -15541.299 6500.000
v 14040.000 -15564.493 6500.000
v 13893.260 -15554.740 6500.000
v 13835.987 -15540.013 6500.000
v 13735.926 -15496.074 6500.000
v 13609.891 -15406.109 6500.000
v 13487.785 -15384.215 6500.000
v 13464.000 -15365.711 6500.000
v 13392.000 -15412.701 6500.000
v 13342.892 -15385.108 6500.000
v 13278.266 -15377.734 6500.000
v 13248.000 -15348.445 6500.000
v 13176.000 -15361.768 6500.000
v 13108.168 -15331.832 6500.000
v 13080.211 -15287.789 6500.000
v 13032.000 -15244.156 6500.000
v 12888.000 -15167.249 6500.000
v 12799.100 -15136.900 6500.000
v 12612.683 -15107.317 6500.000
v 12528.000 -15073.891 6500.000
v 12456.000 -15059.657 6500.000
v 12384.000 -15023.128 6500.000
v 12312.000 -15041.923 6500.000
v 12240.000 -15045.803 6500.000
v 12182.718 -15033.282 6500.000
v 12168.000 -15016.935 6500.000
v 12096.000 -15071.090 6500.000
v 12024.000 -15110.751 6500.000
v 11912.983 -15087.017 6500.000
v 11880.000 -15072.521 6500.000
v 11761.322 -14950.678 6500.000
v 11549.320 -14688.000 6500.000
v 11470.148 -14544.000 6500.000
v 11393.927 -14472.000 6500.000
v 11129.397 -14328.000 6500.000
v 10830.527 -14225.473 6500.000
v 10802.583 -14181.417 6500.000
v 10745.980 -14166.020 6500.000
v 10728.000 -14111.679 6500.000
v 10652.546 -14112.000 6500.000
v 10512.000 -14164.994 6500.000
v 10440.000 -14219.097 6500.000
v 10368.500 -14255.500 6500.000
v 10224.000 -14289.235 6500.000
v 10152.000 -14321.631 6500.000
v 10008.000 -14406.646 6500.000
v 9936.000 -14436.807 6500.000
v 9864.000 -14525.137 6500.000
v 9815.229 -14520.771 6500.000
v 9727.277 -14544.000 6500.000
v 9648.000 -14626.670 6500.000
v 9545.936 -14688.000 6500.000
v 9504.000 -14766.303 6500.000
v 9432.000 -14776.179 6500.000
v 9424.083 -14767.917 6500.000
v 9360.000 -14763.872 6500.000
v 9288.000 -14746.311 6500.000
v 8848.798 -14767.202 6500.000
v 8729.104 -14742.896 6500.000
v 8713.689 -14686.311 6500.000
v 8731.021 -14616.000 6500.000
v 8791.320 -14472.000 6500.000
v 8806.862 -14400.000 6500.000
v 8806.787 -14305.213 6500.000
v 8795.814 -14256.000 6500.000
v 8763.643 -14204.357 6500.000
v 8732.620 -14112.000 6500.000
v 8731.349 -14040.000 6500.000
v 8754.473 -13968.000 6500.000
v 8740.620 -13939.380 6500.000
v 8692.554 -13915.446 6500.000
v 8592.581 -13799.419 6500.000
v 8568.000 -13782.219 6500.000
v 8536.422 -13783.578 6500.000
v 8464.227 -13639.773 6500.000
v 8433.769 -13598.231 6500.000
v 8397.178 -13562.822 6500.000
v 8340.464 -13547.536 6500.000
v 8301.793 -13514.207 6500.000
v 8291.565 -13464.000 6500.000
v 8309.746 -13392.000 6500.000
v 8382.488 -13248.000 6500.000
v 8389.538 -13210.462 6500.000
v 8372.976 -13083.024 6500.000
v 8379.297 -13032.000 6500.000
v 8417.368 -12960.000 6500.000
v 8443.924 -12868.076 6500.000
v 8438.220 -12816.000 6500.000
v 8416.194 -12751.806 6500.000
v 8329.563 -12672.000 6500.000
v 8330.171 -12600.000 6500.000
v 8308.756 -12499.244 6500.000
v 8272.508 -12463.492 6500.000
v 8217.197 -12384.000 6500.000
v 8179.809 -12312.000 6500.000
v 8173.648 -12274.352 6500.000
v 8139.898 -12240.000 6500.000
v 8158.977 -12168.000 6500.000
v 8208.000 -12149.376 6500.000
v 8276.172 -12171.828 6500.000
v 8424.000 -12154.164 6500.000
v 8496.000 -12158.155 6500.000
v 8690.866 -12117.134 6500.000
v 8784.000 -12112.122 6500.000
v 8856.000 -12090.400 6500.000
v 8928.000 -12034.976 6500.000
v 8963.314 -11952.000 6500.000
v 9072.000 -11752.698 6500.000
v 9135.541 -11664.000 6500.000
v 9216.000 -11605.016 6500.000
v 9288.000 -11593.160 6500.000
v 9322.486 -11629.514 6500.000
v 9504.000 -11680.992 6500.000
v 9526.113 -11713.887 6500.000
v 9576.000 -11727.649 6500.000
v 9620.182 -11763.818 6500.000
v 9756.394 -11771.606 6500.000
v 9792.000 -11790.959 6500.000
v 10008.000 -11839.024 6500.000
v 10080.000 -11831.966 6500.000
v 10152.000 -11840.220 6500.000
l 14967 14968 14969 14970 14971 14972 14973 14974 14975 14976 14977 14978 14979 14980 14981 14982 14983 14984 14985 14986 14987 14988 14989 14990 14991 14992 14993 14994 14995 14996 14997 14998 14999 15000 15001 15002 15003 15004 15005 15006 15007 15008 15009 15010 15011 15012 15013 15014 15015 15016 15017 15018 15019 15020 15021 15022 15023 15024 15025 15026 15027 15028 15029 15030 15031 15032 15033 15034 15035 15036 15037 15038 15039 15040 15041 15042 15043 15044 15045 15046 15047 15048 15049 15050 15051 15052 15053 15054 15055 15056 15057 15058 15059 15060 15061 15062 15063 15064 15065 15066 15067 15068 15069 15070 15071 15072 15073 15074 15075 15076 15077 15078 15079 15080 15081 15082 15083 15084 15085 15086 15087 15088 15089 15090 15091 15092 15093 15094 15095 15096 15097 15098 15099 15100 15101 15102 15103 15104 15105 15106 15107 15108 15109 15110 15111 15112 15113 15114 15115 15116 15117 15118 15119 15120 15121 15122 15123 15124 15125 15126 15127 15128 15129 15130 15131 15132 15133 15134 15135 15136 15137 15138 15139 15140 15141 15142 15143 15144 15145 15146 15147 15148 15149 15150 15151 15152 15153 15154 15155 15156 15157 15158 15159 15160 15161 15162 15163 15164 15165 15166 15167 15168 15169 15170 15171 15172 15173 15174 15175 15176 15177 15178 15179 15180 15181 15182 15183 15184 15185 15186 15187 15188 15189 15190 15191 15192 15193 15194 15195 15196 15197 15198 15199 15200 15201 15202 15203 15204 15205 15206 15207 15208 15209 15210 15211 15212 15213 15214 15215
v 16272.000 -14805.421 6500.000
v 16279.497 -14824.503 6500.000
v 16315.938 -14832.000 6500.000
v 16272.000 -14887.552 6500.000
v 16255.287 -14848.713 6500.000
v 16230.222 -14832.000 6500.000
v 16272.000 -14805.421 6500.000
l 15216 15217 15218 15219 15220 15221 15222
v 6592.563 -11304.000 6500.000
v 6624.000 -11346.158 6500.000
v 6642.350 -11448.000 6500.000
v 6675.820 -11540.181 6500.000
v 6709.586 -11578.414 6500.000
v 6749.214 -11664.000 6500.000
v 6729.129 -11736.000 6500.000
v 6657.602 -11808.000 6500.000
v 6624.000 -11824.452 6500.000
v 6546.903 -11813.097 6500.000
v 6515.535 -11772.465 6500.000
v 6481.285 -11662.715 6500.000
v 6460.973 -11376.000 6500.000
v 6480.000 -11333.009 6500.000
v 6509.830 -11304.000 6500.000
v 6552.000 -11283.807 6500.000
v 6570.824 -11285.176 6500.000
v 6592.563 -11304.000 6500.000
l 15223 15224 15225 15226 15227 15228 15229 15230 15231 15232 15233 15234 15235 15236 15237 15238 15239 15240
v 7062.926 -10577.074 6500.000
v 7074.076 -10637.924 6500.000
v 7128.000 -10648.828 6500.000
v 7153.052 -10702.948 6500.000
v 7200.000 -10731.757 6500.000
v 7242.664 -10800.000 6500.000
v 7268.782 -10872.000 6500.000
v 7236.891 -10944.000 6500.000
v 7200.000 -10993.105 6500.000
v 7128.000 -11004.956 6500.000
v 7096.263 -10975.737 6500.000
v 7056.000 -10882.080 6500.000
v 7056.000 -10746.374 6500.000
v 7066.480 -10717.520 6500.000
v 7056.000 -10724.168 6500.000
v 7035.186 -10656.000 6500.000
v 7039.905 -10600.096 6500.000
v 7006.597 -10584.000 6500.000
v 7056.000 -10571.560 6500.000
v 7062.926 -10577.074 6500.000
l 15241 15242 15243 15244 15245 15246 15247 15248 15249 15250 15251 15252 15253 15254 15255 15256 15257 15258 15259 15260
v 12629.557 -10050.443 6500.000
v 12761.602 -10062.398 6500.000
v 12876.022 -10091.978 6500.000
v 12888.000 -10102.767 6500.000
v 12960.000 -10102.271 6500.000
v 13176.000 -10063.523 6500.000
v 13320.000 -10077.750 6500.000
v 13406.383 -10065.617 6500.000
v 13456.635 -10087.365 6500.000
v 13442.224 -10152.000 6500.000
v 13392.000 -10170.815 6500.000
v 13248.000 -10253.704 6500.000
v 13176.000 -10281.025 6500.000
v 13104.000 -10325.150 6500.000
v 12960.000 -10344.985 6500.000
v 12816.000 -10458.314 6500.000
v 12744.000 -10489.683 6500.000
v 12507.255 -10460.745 6500.000
v 12312.000 -10486.298 6500.000
v 12240.000 -10484.359 6500.000
v 12149.894 -10458.106 6500.000
v 12096.000 -10427.581 6500.000
v 11952.000 -10429.743 6500.000
v 11692.612 -10339.388 6500.000
v 11592.000 -10317.351 6500.000
v 11558.445 -10296.000 6500.000
v 11549.237 -10266.763 6500.000
v 11561.213 -10224.000 6500.000
v 11653.934 -10152.000 6500.000
v 11726.052 -10080.000 6500.000
v 11833.877 -10008.000 6500.000
v 11924.211 -9864.000 6500.000
v 11952.000 -9841.406 6500.000
v 12090.395 -9797.605 6500.000
v 12152.075 -9807.925 6500.000
v 12262.043 -9913.957 6500.000
v 12384.000 -9996.089 6500.000
v 12528.000 -10036.111 6500.000
v 12629.557 -10050.443 6500.000
l 15261 15262 15263 15264 15265 15266 15267 15268 15269 15270 15271 15272 15273 15274 15275 15276 15277 15278 15279 15280 15281 15282 15283 15284 15285 15286 15287 15288 15289 15290 15291 15292 15293 15294 15295 15296 15297 15298 15299
v 5400.000 -4555.923 6500.000
v 5475.169 -4604.831 6500.000
v 5544.000 -4620.211 6500.000
v 5616.079 -4679.921 6500.000
v 5669.711 -4698.289 6500.000
v 5688.000 -4719.188 6500.000
v 5711.278 -4728.722 6500.000
v 5726.927 -4752.000 6500.000
v 5750.468 -4761.532 6500.000
v 5832.000 -4699.875 6500.000
v 6048.000 -4633.615 6500.000
v 6101.791 -4626.209 6500.000
v 6120.000 -4631.961 6500.000
v 6192.000 -4582.558 6500.000
v 6219.079 -4580.921 6500.000
v 6258.105 -4613.895 6500.000
v 6287.725 -4656.275 6500.000
v 6264.146 -4751.854 6500.000
v 6221.252 -4824.000 6500.000
v 6178.748 -4968.000 6500.000
v 6010.401 -5112.000 6500.000
v 5904.000 -5266.579 6500.000
v 5688.000 -5363.001 6500.000
v 5616.000 -5408.265 6500.000
v 5567.332 -5472.000 6500.000
v 5547.911 -5540.089 6500.000
v 5606.842 -5616.000 6500.000
v 5650.790 -5653.210 6500.000
v 5688.000 -5745.798 6500.000
v 5730.113 -5789.887 6500.000
v 5738.178 -5832.000 6500.000
v 5788.788 -5875.212 6500.000
v 5802.239 -5904.000 6500.000
v 5877.884 -5930.116 6500.000
v 5963.695 -5976.000 6500.000
v 6048.000 -5961.861 6500.000
v 6120.000 -5961.491 6500.000
v 6260.794 -5979.206 6500.000
v 6432.672 -6023.328 6500.000
v 6468.198 -6059.802 6500.000
v 6569.141 -6120.000 6500.000
v 6580.991 -6163.009 6500.000
v 6643.037 -6192.000 6500.000
v 6624.000 -6226.813 6500.000
v 6558.898 -6257.102 6500.000
v 6480.000 -6311.043 6500.000
v 6405.623 -6408.000 6500.000
v 6399.865 -6480.000 6500.000
v 6368.818 -6552.000 6500.000
v 6264.000 -6645.356 6500.000
v 6241.305 -6696.000 6500.000
v 6249.555 -6840.000 6500.000
v 6281.593 -6894.407 6500.000
v 6283.433 -6964.567 6500.000
v 6303.621 -6984.000 6500.000
v 6290.965 -7029.035 6500.000
v 6298.751 -7056.000 6500.000
v 6294.125 -7200.000 6500.000
v 6264.000 -7252.461 6500.000
v 6210.529 -7272.000 6500.000
v 6227.273 -7308.727 6500.000
v 6208.457 -7344.000 6500.000
v 6220.241 -7387.759 6500.000
v 6264.000 -7385.705 6500.000
v 6342.557 -7409.443 6500.000
v 6317.575 -7506.425 6500.000
v 6362.336 -7533.664 6500.000
v 6435.844 -7532.156 6500.000
v 6452.812 -7587.188 6500.000
v 6535.095 -7576.905 6500.000
v 6552.000 -7630.859 6500.000
v 6624.000 -7645.638 6500.000
v 6652.104 -7675.896 6500.000
v 6696.000 -7679.161 6500.000
v 6763.900 -7708.100 6500.000
v 6984.000 -7713.663 6500.000
v 7075.117 -7756.883 6500.000
v 7128.000 -7802.272 6500.000
v 7158.432 -7848.000 6500.000
v 7237.881 -8026.119 6500.000
v 7312.992 -8167.008 6500.000
v 7390.491 -8208.000 6500.000
v 7478.440 -8280.000 6500.000
v 7525.429 -8352.000 6500.000
v 7530.967 -8381.033 6500.000
v 7560.000 -8390.846 6500.000
v 7575.889 -8408.111 6500.000
v 7632.000 -8421.659 6500.000
v 7662.277 -8465.723 6500.000
v 7721.969 -8496.000 6500.000
v 7735.839 -8536.161 6500.000
v 7784.371 -8568.000 6500.000
v 7784.428 -8631.572 6500.000
v 7859.902 -8640.000 6500.000
v 7848.000 -8651.325 6500.000
v 7843.938 -8644.062 6500.000
v 7776.000 -8651.765 6500.000
v 7746.458 -8640.000 6500.000
v 7746.592 -8597.408 6500.000
v 7704.000 -8623.006 6500.000
v 7488.000 -8523.115 6500.000
v 7398.166 -8513.834 6500.000
v 7344.000 -8522.828 6500.000
v 7128.000 -8474.024 6500.000
v 7056.000 -8482.198 6500.000
v 6840.000 -8555.514 6500.000
v 6768.000 -8589.264 6500.000
v 6696.000 -8648.410 6500.000
v 6624.000 -8755.270 6500.000
v 6587.271 -8856.000 6500.000
v 6568.462 -8928.000 6500.000
v 6565.056 -9058.943 6500.000
v 6600.191 -9216.000 6500.000
v 6611.827 -9372.173 6500.000
v 6641.215 -9486.784 6500.000
v 6679.231 -9576.000 6500.000
v 6721.185 -9622.815 6500.000
v 6767.887 -9792.000 6500.000
v 6770.692 -10008.000 6500.000
v 6780.470 -10080.000 6500.000
v 6768.000 -10138.333 6500.000
v 6750.168 -10097.832 6500.000
v 6696.000 -10111.930 6500.000
v 6653.373 -10050.627 6500.000
v 6602.330 -10029.670 6500.000
v 6575.845 -9984.155 6500.000
v 6524.998 -9963.003 6500.000
v 6480.000 -9899.684 6500.000
v 6413.407 -9936.000 6500.000
v 6373.974 -10008.000 6500.000
v 6353.979 -10062.021 6500.000
v 6357.118 -10080.000 6500.000
v 6336.000 -10096.182 6500.000
v 6294.696 -10049.304 6500.000
v 6264.000 -10048.854 6500.000
v 6192.000 -9998.561 6500.000
v 6125.455 -9936.000 6500.000
v 6092.678 -9891.322 6500.000
v 6014.936 -9825.064 6500.000
v 6005.276 -9792.000 6500.000
v 5988.786 -9779.214 6500.000
v 5976.000 -9719.631 6500.000
v 5916.489 -9707.511 6500.000
v 5904.000 -9696.192 6500.000
v 5832.000 -9716.733 6500.000
v 5760.000 -9638.271 6500.000
v 5688.000 -9520.400 6500.000
v 5641.262 -9478.738 6500.000
v 5616.000 -9415.545 6500.000
v 5577.269 -9398.731 6500.000
v 5574.441 -9360.000 6500.000
v 5558.697 -9345.303 6500.000
v 5544.000 -9305.508 6500.000
v 5472.000 -9294.905 6500.000
v 5400.000 -9306.939 6500.000
v 5278.433 -9216.000 6500.000
v 5184.000 -9126.457 6500.000
v 5149.065 -9106.935 6500.000
v 4680.000 -9055.594 6500.000
v 4464.000 -9081.388 6500.000
v 4320.000 -9138.607 6500.000
v 4201.654 -9118.347 6500.000
v 4152.718 -9095.282 6500.000
v 4117.076 -9058.925 6500.000
v 4094.087 -9000.000 6500.000
v 4082.133 -8928.000 6500.000
v 4077.119 -8712.000 6500.000
v 4049.121 -8640.000 6500.000
v 3860.354 -8451.646 6500.000
v 3797.671 -8370.329 6500.000
v 3744.000 -8264.188 6500.000
v 3715.286 -8236.715 6500.000
v 3572.537 -8163.462 6500.000
v 3253.785 -8050.215 6500.000
v 3208.887 -8023.113 6500.000
v 3059.575 -7776.000 6500.000
v 3044.658 -7704.000 6500.000
v 3109.351 -7632.000 6500.000
v 3240.000 -7520.095 6500.000
v 3290.091 -7488.000 6500.000
v 3346.329 -7416.000 6500.000
v 3365.389 -7344.000 6500.000
v 3366.984 -7272.000 6500.000
v 3292.299 -7075.701 6500.000
v 3320.265 -6912.000 6500.000
v 3279.032 -6768.000 6500.000
v 3326.017 -6696.000 6500.000
v 3416.181 -6624.000 6500.000
v 3477.802 -6530.198 6500.000
v 3496.044 -6480.000 6500.000
v 3504.626 -6336.000 6500.000
v 3564.472 -6120.000 6500.000
v 3559.590 -6048.000 6500.000
v 3487.683 -5904.000 6500.000
v 3409.624 -5806.376 6500.000
v 3338.424 -5688.000 6500.000
v 3293.419 -5634.582 6500.000
v 3168.000 -5567.402 6500.000
v 3125.172 -5514.828 6500.000
v 3055.489 -5472.000 6500.000
v 2983.116 -5400.000 6500.000
v 2950.492 -5328.000 6500.000
v 2948.129 -5256.000 6500.000
v 3096.000 -5137.114 6500.000
v 3105.533 -5112.000 6500.000
v 3161.491 -5040.000 6500.000
v 3312.000 -4948.307 6500.000
v 3424.125 -4896.000 6500.000
v 3456.000 -4870.544 6500.000
v 3588.314 -4752.000 6500.000
v 3631.082 -4680.000 6500.000
v 3816.000 -4499.446 6500.000
v 3834.877 -4517.123 6500.000
v 3954.825 -4541.175 6500.000
v 4060.677 -4651.324 6500.000
v 4176.000 -4727.220 6500.000
v 4248.000 -4715.589 6500.000
v 4365.884 -4634.116 6500.000
v 4464.000 -4584.161 6500.000
v 4505.710 -4536.000 6500.000
v 4548.509 -4392.000 6500.000
v 4608.000 -4356.777 6500.000
v 4680.000 -4342.090 6500.000
v 4735.693 -4336.307 6500.000
v 4824.000 -4344.553 6500.000
v 4910.385 -4377.615 6500.000
v 4968.000 -4426.895 6500.000
v 4995.336 -4436.664 6500.000
v 5068.605 -4435.395 6500.000
v 5114.144 -4461.856 6500.000
v 5184.000 -4471.682 6500.000
v 5261.986 -4458.014 6500.000
v 5400.000 -4555.923 6500.000
l 15300 15301 15302 15303 15304 15305 15306 15307 15308 15309 15310 15311 15312 15313 15314 15315 15316 15317 15318 15319 15320 15321 15322 15323 15324 15325 15326 15327 15328 15329 15330 15331 15332 15333 15334 15335 15336 15337 15338 15339 15340 15341 15342 15343 15344 15345 15346 15347 15348 15349 15350 15351 15352 15353 15354 15355 15356 15357 15358 15359 15360 15361 15362 15363 15364 15365 15366 15367 15368 15369 15370 15371 15372 15373 15374 15375 15376 15377 15378 15379 15380 15381 15382 15383 15384 15385 15386 15387 15388 15389 15390 15391 15392 15393 15394 15395 15396 15397 15398 15399 15400 15401 15402 15403 15404 15405 15406 15407 15408 15409 15410 15411 15412 15413 15414 15415 15416 15417 15418 15419 15420 15421 15422 15423 15424 15425 15426 15427 15428 15429 15430 15431 15432 15433 15434 15435 15436 15437 15438 15439 15440 15441 15442 15443 15444 15445 15446 15447 15448 15449 15450 15451 15452 15453 15454 15455 15456 15457 15458 15459 15460 15461 15462 15463 15464 15465 15466 15467 15468 15469 15470 15471 15472 15473 15474 15475 15476 15477 15478 15479 15480 15481 15482 15483 15484 15485 15486 15487 15488 15489 15490 15491 15492 15493 15494 15495 15496 15497 15498 15499 15500 15501 15502 15503 15504 15505 15506 15507 15508 15509 15510 15511 15512 15513 15514 15515 15516 15517 15518 15519 15520 15521 15522 15523 15524 15525 15526 15527 15528 15529 15530 15531 15532
v 12024.000 -8200.818 6500.000
v 12096.000 -8182.849 6500.000
v 12312.000 -8153.527 6500.000
v 12384.000 -8124.856 6500.000
v 12456.000 -8079.536 6500.000
v 12538.725 -8053.276 6500.000
v 12733.854 -8074.146 6500.000
v 12763.491 -8116.508 6500.000
v 12688.812 -8280.000 6500.000
v 12647.733 -8424.000 6500.000
v 12611.358 -8496.000 6500.000
v 12596.265 -8571.735 6500.000
v 12613.322 -8626.678 6500.000
v 12650.551 -8661.449 6500.000
v 12705.774 -8750.226 6500.000
v 12792.264 -8807.736 6500.000
v 12960.000 -8837.823 6500.000
v 13032.000 -8831.371 6500.000
v 13187.154 -8844.846 6500.000
v 13201.315 -8856.000 6500.000
v 13210.061 -8893.939 6500.000
v 13208.854 -8928.000 6500.000
v 13176.000 -8991.524 6500.000
v 12960.000 -9227.598 6500.000
v 12888.000 -9331.701 6500.000
v 12672.000 -9422.481 6500.000
v 12600.000 -9479.890 6500.000
v 12528.000 -9492.104 6500.000
v 12424.622 -9463.378 6500.000
v 12378.526 -9437.474 6500.000
v 12345.212 -9398.788 6500.000
v 12328.188 -9288.000 6500.000
v 12282.063 -9144.000 6500.000
v 12129.570 -8894.430 6500.000
v 12059.462 -8820.538 6500.000
v 11952.000 -8732.208 6500.000
v 11808.000 -8661.089 6500.000
v 11736.000 -8638.864 6500.000
v 11664.000 -8645.951 6500.000
v 11574.710 -8712.000 6500.000
v 11448.000 -8767.017 6500.000
v 11376.000 -8825.542 6500.000
v 11304.000 -8852.489 6500.000
v 11273.714 -8784.000 6500.000
v 11273.771 -8712.000 6500.000
v 11336.217 -8568.000 6500.000
v 11381.871 -8418.129 6500.000
v 11402.714 -8208.000 6500.000
v 11448.000 -8188.454 6500.000
v 11491.901 -8208.000 6500.000
v 11498.502 -8229.498 6500.000
v 11520.000 -8229.900 6500.000
v 11552.436 -8247.564 6500.000
v 11592.000 -8247.297 6500.000
v 11736.000 -8276.484 6500.000
v 12024.000 -8200.818 6500.000
l 15533 15534 15535 15536 15537 15538 15539 15540 15541 15542 15543 15544 15545 15546 15547 15548 15549 15550 15551 15552 15553 15554 15555 15556 15557 15558 15559 15560 15561 15562 15563 15564 15565 15566 15567 15568 15569 15570 15571 15572 15573 15574 15575 15576 15577 15578 15579 15580 15581 15582 15583 15584 15585 15586 15587 15588
v 7992.000 -8690.284 6500.000
v 8027.672 -8712.000 6500.000
v 8003.217 -8772.783 6500.000
v 8064.000 -8746.055 6500.000
v 8084.466 -8763.533 6500.000
v 8209.331 -8782.669 6500.000
v 8247.172 -8816.828 6500.000
v 8294.885 -8841.115 6500.000
v 8424.000 -8828.991 6500.000
v 8443.021 -8836.979 6500.000
v 8505.142 -8928.000 6500.000
v 8508.284 -8987.716 6500.000
v 8517.680 -9000.000 6500.000
v 8517.523 -9072.000 6500.000
v 8496.000 -9098.768 6500.000
v 8418.395 -9077.605 6500.000
v 8172.333 -8963.667 6500.000
v 8136.000 -8923.704 6500.000
v 8093.569 -8898.432 6500.000
v 8064.883 -8855.116 6500.000
v 7992.000 -8796.787 6500.000
v 7952.978 -8751.022 6500.000
v 7885.599 -8712.000 6500.000
v 7920.000 -8676.537 6500.000
v 7929.522 -8702.479 6500.000
v 7992.000 -8690.284 6500.000
l 15589 15590 15591 15592 15593 15594 15595 15596 15597 15598 15599 15600 15601 15602 15603 15604 15605 15606 15607 15608 15609 15610 15611 15612 15613 15614
v -7272.000 -7802.917 6500.000
v -7264.738 -7840.738 6500.000
v -7272.000 -7861.589 6500.000
v -7289.681 -7848.000 6500.000
v -7272.000 -7802.917 6500.000
l 15615 15616 15617 15618 15619
v -7344.000 -7121.983 6500.000
v -7272.000 -7115.638 6500.000
v -7240.502 -7096.502 6500.000
v -7200.000 -7089.323 6500.000
v -7128.000 -7028.122 6500.000
v -7068.513 -6996.513 6500.000
v -7062.038 -7056.000 6500.000
v -7111.025 -7128.000 6500.000
v -7200.000 -7194.316 6500.000
v -7264.994 -7272.000 6500.000
v -7332.934 -7416.000 6500.000
v -7382.193 -7488.000 6500.000
v -7416.123 -7560.000 6500.000
v -7482.982 -7632.000 6500.000
v -7595.759 -7595.759 6500.000
v -7691.550 -7547.550 6500.000
v -7776.000 -7529.293 6500.000
v -7794.132 -7506.132 6500.000
v -7840.812 -7488.000 6500.000
v -7776.000 -7431.956 6500.000
v -7704.000 -7419.934 6500.000
v -7632.000 -7366.421 6500.000
v -7560.000 -7291.974 6500.000
v -7488.000 -7188.348 6500.000
v -7416.000 -7136.550 6500.000
v -7344.000 -7121.983 6500.000
l 15620 15621 15622 15623 15624 15625 15626 15627 15628 15629 15630 15631 15632 15633 15634 15635 15636 15637 15638 15639 15640 15641 15642 15643 15644 15645
v -7848.000 -7414.411 6500.000
v -7836.690 -7416.000 6500.000
v -7848.000 -7439.298 6500.000
v -7848.000 -7414.411 6500.000
l 15646 15647 15648 15649
v -7619.640 -4896.000 6500.000
v -7583.008 -4919.008 6500.000
v -7565.160 -5112.000 6500.000
v -7536.557 -5184.000 6500.000
v -7416.000 -5311.530 6500.000
v -7344.000 -5325.428 6500.000
v -7272.000 -5303.731 6500.000
v -7256.327 -5312.327 6500.000
v -7188.979 -5316.979 6500.000
v -7101.005 -5373.005 6500.000
v -7032.232 -5376.232 6500.000
v -6977.009 -5393.009 6500.000
v -6940.017 -5428.017 6500.000
v -6815.670 -5472.000 6500.000
v -6742.291 -5518.291 6500.000
v -6705.935 -5553.935 6500.000
v -6673.577 -5616.000 6500.000
v -6665.888 -5657.888 6500.000
v -6665.366 -5832.000 6500.000
v -6643.430 -5923.430 6500.000
v -6567.401 -6048.000 6500.000
v -6327.395 -6336.000 6500.000
v -6230.237 -6480.000 6500.000
v -6130.953 -6706.953 6500.000
v -6095.833 -6768.000 6500.000
v -6152.421 -6840.000 6500.000
v -6192.000 -6846.803 6500.000
v -6262.621 -6910.621 6500.000
v -6336.000 -6948.129 6500.000
v -6408.000 -7000.029 6500.000
v -6480.000 -7007.715 6500.000
v -6552.000 -7003.201 6500.000
v -6598.747 -7030.747 6500.000
v -6696.000 -7064.813 6500.000
v -6768.000 -7056.046 6500.000
v -6801.528 -7017.528 6500.000
v -6840.000 -7014.706 6500.000
v -6912.000 -6962.353 6500.000
v -6956.453 -6956.453 6500.000
v -6984.000 -6898.268 6500.000
v -7019.178 -6875.178 6500.000
v -6988.241 -6768.000 6500.000
v -6990.513 -6702.513 6500.000
v -7011.385 -6624.000 6500.000
v -7051.261 -6547.261 6500.000
v -7067.547 -6491.547 6500.000
v -7183.579 -6336.000 6500.000
v -7272.259 -6264.259 6500.000
v -7404.871 -6120.000 6500.000
v -7407.786 -6039.786 6500.000
v -7427.479 -5987.479 6500.000
v -7483.105 -5899.105 6500.000
v -7566.640 -5832.000 6500.000
v -7632.000 -5788.245 6500.000
v -7704.000 -5754.837 6500.000
v -7740.213 -5724.213 6500.000
v -7776.000 -5718.801 6500.000
v -7846.830 -5686.830 6500.000
v -7920.000 -5676.535 6500.000
v -8064.000 -5700.240 6500.000
v -8233.771 -5713.771 6500.000
v -8269.747 -5688.000 6500.000
v -8243.568 -5544.000 6500.000
v -8247.601 -5472.000 6500.000
v -8219.677 -5400.000 6500.000
v -8178.215 -5328.000 6500.000
v -8185.143 -5305.143 6500.000
v -8162.484 -5210.484 6500.000
v -8172.973 -5184.000 6500.000
v -8053.764 -5112.000 6500.000
v -7920.000 -4984.056 6500.000
v -7776.000 -4939.959 6500.000
v -7711.763 -4903.763 6500.000
v -7624.935 -4888.935 6500.000
v -7619.640 -4896.000 6500.000
l 15650 15651 15652 15653 15654 15655 15656 15657 15658 15659 15660 15661 15662 15663 15664 15665 15666 15667 15668 15669 15670 15671 15672 15673 15674 15675 15676 15677 15678 15679 15680 15681 15682 15683 15684 15685 15686 15687 15688 15689 15690 15691 15692 15693 15694 15695 15696 15697 15698 15699 15700 15701 15702 15703 15704 15705 15706 15707 15708 15709 15710 15711 15712 15713 15714 15715 15716 15717 15718 15719 15720 15721 15722 15723 15724
v -14528.366 -5528.366 6500.000
v -14379.078 -5472.000 6500.000
v -14184.000 -5366.854 6500.000
v -14112.000 -5310.133 6500.000
v -14040.000 -5301.820 6500.000
v -13968.000 -5316.084 6500.000
v -13896.000 -5304.983 6500.000
v -13845.088 -5349.087 6500.000
v -13790.032 -5366.032 6500.000
v -13658.923 -5472.000 6500.000
v -13564.865 -5500.865 6500.000
v -13536.000 -5518.560 6500.000
v -13450.383 -5530.383 6500.000
v -13398.607 -5550.607 6500.000
v -13358.241 -5582.241 6500.000
v -13306.497 -5674.497 6500.000
v -13213.062 -5797.062 6500.000
v -13104.000 -5894.054 6500.000
v -13032.000 -5979.982 6500.000
v -12938.399 -6120.000 6500.000
v -12924.754 -6156.754 6500.000
v -12887.401 -6192.000 6500.000
v -12874.438 -6250.438 6500.000
v -12848.414 -6264.000 6500.000
v -12888.000 -6312.195 6500.000
v -12938.674 -6336.000 6500.000
v -12960.000 -6385.980 6500.000
v -12989.562 -6365.562 6500.000
v -13032.000 -6378.918 6500.000
v -13044.352 -6348.351 6500.000
v -13075.120 -6336.000 6500.000
v -13081.150 -6313.150 6500.000
v -13072.772 -6264.000 6500.000
v -13104.000 -6250.342 6500.000
v -13159.000 -6247.000 6500.000
v -13176.000 -6189.189 6500.000
v -13194.732 -6192.000 6500.000
v -13220.578 -6264.000 6500.000
v -13320.000 -6319.919 6500.000
v -13356.470 -6300.470 6500.000
v -13392.000 -6304.783 6500.000
v -13452.487 -6264.000 6500.000
v -13453.925 -6253.925 6500.000
v -13464.000 -6254.113 6500.000
v -13494.087 -6222.087 6500.000
v -13551.726 -6207.725 6500.000
v -13595.069 -6179.069 6500.000
v -13725.253 -6165.253 6500.000
v -13824.000 -6117.420 6500.000
v -14005.073 -6157.074 6500.000
v -14075.874 -6155.874 6500.000
v -14112.000 -6137.700 6500.000
v -14184.000 -6053.073 6500.000
v -14198.629 -5990.629 6500.000
v -14256.159 -5904.159 6500.000
v -14296.415 -5872.415 6500.000
v -14400.000 -5749.330 6500.000
v -14432.383 -5720.382 6500.000
v -14628.346 -5616.000 6500.000
v -14572.808 -5544.000 6500.000
v -14528.366 -5528.366 6500.000
l 15725 15726 15727 15728 15729 15730 15731 15732 15733 15734 15735 15736 15737 15738 15739 15740 15741 15742 15743 15744 15745 15746 15747 15748 15749 15750 15751 15752 15753 15754 15755 15756 15757 15758 15759 15760 15761 15762 15763 15764 15765 15766 15767 15768 15769 15770 15771 15772 15773 15774 15775 15776 15777 15778 15779 15780 15781 15782 15783 15784 15785
v 6624.000 -3501.351 6500.000
v 6659.933 -3456.000 6500.000
v 6696.000 -3429.498 6500.000
v 6772.099 -3451.901 6500.000
v 6912.000 -3701.544 6500.000
v 6938.267 -3789.733 6500.000
v 6952.073 -3960.000 6500.000
v 7016.198 -4104.000 6500.000
v 7038.270 -4176.000 6500.000
v 7025.442 -4278.558 6500.000
v 7033.875 -4320.000 6500.000
v 6984.000 -4387.122 6500.000
v 6840.000 -4458.127 6500.000
v 6768.000 -4479.124 6500.000
v 6696.000 -4514.859 6500.000
v 6533.665 -4554.335 6500.000
v 6439.232 -4504.768 6500.000
v 6418.713 -4453.287 6500.000
v 6408.000 -4369.708 6500.000
v 6381.622 -4346.378 6500.000
v 6369.958 -4320.000 6500.000
v 6348.009 -4307.991 6500.000
v 6336.000 -4245.889 6500.000
v 6264.000 -4228.190 6500.000
v 6120.000 -4246.468 6500.000
v 6048.000 -4242.261 6500.000
v 6020.991 -4203.009 6500.000
v 5979.084 -4176.000 6500.000
v 5963.441 -4104.000 6500.000
v 5982.690 -4032.000 6500.000
v 6120.000 -3915.919 6500.000
v 6408.000 -3633.578 6500.000
v 6478.954 -3601.046 6500.000
v 6552.000 -3584.293 6500.000
v 6624.000 -3501.351 6500.000
l 15786 15787 15788 15789 15790 15791 15792 15793 15794 15795 15796 15797 15798 15799 15800 15801 15802 15803 15804 15805 15806 15807 15808 15809 15810 15811 15812 15813 15814 15815 15816 15817 15818 15819 15820
v -5349.258 72.000 6500.000
v -5257.888 358.112 6500.000
v -5271.356 504.000 6500.000
v -5256.000 523.761 6500.000
v -5184.000 566.267 6500.000
v -5112.000 579.626 6500.000
v -4976.802 648.000 6500.000
v -4896.000 669.525 6500.000
v -4824.000 707.127 6500.000
v -4739.653 732.347 6500.000
v -4536.000 818.205 6500.000
v -4248.000 984.584 6500.000
v -4104.000 1115.522 6500.000
v -3960.000 1186.553 6500.000
v -3888.000 1187.081 6500.000
v -3841.935 1198.065 6500.000
v -3777.394 1190.606 6500.000
v -3728.568 1167.432 6500.000
v -3717.667 1152.000 6500.000
v -3713.582 1110.418 6500.000
v -3744.000 1055.029 6500.000
v -3960.000 912.708 6500.000
v -4118.457 792.000 6500.000
v -4248.000 665.142 6500.000
v -4358.825 576.000 6500.000
v -4464.000 316.190 6500.000
v -4485.176 288.000 6500.000
v -4536.000 259.417 6500.000
v -4553.198 270.802 6500.000
v -4680.000 235.833 6500.000
v -4752.000 228.205 6500.000
v -4803.701 236.299 6500.000
v -4824.000 257.591 6500.000
v -4850.955 261.045 6500.000
v -4865.734 288.000 6500.000
v -4896.000 302.177 6500.000
v -4937.377 288.000 6500.000
v -5025.065 216.000 6500.000
v -5112.000 125.371 6500.000
v -5164.021 0.000 6500.000
v -5160.500 -48.501 6500.000
v -5184.000 -100.868 6500.000
v -5256.000 -141.667 6500.000
v -5299.573 -216.000 6500.000
v -5332.557 -288.000 6500.000
v -5337.287 -360.000 6500.000
v -5360.375 -432.000 6500.000
v -5511.675 -648.000 6500.000
v -5528.803 -720.000 6500.000
v -5516.467 -864.000 6500.000
v -5500.590 -892.590 6500.000
v -5472.000 -1034.723 6500.000
v -5433.620 -1113.620 6500.000
v -5353.129 -1224.000 6500.000
v -5368.208 -1296.000 6500.000
v -5420.527 -1368.000 6500.000
v -5423.615 -1440.000 6500.000
v -5409.729 -1512.000 6500.000
v -5408.155 -1584.000 6500.000
v -5416.948 -1656.000 6500.000
v -5458.125 -1728.000 6500.000
v -5485.845 -1800.000 6500.000
v -5483.518 -1872.000 6500.000
v -5424.371 -2016.000 6500.000
v -5441.559 -2088.000 6500.000
v -5518.310 -2232.000 6500.000
v -5544.000 -2256.730 6500.000
v -5647.295 -2263.295 6500.000
v -5688.000 -2256.020 6500.000
v -6048.000 -2310.267 6500.000
v -6192.000 -2301.746 6500.000
v -6264.000 -2309.953 6500.000
v -6408.000 -2388.389 6500.000
v -6624.000 -2470.694 6500.000
v -6696.000 -2509.532 6500.000
v -6783.091 -2592.000 6500.000
v -6820.126 -2664.000 6500.000
v -6935.889 -2808.000 6500.000
v -6999.872 -2952.000 6500.000
v -7011.717 -3024.000 6500.000
v -7005.058 -3096.000 6500.000
v -6977.021 -3168.000 6500.000
v -6923.578 -3240.000 6500.000
v -6841.964 -3312.000 6500.000
v -6583.520 -3487.520 6500.000
v -6508.600 -3556.600 6500.000
v -6475.594 -3600.000 6500.000
v -6446.076 -3672.000 6500.000
v -6432.821 -3744.000 6500.000
v -6440.062 -3816.000 6500.000
v -6481.235 -3888.000 6500.000
v -6695.748 -4104.000 6500.000
v -6840.000 -4209.713 6500.000
v -7128.000 -4337.811 6500.000
v -7344.000 -4454.776 6500.000
v -7416.000 -4459.498 6500.000
v -7488.000 -4367.781 6500.000
v -7544.255 -4248.000 6500.000
v -7604.922 -4148.922 6500.000
v -7734.383 -3990.383 6500.000
v -8114.320 -3650.320 6500.000
v -8352.000 -3409.895 6500.000
v -8640.000 -3139.574 6500.000
v -8712.000 -3089.759 6500.000
v -8784.000 -3074.317 6500.000
v -8856.000 -3084.961 6500.000
v -9000.000 -3138.100 6500.000
v -9216.000 -3250.308 6500.000
v -9576.000 -3394.754 6500.000
v -9648.000 -3413.454 6500.000
v -9720.000 -3409.511 6500.000
v -9792.000 -3373.033 6500.000
v -9864.000 -3316.342 6500.000
v -10008.000 -3168.013 6500.000
v -10065.743 -3081.743 6500.000
v -10209.123 -3009.123 6500.000
v -10350.126 -2952.000 6500.000
v -10402.699 -2880.000 6500.000
v -10337.891 -2808.000 6500.000
v -10296.000 -2793.116 6500.000
v -10080.000 -2766.469 6500.000
v -9864.000 -2725.758 6500.000
v -9504.000 -2701.445 6500.000
v -9144.000 -2707.171 6500.000
v -9000.000 -2682.906 6500.000
v -8712.000 -2606.504 6500.000
v -8496.000 -2498.670 6500.000
v -8333.375 -2429.375 6500.000
v -7632.000 -2235.153 6500.000
v -7488.000 -2148.711 6500.000
v -7418.051 -2088.000 6500.000
v -7344.000 -2002.930 6500.000
v -7056.000 -1833.822 6500.000
v -6840.000 -1660.729 6500.000
v -6768.000 -1612.783 6500.000
v -6696.000 -1582.644 6500.000
v -6552.000 -1449.714 6500.000
v -6480.000 -1414.090 6500.000
v -6440.970 -1368.000 6500.000
v -6360.021 -1152.000 6500.000
v -6280.175 -1008.000 6500.000
v -6274.493 -946.492 6500.000
v -6284.140 -792.000 6500.000
v -6184.802 -720.000 6500.000
v -6135.882 -648.000 6500.000
v -6048.000 -581.842 6500.000
v -5976.000 -557.930 6500.000
v -5832.000 -475.967 6500.000
v -5688.000 -414.497 6500.000
v -5599.851 -360.000 6500.000
v -5458.660 -216.000 6500.000
v -5430.048 -144.000 6500.000
v -5371.170 -72.000 6500.000
v -5352.942 0.000 6500.000
v -5349.258 72.000 6500.000
l 15821 15822 15823 15824 15825 15826 15827 15828 15829 15830 15831 15832 15833 15834 15835 15836 15837 15838 15839 15840 15841 15842 15843 15844 15845 15846 15847 15848 15849 15850 15851 15852 15853 15854 15855 15856 15857 15858 15859 15860 15861 15862 15863 15864 15865 15866 15867 15868 15869 15870 15871 15872 15873 15874 15875 15876 15877 15878 15879 15880 15881 15882 15883 15884 15885 15886 15887 15888 15889 15890 15891 15892 15893 15894 15895 15896 15897 15898 15899 15900 15901 15902 15903 15904 15905 15906 15907 15908 15909 15910 15911 15912 15913 15914 15915 15916 15917 15918 15919 15920 15921 15922 15923 15924 15925 15926 15927 15928 15929 15930 15931 15932 15933 15934 15935 15936 15937 15938 15939 15940 15941 15942 15943 15944 15945 15946 15947 15948 15949 15950 15951 15952 15953 15954 15955 15956 15957 15958 15959 15960 15961 15962 15963 15964 15965 15966 15967 15968 15969 15970 15971 15972 15973 15974 15975
v -1944.000 -3255.560 6500.000
v -1872.000 -3235.782 6500.000
v -1790.667 -3302.667 6500.000
v -1728.000 -3383.353 6500.000
v -1673.461 -3473.461 6500.000
v -1646.183 -3528.000 6500.000
v -1627.430 -3600.000 6500.000
v -1633.704 -3672.000 6500.000
v -1656.000 -3717.961 6500.000
v -1758.185 -3816.000 6500.000
v -1872.000 -4023.066 6500.000
v -1944.000 -4061.569 6500.000
v -1973.921 -4061.921 6500.000
v -2007.784 -4023.784 6500.000
v -2003.616 -3960.000 6500.000
v -2018.752 -3888.000 6500.000
v -2081.709 -3737.709 6500.000
v -2176.700 -3616.700 6500.000
v -2223.416 -3591.416 6500.000
v -2244.287 -3528.000 6500.000
v -2210.920 -3456.000 6500.000
v -2160.000 -3395.580 6500.000
v -2016.000 -3292.938 6500.000
v -1944.000 -3255.560 6500.000
l 15976 15977 15978 15979 15980 15981 15982 15983 15984 15985 15986 15987 15988 15989 15990 15991 15992 15993 15994 15995 15996 15997 15998 15999
v -1512.000 -2802.217 6500.000
v -1443.392 -2739.392 6500.000
v -1472.462 -2808.000 6500.000
v -1538.757 -2834.757 6500.000
v -1512.000 -2802.217 6500.000
l 16000 16001 16002 16003 16004
v 1855.111 2431.111 6500.000
v 2016.000 2456.676 6500.000
v 2088.000 2437.259 6500.000
v 2199.669 2487.669 6500.000
v 2232.000 2513.017 6500.000
v 2304.000 2522.096 6500.000
v 2376.000 2553.574 6500.000
v 2448.000 2637.173 6500.000
v 2520.000 2764.578 6500.000
v 2592.000 2997.724 6500.000
v 2664.000 3068.230 6500.000
v 2736.000 2974.621 6500.000
v 2766.621 2910.621 6500.000
v 2866.758 2794.758 6500.000
v 2911.681 2767.681 6500.000
v 2946.529 2730.529 6500.000
v 2999.028 2711.028 6500.000
v 3039.370 2679.370 6500.000
v 3099.697 2664.000 6500.000
v 3201.539 2409.539 6500.000
v 3240.000 2403.411 6500.000
v 3310.262 2304.000 6500.000
v 3312.482 2232.482 6500.000
v 3240.000 2170.644 6500.000
v 3206.927 2198.927 6500.000
v 3168.000 2205.034 6500.000
v 3096.000 2177.355 6500.000
v 2952.000 2151.076 6500.000
v 2830.068 2110.068 6500.000
v 2664.000 2031.869 6500.000
v 2592.000 2025.693 6500.000
v 2448.000 1963.653 6500.000
v 2292.708 1872.000 6500.000
v 2234.220 1728.000 6500.000
v 2191.169 1656.000 6500.000
v 2143.271 1512.000 6500.000
v 2108.312 1440.000 6500.000
v 2102.152 1368.000 6500.000
v 2115.058 1323.058 6500.000
v 2104.346 1152.000 6500.000
v 2113.743 1080.000 6500.000
v 2154.768 936.000 6500.000
v 2194.681 898.681 6500.000
v 2232.000 837.498 6500.000
v 2304.000 772.562 6500.000
v 2338.267 754.267 6500.000
v 2361.003 705.003 6500.000
v 2370.115 648.000 6500.000
v 2344.173 576.000 6500.000
v 2297.358 504.000 6500.000
v 2231.127 360.000 6500.000
v 2179.009 216.000 6500.000
v 2179.097 144.000 6500.000
v 2232.000 12.438 6500.000
v 2333.882 -114.118 6500.000
v 2376.971 -215.029 6500.000
v 2397.362 -266.638 6500.000
v 2412.845 -432.000 6500.000
v 2386.336 -504.000 6500.000
v 2355.061 -668.939 6500.000
v 2304.000 -829.641 6500.000
v 2232.000 -928.692 6500.000
v 2190.238 -1008.000 6500.000
v 2088.000 -1093.451 6500.000
v 1944.000 -1242.734 6500.000
v 1800.558 -1296.000 6500.000
v 1728.000 -1356.297 6500.000
v 1592.952 -1440.000 6500.000
v 1410.959 -1469.041 6500.000
v 1368.000 -1486.994 6500.000
v 1224.000 -1593.194 6500.000
v 1057.457 -1678.543 6500.000
v 936.000 -1694.913 6500.000
v 792.000 -1683.643 6500.000
v 720.000 -1692.096 6500.000
v 648.000 -1719.653 6500.000
v 504.000 -1798.361 6500.000
v 216.000 -1729.037 6500.000
v 144.000 -1739.047 6500.000
v 72.000 -1768.764 6500.000
v -72.000 -1768.953 6500.000
v -216.000 -1797.563 6500.000
v -288.000 -1791.248 6500.000
v -360.000 -1797.433 6500.000
v -432.000 -1817.731 6500.000
v -504.000 -1861.902 6500.000
v -599.777 -1895.777 6500.000
v -648.861 -1872.861 6500.000
v -682.176 -1800.000 6500.000
v -724.951 -1584.000 6500.000
v -765.406 -1485.406 6500.000
v -792.000 -1435.253 6500.000
v -864.000 -1374.721 6500.000
v -945.060 -1377.060 6500.000
v -1008.000 -1396.715 6500.000
v -1080.000 -1401.410 6500.000
v -1237.670 -1381.670 6500.000
v -1341.513 -1341.513 6500.000
v -1415.216 -1271.216 6500.000
v -1584.000 -1168.204 6500.000
v -1656.000 -1140.594 6500.000
v -1714.598 -1138.598 6500.000
v -1872.000 -1073.835 6500.000
v -1944.000 -1056.932 6500.000
v -1994.309 -1058.309 6500.000
v -2049.601 -1041.601 6500.000
v -2067.370 -987.370 6500.000
v -2064.764 -912.764 6500.000
v -2021.964 -792.000 6500.000
v -1948.045 -648.000 6500.000
v -1925.854 -576.000 6500.000
v -1947.360 -504.000 6500.000
v -1948.888 -432.000 6500.000
v -1872.000 -382.726 6500.000
v -1800.000 -356.562 6500.000
v -1727.130 -288.000 6500.000
v -1666.229 -144.000 6500.000
v -1619.999 72.000 6500.000
v -1630.432 169.568 6500.000
v -1663.754 288.000 6500.000
v -1716.073 371.927 6500.000
v -1746.506 504.000 6500.000
v -1800.000 606.886 6500.000
v -1872.000 672.321 6500.000
v -1922.167 741.833 6500.000
v -1962.910 773.090 6500.000
v -2088.000 834.998 6500.000
v -2298.169 869.831 6500.000
v -2351.626 888.374 6500.000
v -2358.121 936.000 6500.000
v -2235.434 1080.000 6500.000
v -2145.791 1224.000 6500.000
v -2088.000 1289.811 6500.000
v -2046.474 1265.526 6500.000
v -2016.000 1264.745 6500.000
v -1944.000 1283.561 6500.000
v -1831.389 1368.000 6500.000
v -1656.000 1419.341 6500.000
v -1523.866 1512.000 6500.000
v -1460.630 1584.000 6500.000
v -1362.722 1728.000 6500.000
v -1274.015 1872.000 6500.000
v -1253.893 1944.000 6500.000
v -1224.000 1995.565 6500.000
v -1152.000 2014.985 6500.000
v -1106.489 1989.511 6500.000
v -1046.862 1977.138 6500.000
v -998.474 1953.526 6500.000
v -917.094 1890.906 6500.000
v -648.000 1794.614 6500.000
v -483.858 1820.142 6500.000
v -360.000 1773.746 6500.000
v -257.107 1758.893 6500.000
v -216.000 1738.217 6500.000
v -144.000 1784.147 6500.000
v -72.000 1810.748 6500.000
v 0.000 1819.667 6500.000
v 72.000 1815.218 6500.000
v 216.000 1864.268 6500.000
v 288.000 1877.970 6500.000
v 432.000 1940.980 6500.000
v 504.000 1956.985 6500.000
v 648.000 1973.723 6500.000
v 720.000 1991.846 6500.000
v 835.014 1987.014 6500.000
v 915.539 1995.539 6500.000
v 1080.000 2039.276 6500.000
v 1152.000 2027.418 6500.000
v 1174.031 2038.031 6500.000
v 1224.000 2029.293 6500.000
v 1280.680 2088.000 6500.000
v 1324.654 2160.000 6500.000
v 1488.809 2304.000 6500.000
v 1512.000 2340.181 6500.000
v 1584.000 2387.688 6500.000
v 1855.111 2431.111 6500.000
l 16005 16006 16007 16008 16009 16010 16011 16012 16013 16014 16015 16016 16017 16018 16019 16020 16021 16022 16023 16024 16025 16026 16027 16028 16029 16030 16031 16032 16033 16034 16035 16036 16037 16038 16039 16040 16041 16042 16043 16044 16045 16046 16047 16048 16049 16050 16051 16052 16053 16054 16055 16056 16057 16058 16059 16060 16061 16062 16063 16064 16065 16066 16067 16068 16069 16070 16071 16072 16073 16074 16075 16076 16077 16078 16079 16080 16081 16082 16083 16084 16085 16086 16087 16088 16089 16090 16091 16092 16093 16094 16095 16096 16097 16098 16099 16100 16101 16102 16103 16104 16105 16106 16107 16108 16109 16110 16111 16112 16113 16114 16115 16116 16117 16118 16119 16120 16121 16122 16123 16124 16125 16126 16127 16128 16129 16130 16131 16132 16133 16134 16135 16136 16137 16138 16139 16140 16141 16142 16143 16144 16145 16146 16147 16148 16149 16150 16151 16152 16153 16154 16155 16156 16157 16158 16159 16160 16161 16162 16163 16164 16165 16166 16167 16168 16169 16170 16171 16172 16173 16174 16175 16176 16177 16178 16179 16180
v 6505.477 97.477 6500.000
v 6480.000 29.962 6500.000
v 6452.860 0.000 6500.000
v 6446.653 -33.347 6500.000
v 6325.323 -216.000 6500.000
v 6308.248 -288.000 6500.000
v 6318.525 -305.475 6500.000
v 6316.578 -432.000 6500.000
v 6276.748 -563.253 6500.000
v 6264.000 -650.340 6500.000
v 6192.000 -701.915 6500.000
v 5854.008 -625.992 6500.000
v 5834.989 -573.010 6500.000
v 5859.469 -360.000 6500.000
v 5904.000 -310.541 6500.000
v 6048.000 -224.656 6500.000
v 6120.000 -170.130 6500.000
v 6192.000 -141.367 6500.000
v 6261.475 -72.000 6500.000
v 6408.000 38.110 6500.000
v 6480.000 113.542 6500.000
v 6505.477 97.477 6500.000
l 16181 16182 16183 16184 16185 16186 16187 16188 16189 16190 16191 16192 16193 16194 16195 16196 16197 16198 16199 16200 16201 16202
v 11115.918 -432.000 6500.000
v 11119.602 -472.398 6500.000
v 11165.848 -504.000 6500.000
v 11088.000 -534.813 6500.000
v 11064.552 -527.449 6500.000
v 11035.388 -504.000 6500.000
v 11064.500 -432.000 6500.000
v 11088.000 -419.417 6500.000
v 11115.918 -432.000 6500.000
l 16203 16204 16205 16206 16207 16208 16209 16210 16211
v 11888.507 -279.493 6500.000
v 11919.501 -320.499 6500.000
v 11906.766 -360.000 6500.000
v 11880.000 -385.681 6500.000
v 11831.145 -408.856 6500.000
v 11808.000 -405.613 6500.000
v 11780.740 -387.260 6500.000
v 11776.165 -360.000 6500.000
v 11808.000 -315.368 6500.000
v 11853.249 -288.000 6500.000
v 11888.507 -279.493 6500.000
l 16212 16213 16214 16215 16216 16217 16218 16219 16220 16221 16222
v 8301.922 2376.000 6500.000
v 8308.587 2332.587 6500.000
v 8334.138 2286.138 6500.000
v 8521.266 2160.000 6500.000
v 8534.190 2088.000 6500.000
v 8496.000 2072.611 6500.000
v 8424.000 2070.373 6500.000
v 8352.000 2071.455 6500.000
v 8280.000 2090.459 6500.000
v 8208.000 2070.619 6500.000
v 8136.000 1992.513 6500.000
v 7967.264 1919.264 6500.000
v 7848.000 1898.266 6500.000
v 7690.841 1800.000 6500.000
v 7532.300 1584.000 6500.000
v 7527.702 1551.702 6500.000
v 7488.000 1464.809 6500.000
v 7360.896 1368.000 6500.000
v 7344.000 1338.267 6500.000
v 7312.539 1224.000 6500.000
v 7307.612 1080.000 6500.000
v 7289.544 1008.000 6500.000
v 7208.589 864.000 6500.000
v 7199.230 791.230 6500.000
v 7205.336 720.000 6500.000
v 7179.026 648.000 6500.000
v 7128.000 587.605 6500.000
v 6984.000 563.533 6500.000
v 6912.000 525.482 6500.000
v 6840.000 468.813 6500.000
v 6768.000 394.583 6500.000
v 6706.115 370.115 6500.000
v 6628.041 364.041 6500.000
v 6605.979 413.979 6500.000
v 6611.843 432.000 6500.000
v 6589.796 504.000 6500.000
v 6527.879 623.879 6500.000
v 6487.579 727.579 6500.000
v 6475.786 859.786 6500.000
v 6463.529 919.529 6500.000
v 6451.197 936.000 6500.000
v 6480.000 960.285 6500.000
v 6696.000 1033.437 6500.000
v 6751.363 1080.000 6500.000
v 6840.000 1187.904 6500.000
v 6912.000 1310.842 6500.000
v 7033.442 1440.000 6500.000
v 7176.701 1488.701 6500.000
v 7200.000 1486.613 6500.000
v 7344.000 1563.742 6500.000
v 7363.338 1584.000 6500.000
v 7407.441 1656.000 6500.000
v 7457.452 1800.000 6500.000
v 7457.409 1841.409 6500.000
v 7507.782 2088.000 6500.000
v 7632.000 2231.414 6500.000
v 7704.000 2344.723 6500.000
v 7737.583 2376.000 6500.000
v 7776.000 2401.765 6500.000
v 7992.000 2414.098 6500.000
v 8130.253 2442.253 6500.000
v 8208.253 2448.253 6500.000
v 8257.313 2425.313 6500.000
v 8301.922 2376.000 6500.000
l 16223 16224 16225 16226 16227 16228 16229 16230 16231 16232 16233 16234 16235 16236 16237 16238 16239 16240 16241 16242 16243 16244 16245 16246 16247 16248 16249 16250 16251 16252 16253 16254 16255 16256 16257 16258 16259 16260 16261 16262 16263 16264 16265 16266 16267 16268 16269 16270 16271 16272 16273 16274 16275 16276 16277 16278 16279 16280 16281 16282 16283 16284 16285 16286
v -7344.000 4499.980 6500.000
v -7272.000 4521.721 6500.000
v -7151.933 4680.000 6500.000
v -6984.000 4859.982 6500.000
v -6912.000 4908.638 6500.000
v -6840.000 4973.627 6500.000
v -6768.000 5005.760 6500.000
v -6696.000 4987.185 6500.000
v -6552.000 5025.630 6500.000
v -6408.000 5051.711 6500.000
v -6336.000 5044.367 6500.000
v -6192.000 5071.297 6500.000
v -6120.000 5054.257 6500.000
v -6048.000 5071.484 6500.000
v -6030.761 5057.239 6500.000
v -5904.246 5039.754 6500.000
v -5832.000 4990.192 6500.000
v -5751.502 4968.000 6500.000
v -5808.512 4896.000 6500.000
v -5832.000 4879.807 6500.000
v -5909.479 4752.000 6500.000
v -5947.910 4680.000 6500.000
v -6003.236 4536.000 6500.000
v -6048.000 4497.688 6500.000
v -6264.000 4378.720 6500.000
v -6336.000 4297.839 6500.000
v -6408.000 4256.395 6500.000
v -6552.000 4148.707 6500.000
v -6624.000 4135.141 6500.000
v -6688.053 4104.000 6500.000
v -6734.857 4032.000 6500.000
v -6840.000 3980.579 6500.000
v -6903.932 3888.000 6500.000
v -6942.304 3744.000 6500.000
v -6945.458 3672.000 6500.000
v -6879.671 3456.000 6500.000
v -6823.208 3400.792 6500.000
v -6798.229 3353.771 6500.000
v -6737.055 3312.000 6500.000
v -6648.355 3215.645 6500.000
v -6548.747 3168.000 6500.000
v -6523.058 3124.942 6500.000
v -6390.026 3096.000 6500.000
v -6480.000 3067.504 6500.000
v -6624.000 3055.301 6500.000
v -6683.280 3024.000 6500.000
v -6732.999 2952.000 6500.000
v -6737.128 2880.000 6500.000
v -6768.000 2857.136 6500.000
v -6797.896 2808.000 6500.000
v -6805.754 2736.000 6500.000
v -6854.125 2664.000 6500.000
v -6928.770 2592.000 6500.000
v -7081.129 2376.000 6500.000
v -7090.088 2304.000 6500.000
v -7067.281 2088.000 6500.000
v -7095.359 1944.000 6500.000
v -7128.000 1894.061 6500.000
v -7200.000 1911.093 6500.000
v -7260.523 1955.477 6500.000
v -7289.213 1998.786 6500.000
v -7344.000 2026.181 6500.000
v -7366.413 2065.587 6500.000
v -7410.555 2093.445 6500.000
v -7560.000 2179.382 6500.000
v -7673.210 2190.789 6500.000
v -7980.874 2099.126 6500.000
v -8064.000 2088.610 6500.000
v -8136.000 2105.075 6500.000
v -8208.000 2076.393 6500.000
v -8280.000 2023.498 6500.000
v -8336.936 1944.000 6500.000
v -8409.471 1872.000 6500.000
v -8519.398 1800.000 6500.000
v -8575.293 1728.000 6500.000
v -8609.811 1656.000 6500.000
v -8640.000 1530.386 6500.000
v -8662.446 1561.554 6500.000
v -8712.000 1590.701 6500.000
v -8740.226 1627.774 6500.000
v -8784.000 1656.922 6500.000
v -8856.000 1640.541 6500.000
v -8895.292 1656.000 6500.000
v -8910.271 1673.728 6500.000
v -9000.000 1693.015 6500.000
v -9037.250 1690.750 6500.000
v -9072.000 1716.803 6500.000
v -9084.229 1715.771 6500.000
v -9000.000 1810.223 6500.000
v -8814.357 1872.000 6500.000
v -8640.000 2003.484 6500.000
v -8568.000 2074.898 6500.000
v -8483.523 2232.000 6500.000
v -8458.870 2304.000 6500.000
v -8461.425 2410.575 6500.000
v -8482.035 2448.000 6500.000
v -8496.000 2511.985 6500.000
v -8552.777 2592.000 6500.000
v -8698.905 2605.095 6500.000
v -8748.749 2699.250 6500.000
v -8750.348 2736.000 6500.000
v -8784.000 2817.959 6500.000
v -8856.000 2835.811 6500.000
v -9000.000 2792.555 6500.000
v -9144.000 2780.333 6500.000
v -9158.858 2793.141 6500.000
v -9171.693 2852.306 6500.000
v -9172.501 2995.499 6500.000
v -9191.454 3048.546 6500.000
v -9210.386 3173.614 6500.000
v -9248.576 3279.424 6500.000
v -9288.000 3325.295 6500.000
v -9386.725 3384.000 6500.000
v -9446.970 3456.000 6500.000
v -9461.658 3498.342 6500.000
v -9495.822 3536.178 6500.000
v -9831.298 3744.000 6500.000
v -9884.614 3816.000 6500.000
v -9883.090 3888.000 6500.000
v -9576.000 4031.355 6500.000
v -9493.914 4104.000 6500.000
v -9432.000 4192.459 6500.000
v -9307.226 4320.000 6500.000
v -9286.724 4392.000 6500.000
v -9202.541 4464.000 6500.000
v -9169.903 4536.000 6500.000
v -9168.611 4583.389 6500.000
v -9180.345 4608.000 6500.000
v -9172.984 4651.016 6500.000
v -9194.120 4680.000 6500.000
v -9189.988 4752.000 6500.000
v -9144.000 4820.941 6500.000
v -9072.000 4863.017 6500.000
v -9000.000 4890.645 6500.000
v -8941.199 4882.801 6500.000
v -8856.000 4914.966 6500.000
v -8843.288 4908.711 6500.000
v -8784.000 4917.790 6500.000
v -8748.503 4896.000 6500.000
v -8733.483 4874.516 6500.000
v -8712.000 4876.812 6500.000
v -8684.586 4851.414 6500.000
v -8521.897 4798.103 6500.000
v -8306.328 4797.671 6500.000
v -8256.804 4775.196 6500.000
v -8227.562 4732.438 6500.000
v -8053.776 4618.224 6500.000
v -7876.724 4579.276 6500.000
v -7838.188 4545.812 6500.000
v -7806.070 4536.000 6500.000
v -7776.000 4527.621 6500.000
v -7632.000 4527.572 6500.000
v -7584.212 4511.788 6500.000
v -7367.493 4512.507 6500.000
v -7344.000 4499.980 6500.000
l 16287 16288 16289 16290 16291 16292 16293 16294 16295 16296 16297 16298 16299 16300 16301 16302 16303 16304 16305 16306 16307 16308 16309 16310 16311 16312 16313 16314 16315 16316 16317 16318 16319 16320 16321 16322 16323 16324 16325 16326 16327 16328 16329 16330 16331 16332 16333 16334 16335 16336 16337 16338 16339 16340 16341 16342 16343 16344 16345 16346 16347 16348 16349 16350 16351 16352 16353 16354 16355 16356 16357 16358 16359 16360 16361 16362 16363 16364 16365 16366 16367 16368 16369 16370 16371 16372 16373 16374 16375 16376 16377 16378 16379 16380 16381 16382 16383 16384 16385 16386 16387 16388 16389 16390 16391 16392 16393 16394 16395 16396 16397 16398 16399 16400 16401 16402 16403 16404 16405 16406 16407 16408 16409 16410 16411 16412 16413 16414 16415 16416 16417 16418 16419 16420 16421 16422 16423 16424 16425 16426 16427 16428 16429 16430 16431 16432 16433 16434 16435 16436 16437 16438 16439 16440 16441
v 4248.000 5924.100 6500.000
v 4320.000 5905.542 6500.000
v 4464.000 5891.537 6500.000
v 4536.000 5874.636 6500.000
v 4824.000 5904.813 6500.000
v 4896.000 5925.511 6500.000
v 5007.469 5976.000 6500.000
v 5087.064 6048.000 6500.000
v 5184.000 6156.467 6500.000
v 5235.288 6192.000 6500.000
v 5264.292 6200.292 6500.000
v 5328.000 6182.754 6500.000
v 5356.473 6148.473 6500.000
v 5400.000 6147.022 6500.000
v 5450.153 6098.153 6500.000
v 5472.000 6097.882 6500.000
v 5544.000 6057.243 6500.000
v 5660.704 6020.704 6500.000
v 5700.249 5988.249 6500.000
v 5730.313 5946.313 6500.000
v 5848.115 5848.115 6500.000
v 5904.000 5753.884 6500.000
v 5989.096 5701.096 6500.000
v 6048.000 5677.229 6500.000
v 6192.000 5653.149 6500.000
v 6336.000 5698.144 6500.000
v 6624.000 5716.125 6500.000
v 6696.000 5729.434 6500.000
v 6805.623 5725.623 6500.000
v 6834.919 5682.919 6500.000
v 6814.987 5616.000 6500.000
v 6738.156 5472.000 6500.000
v 6696.000 5365.114 6500.000
v 6658.625 5328.000 6500.000
v 6585.525 5184.000 6500.000
v 6604.721 5112.000 6500.000
v 6564.456 5040.000 6500.000
v 6480.000 4943.123 6500.000
v 6408.000 4901.621 6500.000
v 6336.000 4890.771 6500.000
v 6264.000 4866.889 6500.000
v 6190.264 4824.000 6500.000
v 6201.336 4752.000 6500.000
v 6252.171 4668.171 6500.000
v 6308.613 4580.613 6500.000
v 6364.407 4536.000 6500.000
v 6410.828 4466.828 6500.000
v 6449.156 4248.000 6500.000
v 6445.785 4213.785 6500.000
v 6472.948 4176.000 6500.000
v 6429.722 4104.000 6500.000
v 6383.082 4079.082 6500.000
v 6336.000 4084.042 6500.000
v 6294.256 4134.256 6500.000
v 6271.008 4183.008 6500.000
v 6231.369 4215.369 6500.000
v 6202.838 4258.838 6500.000
v 6120.000 4275.749 6500.000
v 6068.879 4268.879 6500.000
v 6048.000 4279.730 6500.000
v 5976.000 4260.821 6500.000
v 5925.480 4269.480 6500.000
v 5832.000 4255.334 6500.000
v 5688.000 4168.490 6500.000
v 5616.000 4138.040 6500.000
v 5504.617 4136.617 6500.000
v 5328.000 4167.525 6500.000
v 5184.000 4085.548 6500.000
v 5109.396 4104.000 6500.000
v 4998.917 4032.000 6500.000
v 4896.000 3931.594 6500.000
v 4824.000 3885.134 6500.000
v 4769.348 3816.000 6500.000
v 4736.719 3744.000 6500.000
v 4680.000 3711.069 6500.000
v 4536.000 3689.513 6500.000
v 4464.000 3735.988 6500.000
v 4433.392 3785.392 6500.000
v 4283.315 3923.315 6500.000
v 4165.154 3949.154 6500.000
v 4076.992 4004.992 6500.000
v 4002.664 4074.664 6500.000
v 3906.025 4266.025 6500.000
v 3877.552 4392.000 6500.000
v 3822.852 4470.852 6500.000
v 3816.000 4536.928 6500.000
v 3752.700 4544.700 6500.000
v 3744.000 4564.937 6500.000
v 3727.254 4536.000 6500.000
v 3672.000 4487.268 6500.000
v 3564.691 4500.691 6500.000
v 3568.229 4536.000 6500.000
v 3547.362 4608.000 6500.000
v 3554.493 4634.493 6500.000
v 3511.007 4663.007 6500.000
v 3493.705 4717.705 6500.000
v 3456.000 4740.291 6500.000
v 3431.496 4680.000 6500.000
v 3423.261 4575.261 6500.000
v 3487.268 4495.268 6500.000
v 3511.268 4392.000 6500.000
v 3456.000 4324.344 6500.000
v 3427.032 4363.032 6500.000
v 3384.000 4361.382 6500.000
v 3363.107 4371.107 6500.000
v 3287.578 4439.578 6500.000
v 3240.000 4439.594 6500.000
v 3172.607 4392.000 6500.000
v 3095.528 4320.000 6500.000
v 3080.659 4232.659 6500.000
v 3024.000 4078.418 6500.000
v 2952.000 3960.899 6500.000
v 2808.000 3923.035 6500.000
v 2738.042 3890.042 6500.000
v 2664.000 3876.202 6500.000
v 2641.521 3937.521 6500.000
v 2636.093 4076.093 6500.000
v 2636.922 4176.000 6500.000
v 2671.873 4392.000 6500.000
v 2659.178 4459.178 6500.000
v 2605.511 4549.512 6500.000
v 2571.396 4587.396 6500.000
v 2527.948 4615.949 6500.000
v 2448.000 4636.881 6500.000
v 2376.000 4671.415 6500.000
v 2305.814 4752.000 6500.000
v 2281.578 4801.578 6500.000
v 2258.266 4824.000 6500.000
v 2202.822 4938.822 6500.000
v 2177.145 4968.000 6500.000
v 2211.518 5040.000 6500.000
v 2298.338 5112.000 6500.000
v 2376.000 5144.071 6500.000
v 2547.710 5256.000 6500.000
v 2592.000 5305.625 6500.000
v 2664.000 5421.245 6500.000
v 2736.000 5579.464 6500.000
v 2760.401 5616.000 6500.000
v 2808.000 5654.019 6500.000
v 2880.000 5671.269 6500.000
v 2937.751 5673.751 6500.000
v 3096.000 5712.595 6500.000
v 3168.000 5750.736 6500.000
v 3312.000 5785.354 6500.000
v 3456.000 5792.149 6500.000
v 3528.000 5872.765 6500.000
v 3570.468 5904.000 6500.000
v 3744.000 5973.784 6500.000
v 3816.000 6029.459 6500.000
v 3860.352 6020.352 6500.000
v 3888.000 6029.607 6500.000
v 3926.361 6014.361 6500.000
v 4006.131 5950.131 6500.000
v 4248.000 5924.100 6500.000
l 16442 16443 16444 16445 16446 16447 16448 16449 16450 16451 16452 16453 16454 16455 16456 16457 16458 16459 16460 16461 16462 16463 16464 16465 16466 16467 16468 16469 16470 16471 16472 16473 16474 16475 16476 16477 16478 16479 16480 16481 16482 16483 16484 16485 16486 16487 16488 16489 16490 16491 16492 16493 16494 16495 16496 16497 16498 16499 16500 16501 16502 16503 16504 16505 16506 16507 16508 16509 16510 16511 16512 16513 16514 16515 16516 16517 16518 16519 16520 16521 16522 16523 16524 16525 16526 16527 16528 16529 16530 16531 16532 16533 16534 16535 16536 16537 16538 16539 16540 16541 16542 16543 16544 16545 16546 16547 16548 16549 16550 16551 16552 16553 16554 16555 16556 16557 16558 16559 16560 16561 16562 16563 16564 16565 16566 16567 16568 16569 16570 16571 16572 16573 16574 16575 16576 16577 16578 16579 16580 16581 16582 16583 16584 16585 16586 16587 16588 16589 16590 16591 16592 16593 16594 16595
v -4713.951 5510.049 6500.000
v -4680.000 5527.379 6500.000
v -4608.000 5610.421 6500.000
v -4536.000 5632.031 6500.000
v -4524.489 5627.511 6500.000
v -4432.579 5575.421 6500.000
v -4395.121 5540.879 6500.000
v -4319.225 5328.775 6500.000
v -4311.625 5112.000 6500.000
v -4360.035 5040.000 6500.000
v -4519.645 4896.000 6500.000
v -4608.000 4777.999 6500.000
v -4680.000 4784.010 6500.000
v -4752.000 4821.048 6500.000
v -4968.000 4977.993 6500.000
v -5184.000 5022.897 6500.000
v -5256.000 5016.635 6500.000
v -5315.561 5040.000 6500.000
v -5294.022 5112.000 6500.000
v -5184.000 5206.018 6500.000
v -5040.000 5278.974 6500.000
v -4824.000 5455.200 6500.000
v -4713.951 5510.049 6500.000
l 16596 16597 16598 16599 16600 16601 16602 16603 16604 16605 16606 16607 16608 16609 16610 16611 16612 16613 16614 16615 16616 16617 16618
v -9552.054 5472.000 6500.000
v -9493.108 5400.000 6500.000
v -9504.000 5290.185 6500.000
v -9513.023 5318.977 6500.000
v -9576.000 5304.105 6500.000
v -9621.178 5354.822 6500.000
v -9642.815 5400.000 6500.000
v -9627.150 5472.000 6500.000
v -9576.000 5517.189 6500.000
v -9552.054 5472.000 6500.000
l 16619 16620 16621 16622 16623 16624 16625 16626 16627 16628
v -8928.000 6503.690 6500.000
v -8903.972 6504.028 6500.000
v -8883.996 6480.000 6500.000
v -8978.086 6408.000 6500.000
v -9024.253 6383.748 6500.000
v -9072.000 6390.512 6500.000
v -9137.159 6336.000 6500.000
v -9150.396 6336.000 6500.000
v -9020.363 6459.637 6500.000
v -8928.000 6503.690 6500.000
l 16629 16630 16631 16632 16633 16634 16635 16636 16637 16638
v -7047.019 6992.981 6500.000
v -7049.754 6984.000 6500.000
v -7012.824 6955.176 6500.000
v -7006.302 6889.698 6500.000
v -6984.000 6833.742 6500.000
v -7056.000 6776.721 6500.000
v -7128.000 6742.078 6500.000
v -7200.000 6644.966 6500.000
v -7236.545 6552.000 6500.000
v -7272.000 6512.244 6500.000
v -7416.000 6423.933 6500.000
v -7471.720 6424.280 6500.000
v -7560.000 6392.254 6500.000
v -7670.765 6441.235 6500.000
v -7702.765 6480.000 6500.000
v -7538.845 6624.000 6500.000
v -7398.150 6768.000 6500.000
v -7346.098 6840.000 6500.000
v -7272.000 6879.738 6500.000
v -7128.000 6933.072 6500.000
v -7047.019 6992.981 6500.000
l 16639 16640 16641 16642 16643 16644 16645 16646 16647 16648 16649 16650 16651 16652 16653 16654 16655 16656 16657 16658 16659
v -576.000 8095.913 6500.000
v -560.907 8079.093 6500.000
v -460.450 8035.550 6500.000
v -293.274 7986.726 6500.000
v -288.000 7968.603 6500.000
v -260.134 7947.866 6500.000
v -268.331 7920.000 6500.000
v -259.861 7876.139 6500.000
v -284.404 7776.000 6500.000
v -395.906 7740.094 6500.000
v -504.000 7787.687 6500.000
v -585.641 7838.359 6500.000
v -630.417 7920.000 6500.000
v -631.081 7936.919 6500.000
v -662.480 7977.521 6500.000
v -705.918 8006.082 6500.000
v -732.721 8064.000 6500.000
v -720.000 8103.130 6500.000
v -674.525 8109.475 6500.000
v -648.000 8126.482 6500.000
v -612.755 8099.245 6500.000
v -576.000 8095.913 6500.000
l 16660 16661 16662 16663 16664 16665 16666 16667 16668 16669 16670 16671 16672 16673 16674 16675 16676 16677 16678 16679 16680 16681
v -9144.000 11954.354 6500.000
v -9144.000 11951.583 6500.000
v -9144.000 11954.354 6500.000
l 16682 16683 16684
v -9216.000 12098.340 6500.000
v -9216.000 12094.527 6500.000
v -9216.000 12098.340 6500.000
l 16685 16686 16687
v 15552.000 -16823.236 7000.000
v 15518.727 -16848.000 7000.000
v 15420.683 -16992.000 7000.000
v 15313.499 -17064.000 7000.000
v 15277.229 -17136.000 7000.000
v 15336.000 -17204.299 7000.000
v 15480.000 -17286.119 7000.000
v 15552.000 -17362.910 7000.000
v 15583.843 -17424.000 7000.000
v 15624.000 -17546.193 7000.000
v 15633.415 -17630.584 7000.000
v 15660.799 -17712.000 7000.000
v 15663.090 -17744.910 7000.000
v 15696.000 -17776.986 7000.000
v 15721.294 -17830.705 7000.000
v 15840.000 -17941.746 7000.000
v 15941.827 -18114.174 7000.000
v 16003.930 -18268.070 7000.000
v 16036.116 -18307.883 7000.000
v 16208.367 -18351.633 7000.000
v 16327.891 -18432.000 7000.000
v 16361.145 -18486.855 7000.000
v 16380.501 -18576.000 7000.000
v 16394.424 -18597.576 7000.000
v 16432.510 -18631.490 7000.000
v 16529.301 -18750.699 7000.000
v 16646.975 -18849.025 7000.000
v 16664.424 -18903.576 7000.000
v 16664.602 -18936.000 7000.000
v 16539.723 -19080.000 7000.000
v 16503.516 -19152.000 7000.000
v 16502.377 -19209.623 7000.000
v 16534.557 -19249.443 7000.000
v 16588.025 -19267.975 7000.000
v 16659.797 -19268.203 7000.000
v 17136.000 -19177.781 7000.000
v 17341.982 -19162.018 7000.000
v 17463.521 -19184.479 7000.000
v 17640.000 -19265.824 7000.000
v 17712.000 -19283.920 7000.000
v 17784.000 -19285.926 7000.000
v 17856.000 -19271.723 7000.000
v 17974.430 -19224.000 7000.000
v 18080.854 -19152.000 7000.000
v 18156.676 -19080.000 7000.000
v 18264.945 -18936.000 7000.000
v 18360.000 -18850.432 7000.000
v 18432.000 -18826.691 7000.000
v 18504.000 -18815.891 7000.000
v 18621.301 -18818.699 7000.000
v 18864.000 -18785.986 7000.000
v 18864.000 -18566.615 7000.000
v 18786.686 -18432.000 7000.000
v 18697.271 -18360.000 7000.000
v 18678.789 -18185.211 7000.000
v 18684.562 -18144.000 7000.000
v 18648.000 -18096.748 7000.000
v 18518.447 -18057.553 7000.000
v 18432.000 -18001.629 7000.000
v 18364.027 -17928.000 7000.000
v 18353.570 -17856.000 7000.000
v 18361.299 -17784.000 7000.000
v 18303.256 -17712.000 7000.000
v 18322.615 -17568.000 7000.000
v 18301.064 -17496.000 7000.000
v 18231.947 -17408.053 7000.000
v 18187.010 -17380.990 7000.000
v 18156.629 -17339.371 7000.000
v 18117.414 -17306.586 7000.000
v 18090.850 -17261.150 7000.000
v 18008.510 -17208.000 7000.000
v 17960.527 -17136.000 7000.000
v 17931.098 -17064.000 7000.000
v 17943.260 -16992.000 7000.000
v 17904.916 -16848.000 7000.000
v 17896.094 -16776.000 7000.000
v 17899.545 -16660.455 7000.000
v 17887.656 -16632.000 7000.000
v 17835.447 -16580.553 7000.000
v 17704.934 -16495.066 7000.000
v 17520.426 -16391.574 7000.000
v 17430.439 -16265.562 7000.000
v 17239.912 -16240.089 7000.000
v 17208.000 -16194.567 7000.000
v 17064.000 -16201.195 7000.000
v 17004.580 -16187.421 7000.000
v 16909.342 -16128.000 7000.000
v 16812.617 -16091.383 7000.000
v 16724.113 -16035.887 7000.000
v 16632.000 -16033.222 7000.000
v 16416.000 -16004.437 7000.000
v 16200.000 -16022.909 7000.000
v 16134.084 -16056.000 7000.000
v 16056.000 -16126.790 7000.000
v 15984.000 -16176.055 7000.000
v 15840.000 -16240.264 7000.000
v 15821.752 -16272.000 7000.000
v 15819.539 -16344.000 7000.000
v 15756.864 -16416.000 7000.000
v 15731.133 -16488.000 7000.000
v 15713.606 -16632.000 7000.000
v 15691.356 -16704.000 7000.000
v 15627.793 -16776.000 7000.000
v 15552.000 -16823.236 7000.000
l 16688 16689 16690 16691 16692 16693 16694 16695 16696 16697 16698 16699 16700 16701 16702 16703 16704 16705 16706 16707 16708 16709 16710 16711 16712 16713 16714 16715 16716 16717 16718 16719 16720 16721 16722 16723 16724 16725 16726 16727 16728 16729 16730 16731 16732 16733 16734 16735 16736 16737 16738 16739 16740 16741 16742 16743 16744 16745 16746 16747 16748 16749 16750 16751 16752 16753 16754 16755 16756 16757 16758 16759 16760 16761 16762 16763 16764 16765 16766 16767 16768 16769 16770 16771 16772 16773 16774 16775 16776 16777 16778 16779 16780 16781 16782 16783 16784 16785 16786 16787 16788 16789 16790 16791
v 16128.000 -19799.006 7000.000
v 16128.000 -19836.488 7000.000
v 16128.000 -19799.006 7000.000
l 16792 16793 16794
v 9720.000 -16893.938 7000.000
v 9769.579 -16920.000 7000.000
v 9720.000 -16930.824 7000.000
v 9648.000 -16930.184 7000.000
v 9576.000 -16947.205 7000.000
v 9546.318 -16949.682 7000.000
v 9459.172 -16920.000 7000.000
v 9504.000 -16891.604 7000.000
v 9576.000 -16878.463 7000.000
v 9648.000 -16899.646 7000.000
v 9720.000 -16893.938 7000.000
l 16795 16796 16797 16798 16799 16800 16801 16802 16803 16804 16805
v 8712.000 -12813.848 7000.000
v 8680.604 -12775.396 7000.000
v 8664.128 -12719.872 7000.000
v 8622.932 -12672.000 7000.000
v 8607.543 -12600.000 7000.000
v 8640.000 -12554.526 7000.000
v 8684.957 -12555.043 7000.000
v 9000.000 -12507.622 7000.000
v 9121.592 -12478.408 7000.000
v 9216.000 -12486.888 7000.000
v 9411.452 -12476.548 7000.000
v 9504.000 -12488.679 7000.000
v 9648.000 -12479.085 7000.000
v 9720.000 -12438.563 7000.000
v 9856.790 -12384.000 7000.000
v 9851.009 -12324.991 7000.000
v 9864.000 -12302.650 7000.000
v 9936.000 -12278.564 7000.000
v 9987.924 -12188.076 7000.000
v 9986.105 -12168.000 7000.000
v 10008.000 -12162.234 7000.000
v 10080.000 -12101.652 7000.000
v 10128.424 -12119.576 7000.000
v 10224.000 -12123.980 7000.000
v 10368.000 -12156.096 7000.000
v 10512.000 -12153.584 7000.000
v 10944.000 -11996.057 7000.000
v 11304.000 -11959.471 7000.000
v 11448.000 -11921.926 7000.000
v 11520.000 -11925.435 7000.000
v 11592.000 -11908.935 7000.000
v 11688.065 -11855.935 7000.000
v 11736.000 -11857.068 7000.000
v 11748.890 -11867.110 7000.000
v 11762.349 -11952.000 7000.000
v 11791.076 -12040.924 7000.000
v 11880.000 -12179.713 7000.000
v 12134.146 -12417.854 7000.000
v 12175.544 -12448.456 7000.000
v 12384.000 -12528.730 7000.000
v 12600.000 -12582.351 7000.000
v 12744.000 -12586.579 7000.000
v 12888.000 -12693.142 7000.000
v 12957.734 -12818.266 7000.000
v 13032.000 -12880.758 7000.000
v 13104.000 -12912.743 7000.000
v 13147.161 -12916.839 7000.000
v 13216.474 -12960.000 7000.000
v 13294.487 -12985.513 7000.000
v 13335.401 -13016.599 7000.000
v 13362.307 -13061.693 7000.000
v 13399.524 -13168.476 7000.000
v 13467.269 -13248.000 7000.000
v 13491.382 -13292.618 7000.000
v 13528.185 -13320.000 7000.000
v 13593.470 -13334.530 7000.000
v 13752.000 -13326.193 7000.000
v 13808.612 -13335.388 7000.000
v 13908.385 -13379.615 7000.000
v 14040.000 -13404.542 7000.000
v 14112.000 -13381.986 7000.000
v 14184.000 -13264.662 7000.000
v 14211.834 -13248.000 7000.000
v 14265.893 -13238.107 7000.000
v 14305.363 -13270.637 7000.000
v 14354.067 -13365.933 7000.000
v 14388.790 -13403.210 7000.000
v 14472.000 -13417.987 7000.000
v 14616.000 -13518.640 7000.000
v 14688.000 -13529.040 7000.000
v 14795.498 -13500.502 7000.000
v 14832.000 -13503.682 7000.000
v 14904.000 -13517.178 7000.000
v 15048.000 -13577.022 7000.000
v 15120.000 -13596.212 7000.000
v 15264.000 -13592.949 7000.000
v 15271.774 -13600.226 7000.000
v 15302.692 -13785.308 7000.000
v 15319.346 -13824.000 7000.000
v 15263.228 -13968.000 7000.000
v 15220.644 -14112.000 7000.000
v 15192.000 -14150.130 7000.000
v 15120.000 -14199.872 7000.000
v 15048.000 -14221.079 7000.000
v 14976.000 -14190.420 7000.000
v 14904.000 -14207.148 7000.000
v 14721.274 -14328.000 7000.000
v 14616.000 -14440.815 7000.000
v 14557.740 -14544.000 7000.000
v 14550.932 -14616.000 7000.000
v 14562.725 -14760.000 7000.000
v 14559.041 -14832.000 7000.000
v 14544.000 -14868.266 7000.000
v 14414.332 -14889.668 7000.000
v 14400.000 -14875.115 7000.000
v 14328.000 -14905.422 7000.000
v 14287.016 -14976.000 7000.000
v 14227.815 -15048.000 7000.000
v 14184.000 -15079.670 7000.000
v 14112.000 -15104.889 7000.000
v 14040.000 -15075.172 7000.000
v 14018.527 -15048.000 7000.000
v 14033.136 -14904.000 7000.000
v 14087.077 -14832.000 7000.000
v 14113.758 -14760.000 7000.000
v 14048.287 -14679.713 7000.000
v 14047.515 -14608.485 7000.000
v 14077.055 -14472.000 7000.000
v 14070.113 -14400.000 7000.000
v 14040.000 -14314.190 7000.000
v 13968.000 -14319.312 7000.000
v 13959.610 -14328.000 7000.000
v 13937.706 -14400.000 7000.000
v 13940.130 -14499.870 7000.000
v 13960.865 -14544.000 7000.000
v 13939.203 -14616.000 7000.000
v 13896.000 -14653.788 7000.000
v 13824.000 -14684.439 7000.000
v 13703.005 -14664.995 7000.000
v 13541.326 -14682.674 7000.000
v 13472.779 -14679.221 7000.000
v 13464.000 -14665.607 7000.000
v 13392.000 -14728.427 7000.000
v 13320.000 -14771.792 7000.000
v 13290.772 -14832.000 7000.000
v 13248.000 -14861.345 7000.000
v 13176.000 -14879.870 7000.000
v 13104.000 -14864.889 7000.000
v 12960.000 -14750.410 7000.000
v 12672.000 -14638.503 7000.000
v 12408.727 -14591.273 7000.000
v 12183.865 -14600.135 7000.000
v 12122.150 -14589.850 7000.000
v 12075.022 -14564.978 7000.000
v 11934.929 -14400.000 7000.000
v 11880.000 -14370.792 7000.000
v 11736.000 -14349.812 7000.000
v 11697.021 -14328.000 7000.000
v 11613.757 -14234.243 7000.000
v 11520.000 -14095.939 7000.000
v 11448.000 -14023.296 7000.000
v 11371.327 -13968.000 7000.000
v 11280.058 -13919.942 7000.000
v 11016.000 -13822.527 7000.000
v 10800.000 -13835.021 7000.000
v 10727.280 -13824.720 7000.000
v 10680.311 -13799.689 7000.000
v 10616.669 -13680.000 7000.000
v 10579.482 -13536.000 7000.000
v 10573.060 -13464.000 7000.000
v 10588.741 -13392.000 7000.000
v 10655.156 -13248.844 7000.000
v 10676.709 -13176.000 7000.000
v 10670.026 -13104.000 7000.000
v 10635.677 -13032.000 7000.000
v 10604.156 -13011.844 7000.000
v 10557.315 -12960.000 7000.000
v 10512.000 -12931.073 7000.000
v 10471.008 -12928.992 7000.000
v 10440.000 -12932.423 7000.000
v 10381.185 -12960.000 7000.000
v 10296.000 -13021.072 7000.000
v 10152.000 -13059.440 7000.000
v 10109.368 -13104.000 7000.000
v 10029.653 -13320.000 7000.000
v 10008.000 -13403.993 7000.000
v 9999.502 -13464.000 7000.000
v 10000.003 -13608.000 7000.000
v 10012.324 -13752.000 7000.000
v 9990.975 -13896.000 7000.000
v 9936.000 -13965.088 7000.000
v 9792.000 -14037.843 7000.000
v 9720.000 -14061.123 7000.000
v 9648.000 -14116.366 7000.000
v 9504.000 -14317.712 7000.000
v 9432.000 -14367.839 7000.000
v 9168.525 -14447.475 7000.000
v 9095.574 -14448.426 7000.000
v 9066.716 -14405.284 7000.000
v 9062.888 -14328.000 7000.000
v 9039.041 -14256.000 7000.000
v 9001.256 -14184.000 7000.000
v 8982.401 -14112.000 7000.000
v 9036.305 -14040.000 7000.000
v 9053.809 -13968.000 7000.000
v 8976.361 -13824.000 7000.000
v 8983.067 -13768.933 7000.000
v 8964.274 -13715.726 7000.000
v 8823.606 -13568.394 7000.000
v 8742.020 -13433.980 7000.000
v 8656.312 -13375.688 7000.000
v 8652.541 -13307.459 7000.000
v 8696.006 -13176.000 7000.000
v 8698.628 -13104.000 7000.000
v 8736.564 -13007.436 7000.000
v 8731.908 -12888.000 7000.000
v 8712.000 -12813.848 7000.000
l 16806 16807 16808 16809 16810 16811 16812 16813 16814 16815 16816 16817 16818 16819 16820 16821 16822 16823 16824 16825 16826 16827 16828 16829 16830 16831 16832 16833 16834 16835 16836 16837 16838 16839 16840 16841 16842 16843 16844 16845 16846 16847 16848 16849 16850 16851 16852 16853 16854 16855 16856 16857 16858 16859 16860 16861 16862 16863 16864 16865 16866 16867 16868 16869 16870 16871 16872 16873 16874 16875 16876 16877 16878 16879 16880 16881 16882 16883 16884 16885 16886 16887 16888 16889 16890 16891 16892 16893 16894 16895 16896 16897 16898 16899 16900 16901 16902 16903 16904 16905 16906 16907 16908 16909 16910 16911 16912 16913 16914 16915 16916 16917 16918 16919 16920 16921 16922 16923 16924 16925 16926 16927 16928 16929 16930 16931 16932 16933 16934 16935 16936 16937 16938 16939 16940 16941 16942 16943 16944 16945 16946 16947 16948 16949 16950 16951 16952 16953 16954 16955 16956 16957 16958 16959 16960 16961 16962 16963 16964 16965 16966 16967 16968 16969 16970 16971 16972 16973 16974 16975 16976 16977 16978 16979 16980 16981 16982 16983 16984 16985 16986 16987 16988 16989 16990 16991 16992 16993 16994 16995 16996 16997 16998 16999 17000 17001 17002
v 3973.742 -4968.000 7000.000
v 4176.000 -5157.255 7000.000
v 4248.000 -5203.842 7000.000
v 4290.111 -5213.889 7000.000
v 4318.310 -5256.000 7000.000
v 4358.032 -5289.968 7000.000
v 4392.000 -5310.862 7000.000
v 4536.000 -5333.836 7000.000
v 4571.023 -5364.977 7000.000
v 4622.326 -5385.674 7000.000
v 4658.705 -5421.295 7000.000
v 4704.001 -5519.999 7000.000
v 4752.000 -5543.785 7000.000
v 4896.000 -5489.731 7000.000
v 5040.000 -5490.169 7000.000
v 5184.000 -5452.777 7000.000
v 5202.679 -5453.321 7000.000
v 5256.000 -5479.703 7000.000
v 5283.843 -5516.157 7000.000
v 5278.995 -5544.000 7000.000
v 5292.908 -5651.092 7000.000
v 5400.000 -5823.697 7000.000
v 5561.627 -5958.373 7000.000
v 5659.517 -6004.483 7000.000
v 5705.085 -6048.000 7000.000
v 5725.885 -6082.115 7000.000
v 5772.779 -6120.000 7000.000
v 5774.267 -6192.000 7000.000
v 5718.740 -6264.000 7000.000
v 5739.267 -6284.733 7000.000
v 5778.720 -6408.000 7000.000
v 5775.847 -6464.153 7000.000
v 5783.902 -6480.000 7000.000
v 5760.000 -6503.771 7000.000
v 5688.000 -6539.398 7000.000
v 5616.000 -6555.000 7000.000
v 5544.000 -6633.913 7000.000
v 5511.589 -6768.000 7000.000
v 5470.354 -6841.646 7000.000
v 5447.944 -6912.000 7000.000
v 5428.379 -7056.000 7000.000
v 5431.997 -7096.003 7000.000
v 5407.661 -7200.000 7000.000
v 5401.598 -7272.000 7000.000
v 5437.927 -7378.073 7000.000
v 5503.140 -7488.000 7000.000
v 5562.407 -7541.593 7000.000
v 5691.019 -7704.000 7000.000
v 5711.893 -7776.000 7000.000
v 5718.646 -7848.000 7000.000
v 5755.208 -7924.792 7000.000
v 5832.000 -7962.673 7000.000
v 5976.000 -7986.729 7000.000
v 6048.000 -8013.959 7000.000
v 6310.075 -8161.925 7000.000
v 6344.383 -8199.616 7000.000
v 6368.691 -8247.309 7000.000
v 6378.871 -8352.000 7000.000
v 6358.170 -8496.000 7000.000
v 6378.700 -8640.000 7000.000
v 6365.697 -8712.000 7000.000
v 6236.454 -9072.000 7000.000
v 6219.968 -9144.000 7000.000
v 6221.548 -9360.000 7000.000
v 6192.000 -9392.814 7000.000
v 6120.000 -9397.687 7000.000
v 6048.000 -9360.181 7000.000
v 5904.000 -9374.728 7000.000
v 5832.000 -9350.316 7000.000
v 5752.116 -9288.000 7000.000
v 5616.000 -9153.989 7000.000
v 5528.701 -9015.299 7000.000
v 5472.000 -8965.034 7000.000
v 5304.408 -8879.593 7000.000
v 5136.373 -8831.627 7000.000
v 4995.270 -8756.729 7000.000
v 4896.000 -8728.004 7000.000
v 4743.272 -8720.729 7000.000
v 4640.385 -8679.615 7000.000
v 4562.675 -8613.325 7000.000
v 4536.000 -8578.766 7000.000
v 4476.465 -8496.000 7000.000
v 4364.322 -8307.679 7000.000
v 4186.341 -8136.000 7000.000
v 4167.739 -8072.261 7000.000
v 4164.799 -8003.201 7000.000
v 4133.257 -7920.000 7000.000
v 4145.182 -7848.000 7000.000
v 4127.618 -7776.000 7000.000
v 4093.346 -7714.653 7000.000
v 3960.000 -7622.410 7000.000
v 3888.000 -7589.802 7000.000
v 3857.844 -7590.156 7000.000
v 3812.808 -7563.192 7000.000
v 3785.780 -7518.220 7000.000
v 3787.808 -7488.000 7000.000
v 3834.323 -7344.000 7000.000
v 3823.483 -7272.000 7000.000
v 3838.046 -7200.000 7000.000
v 3845.678 -7026.322 7000.000
v 3822.477 -6768.000 7000.000
v 3781.054 -6730.946 7000.000
v 3742.765 -6624.000 7000.000
v 3811.300 -6480.000 7000.000
v 3900.484 -6336.000 7000.000
v 3921.234 -6264.000 7000.000
v 3976.873 -6192.000 7000.000
v 4011.041 -6120.000 7000.000
v 4010.421 -6069.579 7000.000
v 3990.535 -6017.465 7000.000
v 3954.252 -5981.749 7000.000
v 3888.000 -5940.432 7000.000
v 3709.894 -5722.106 7000.000
v 3681.840 -5678.160 7000.000
v 3660.856 -5555.144 7000.000
v 3582.181 -5489.819 7000.000
v 3550.351 -5449.648 7000.000
v 3437.182 -5256.000 7000.000
v 3460.466 -5184.000 7000.000
v 3528.000 -5156.942 7000.000
v 3672.000 -5077.101 7000.000
v 3769.264 -5040.000 7000.000
v 3816.000 -4957.887 7000.000
v 3888.000 -4912.824 7000.000
v 3973.742 -4968.000 7000.000
l 17003 17004 17005 17006 17007 17008 17009 17010 17011 17012 17013 17014 17015 17016 17017 17018 17019 17020 17021 17022 17023 17024 17025 17026 17027 17028 17029 17030 17031 17032 17033 17034 17035 17036 17037 17038 17039 17040 17041 17042 17043 17044 17045 17046 17047 17048 17049 17050 17051 17052 17053 17054 17055 17056 17057 17058 17059 17060 17061 17062 17063 17064 17065 17066 17067 17068 17069 17070 17071 17072 17073 17074 17075 17076 17077 17078 17079 17080 17081 17082 17083 17084 17085 17086 17087 17088 17089 17090 17091 17092 17093 17094 17095 17096 17097 17098 17099 17100 17101 17102 17103 17104 17105 17106 17107 17108 17109 17110 17111 17112 17113 17114 17115 17116 17117 17118 17119 17120 17121 17122 17123 17124 17125 17126 17127
v -13540.062 -5688.000 7000.000
v -13514.948 -5738.948 7000.000
v -13492.602 -5760.000 7000.000
v -13536.000 -5828.157 7000.000
v -13571.687 -5795.687 7000.000
v -13608.000 -5795.057 7000.000
v -13752.000 -5897.857 7000.000
v -13824.000 -5882.100 7000.000
v -13896.000 -5845.517 7000.000
v -13911.791 -5832.000 7000.000
v -13911.646 -5775.646 7000.000
v -13959.197 -5760.000 7000.000
v -13896.000 -5729.325 7000.000
v -13868.293 -5732.293 7000.000
v -13752.000 -5710.741 7000.000
v -13680.000 -5675.966 7000.000
v -13608.000 -5665.497 7000.000
v -13540.062 -5688.000 7000.000
l 17128 17129 17130 17131 17132 17133 17134 17135 17136 17137 17138 17139 17140 17141 17142 17143 17144 17145
v -7128.000 -5669.717 7000.000
v -7109.554 -5688.000 7000.000
v -7099.385 -5731.385 7000.000
v -7078.275 -5760.000 7000.000
v -7128.000 -5819.543 7000.000
v -7152.571 -5784.571 7000.000
v -7203.941 -5760.000 7000.000
v -7215.542 -5703.542 7000.000
v -7232.571 -5688.000 7000.000
v -7200.000 -5648.974 7000.000
v -7179.020 -5667.020 7000.000
v -7128.000 -5669.717 7000.000
l 17146 17147 17148 17149 17150 17151 17152 17153 17154 17155 17156 17157
v -6075.030 -1368.000 7000.000
v -6020.922 -1296.000 7000.000
v -5976.000 -1205.182 7000.000
v -5904.000 -1128.088 7000.000
v -5841.174 -1089.174 7000.000
v -5852.254 -1152.000 7000.000
v -5838.143 -1158.143 7000.000
v -5832.000 -1188.877 7000.000
v -5824.850 -1296.000 7000.000
v -5869.658 -1440.000 7000.000
v -5885.720 -1584.000 7000.000
v -5877.299 -1656.000 7000.000
v -5883.799 -1728.000 7000.000
v -5915.143 -1872.000 7000.000
v -5976.000 -1927.202 7000.000
v -6120.000 -1932.014 7000.000
v -6192.000 -1912.572 7000.000
v -6238.029 -1918.029 7000.000
v -6264.000 -1909.582 7000.000
v -6388.757 -2016.000 7000.000
v -6495.740 -2088.000 7000.000
v -6661.282 -2160.000 7000.000
v -6768.000 -2194.215 7000.000
v -6881.750 -2273.749 7000.000
v -7056.000 -2358.305 7000.000
v -7092.962 -2448.000 7000.000
v -7099.618 -2520.000 7000.000
v -7140.703 -2592.000 7000.000
v -7195.467 -2664.000 7000.000
v -7280.535 -2736.000 7000.000
v -7318.182 -2808.000 7000.000
v -7361.432 -2952.000 7000.000
v -7368.372 -3024.000 7000.000
v -7361.641 -3096.000 7000.000
v -7342.293 -3168.000 7000.000
v -7297.783 -3265.783 7000.000
v -7240.684 -3352.684 7000.000
v -7172.962 -3428.962 7000.000
v -6985.458 -3600.000 7000.000
v -6943.864 -3672.000 7000.000
v -6948.975 -3744.000 7000.000
v -6984.000 -3787.707 7000.000
v -7056.000 -3833.351 7000.000
v -7128.000 -3848.631 7000.000
v -7200.000 -3845.961 7000.000
v -7416.000 -3787.456 7000.000
v -7560.000 -3715.756 7000.000
v -7848.000 -3500.798 7000.000
v -8038.573 -3312.000 7000.000
v -8092.257 -3240.000 7000.000
v -8182.053 -3070.053 7000.000
v -8264.261 -2952.000 7000.000
v -8280.000 -2876.334 7000.000
v -8208.000 -2803.265 7000.000
v -7776.000 -2702.119 7000.000
v -7560.000 -2629.611 7000.000
v -7488.000 -2647.769 7000.000
v -7416.000 -2590.628 7000.000
v -7358.241 -2520.000 7000.000
v -7305.857 -2448.000 7000.000
v -7278.405 -2376.000 7000.000
v -7223.114 -2304.000 7000.000
v -7011.688 -2160.000 7000.000
v -6984.000 -2132.932 7000.000
v -6921.718 -2016.000 7000.000
v -6840.000 -1930.822 7000.000
v -6768.000 -1885.995 7000.000
v -6693.996 -1869.996 7000.000
v -6480.000 -1852.590 7000.000
v -6408.000 -1794.834 7000.000
v -6264.000 -1714.867 7000.000
v -6192.000 -1621.115 7000.000
v -6159.423 -1512.000 7000.000
v -6075.030 -1368.000 7000.000
l 17158 17159 17160 17161 17162 17163 17164 17165 17166 17167 17168 17169 17170 17171 17172 17173 17174 17175 17176 17177 17178 17179 17180 17181 17182 17183 17184 17185 17186 17187 17188 17189 17190 17191 17192 17193 17194 17195 17196 17197 17198 17199 17200 17201 17202 17203 17204 17205 17206 17207 17208 17209 17210 17211 17212 17213 17214 17215 17216 17217 17218 17219 17220 17221 17222 17223 17224 17225 17226 17227 17228 17229 17230 17231
v 757.729 1693.729 7000.000
v 864.000 1730.383 7000.000
v 952.322 1744.322 7000.000
v 1024.649 1744.649 7000.000
v 1080.000 1718.959 7000.000
v 1152.000 1722.322 7000.000
v 1368.000 1772.059 7000.000
v 1440.000 1797.850 7000.000
v 1512.000 1867.019 7000.000
v 1584.000 1901.641 7000.000
v 1728.000 1907.316 7000.000
v 1787.112 1931.112 7000.000
v 1836.507 1908.507 7000.000
v 1817.502 1817.502 7000.000
v 1728.000 1637.782 7000.000
v 1677.656 1440.000 7000.000
v 1697.520 1296.000 7000.000
v 1691.915 1080.000 7000.000
v 1706.042 864.000 7000.000
v 1743.957 720.000 7000.000
v 1741.680 648.000 7000.000
v 1760.858 608.858 7000.000
v 1775.964 504.000 7000.000
v 1797.563 432.000 7000.000
v 1816.255 288.000 7000.000
v 1812.428 216.000 7000.000
v 1774.419 72.000 7000.000
v 1774.633 0.000 7000.000
v 1790.328 -72.000 7000.000
v 1851.548 -164.452 7000.000
v 1889.531 -342.469 7000.000
v 1872.000 -410.615 7000.000
v 1822.363 -481.637 7000.000
v 1816.470 -504.000 7000.000
v 1847.370 -576.000 7000.000
v 1860.703 -587.297 7000.000
v 1873.028 -648.000 7000.000
v 1903.802 -688.198 7000.000
v 1902.560 -761.440 7000.000
v 1872.000 -812.193 7000.000
v 1728.000 -886.260 7000.000
v 1584.000 -947.678 7000.000
v 1440.000 -970.269 7000.000
v 1368.000 -1006.832 7000.000
v 1224.000 -1128.265 7000.000
v 1080.000 -1197.972 7000.000
v 936.000 -1227.982 7000.000
v 864.000 -1211.168 7000.000
v 792.000 -1158.383 7000.000
v 720.000 -1151.106 7000.000
v 648.000 -1221.236 7000.000
v 576.000 -1248.413 7000.000
v 241.393 -1270.607 7000.000
v 155.313 -1296.000 7000.000
v 29.400 -1440.000 7000.000
v -72.000 -1496.617 7000.000
v -216.000 -1524.371 7000.000
v -288.000 -1508.355 7000.000
v -378.514 -1458.514 7000.000
v -425.073 -1361.073 7000.000
v -455.889 -1319.889 7000.000
v -499.106 -1219.106 7000.000
v -575.540 -1151.540 7000.000
v -720.000 -1086.885 7000.000
v -855.469 -999.469 7000.000
v -913.949 -985.949 7000.000
v -1132.422 -988.422 7000.000
v -1195.296 -979.295 7000.000
v -1440.000 -845.578 7000.000
v -1507.112 -787.112 7000.000
v -1528.745 -720.000 7000.000
v -1466.630 -386.630 7000.000
v -1432.344 -288.000 7000.000
v -1417.988 -144.000 7000.000
v -1318.897 72.000 7000.000
v -1246.864 193.136 7000.000
v -1233.930 278.070 7000.000
v -1268.126 387.874 7000.000
v -1297.681 432.000 7000.000
v -1334.471 465.529 7000.000
v -1368.000 521.759 7000.000
v -1396.974 547.026 7000.000
v -1440.000 624.866 7000.000
v -1462.700 648.000 7000.000
v -1496.246 720.000 7000.000
v -1464.427 767.573 7000.000
v -1460.874 792.000 7000.000
v -1440.000 808.345 7000.000
v -1348.026 936.000 7000.000
v -1153.677 1080.000 7000.000
v -1008.000 1251.124 7000.000
v -931.538 1368.000 7000.000
v -864.000 1511.196 7000.000
v -792.000 1514.751 7000.000
v -743.168 1488.832 7000.000
v -648.000 1472.069 7000.000
v -576.000 1486.128 7000.000
v -497.284 1518.716 7000.000
v -432.000 1520.895 7000.000
v -288.000 1415.939 7000.000
v -245.227 1410.773 7000.000
v -216.000 1390.338 7000.000
v -144.000 1456.349 7000.000
v -72.000 1499.329 7000.000
v -31.005 1512.000 7000.000
v 88.982 1528.982 7000.000
v 216.000 1506.673 7000.000
v 360.000 1532.980 7000.000
v 432.000 1521.091 7000.000
v 504.000 1548.576 7000.000
v 633.086 1656.000 7000.000
v 757.729 1693.729 7000.000
l 17232 17233 17234 17235 17236 17237 17238 17239 17240 17241 17242 17243 17244 17245 17246 17247 17248 17249 17250 17251 17252 17253 17254 17255 17256 17257 17258 17259 17260 17261 17262 17263 17264 17265 17266 17267 17268 17269 17270 17271 17272 17273 17274 17275 17276 17277 17278 17279 17280 17281 17282 17283 17284 17285 17286 17287 17288 17289 17290 17291 17292 17293 17294 17295 17296 17297 17298 17299 17300 17301 17302 17303 17304 17305 17306 17307 17308 17309 17310 17311 17312 17313 17314 17315 17316 17317 17318 17319 17320 17321 17322 17323 17324 17325 17326 17327 17328 17329 17330 17331 17332 17333 17334 17335 17336 17337 17338 17339 17340 17341 17342 17343
v -5832.000 -935.359 7000.000
v -5825.780 -1008.000 7000.000
v -5832.000 -1060.347 7000.000
v -5843.670 -1019.670 7000.000
v -5832.000 -935.359 7000.000
l 17344 17345 17346 17347 17348
v -8053.262 4320.000 7000.000
v -7992.000 4309.159 7000.000
v -7848.000 4239.445 7000.000
v -7776.000 4219.623 7000.000
v -7632.000 4222.233 7000.000
v -7488.000 4248.958 7000.000
v -7416.000 4245.943 7000.000
v -7183.133 4264.867 7000.000
v -7134.617 4241.383 7000.000
v -7160.841 4176.000 7000.000
v -7208.513 4104.000 7000.000
v -7324.235 3835.765 7000.000
v -7360.855 3727.145 7000.000
v -7358.909 3600.000 7000.000
v -7305.266 3494.735 7000.000
v -7231.124 3312.000 7000.000
v -7277.531 3240.000 7000.000
v -7422.216 3096.000 7000.000
v -7458.322 3024.000 7000.000
v -7484.736 2883.264 7000.000
v -7482.605 2808.000 7000.000
v -7435.121 2736.000 7000.000
v -7388.520 2691.480 7000.000
v -7391.672 2664.000 7000.000
v -7424.473 2592.000 7000.000
v -7488.000 2539.466 7000.000
v -7553.178 2520.000 7000.000
v -7704.000 2532.336 7000.000
v -7776.000 2488.448 7000.000
v -7901.547 2466.453 7000.000
v -7944.393 2495.607 7000.000
v -7907.489 2604.511 7000.000
v -7920.000 2666.296 7000.000
v -7773.723 2808.000 7000.000
v -7740.816 2952.000 7000.000
v -7734.517 3024.000 7000.000
v -7736.524 3168.000 7000.000
v -7773.580 3314.420 7000.000
v -7920.000 3452.605 7000.000
v -7992.000 3476.365 7000.000
v -8208.000 3501.833 7000.000
v -8352.000 3489.430 7000.000
v -8424.000 3471.192 7000.000
v -8698.930 3469.070 7000.000
v -8756.331 3483.669 7000.000
v -8784.000 3505.943 7000.000
v -8807.722 3528.000 7000.000
v -8850.535 3600.000 7000.000
v -8856.000 3673.001 7000.000
v -8807.221 3744.000 7000.000
v -8640.000 3921.004 7000.000
v -8568.000 4021.034 7000.000
v -8496.000 4166.124 7000.000
v -8280.000 4276.592 7000.000
v -8208.000 4328.812 7000.000
v -8136.000 4335.160 7000.000
v -8053.262 4320.000 7000.000
l 17349 17350 17351 17352 17353 17354 17355 17356 17357 17358 17359 17360 17361 17362 17363 17364 17365 17366 17367 17368 17369 17370 17371 17372 17373 17374 17375 17376 17377 17378 17379 17380 17381 17382 17383 17384 17385 17386 17387 17388 17389 17390 17391 17392 17393 17394 17395 17396 17397 17398 17399 17400 17401 17402 17403 17404 17405
v 5291.064 5579.064 7000.000
v 5366.144 5582.144 7000.000
v 5544.000 5613.705 7000.000
v 5592.561 5592.561 7000.000
v 5636.024 5492.024 7000.000
v 5667.947 5451.947 7000.000
v 5714.155 5426.155 7000.000
v 5792.777 5400.000 7000.000
v 5832.000 5377.371 7000.000
v 5855.346 5351.346 7000.000
v 5930.342 5328.000 7000.000
v 5934.278 5286.278 7000.000
v 5969.037 5256.000 7000.000
v 5904.000 5230.314 7000.000
v 5847.371 5184.000 7000.000
v 5832.000 5160.787 7000.000
v 5760.000 5122.782 7000.000
v 5707.472 5131.472 7000.000
v 5616.000 5099.546 7000.000
v 5544.000 5089.923 7000.000
v 5472.000 5059.796 7000.000
v 5400.000 5071.786 7000.000
v 5328.000 5059.279 7000.000
v 5303.558 5015.558 7000.000
v 5294.251 4968.000 7000.000
v 5318.773 4896.000 7000.000
v 5328.000 4883.425 7000.000
v 5382.566 4878.566 7000.000
v 5400.000 4867.639 7000.000
v 5455.523 4807.523 7000.000
v 5472.000 4801.599 7000.000
v 5490.807 4770.807 7000.000
v 5530.922 4752.000 7000.000
v 5501.926 4680.000 7000.000
v 5472.000 4665.620 7000.000
v 5400.000 4659.644 7000.000
v 5328.000 4631.109 7000.000
v 5311.271 4608.000 7000.000
v 5256.000 4579.210 7000.000
v 5184.000 4574.464 7000.000
v 5112.000 4583.003 7000.000
v 5026.420 4536.000 7000.000
v 4896.000 4488.463 7000.000
v 4824.000 4440.413 7000.000
v 4608.000 4233.257 7000.000
v 4536.000 4188.186 7000.000
v 4463.394 4175.394 7000.000
v 4357.178 4213.178 7000.000
v 4248.000 4285.168 7000.000
v 4104.000 4340.876 7000.000
v 4052.716 4412.716 7000.000
v 3960.000 4507.352 7000.000
v 3905.458 4608.000 7000.000
v 3867.221 4803.221 7000.000
v 3850.056 4858.056 7000.000
v 3821.159 4896.000 7000.000
v 3800.793 4968.000 7000.000
v 3793.726 5040.000 7000.000
v 3816.000 5106.745 7000.000
v 3888.000 5154.651 7000.000
v 3936.753 5160.753 7000.000
v 3960.000 5151.514 7000.000
v 4032.000 5185.967 7000.000
v 4108.326 5256.000 7000.000
v 4193.867 5400.000 7000.000
v 4248.000 5432.111 7000.000
v 4270.148 5422.148 7000.000
v 4464.000 5415.791 7000.000
v 4536.000 5430.509 7000.000
v 4680.000 5478.982 7000.000
v 4824.000 5546.412 7000.000
v 4888.916 5536.916 7000.000
v 4968.000 5539.598 7000.000
v 5149.685 5581.685 7000.000
v 5291.064 5579.064 7000.000
l 17406 17407 17408 17409 17410 17411 17412 17413 17414 17415 17416 17417 17418 17419 17420 17421 17422 17423 17424 17425 17426 17427 17428 17429 17430 17431 17432 17433 17434 17435 17436 17437 17438 17439 17440 17441 17442 17443 17444 17445 17446 17447 17448 17449 17450 17451 17452 17453 17454 17455 17456 17457 17458 17459 17460 17461 17462 17463 17464 17465 17466 17467 17468 17469 17470 17471 17472 17473 17474 17475 17476 17477 17478 17479 17480
v -6440.933 4719.067 7000.000
v -6394.438 4680.000 7000.000
v -6436.169 4608.000 7000.000
v -6552.000 4501.688 7000.000
v -6696.000 4427.418 7000.000
v -6840.000 4389.888 7000.000
v -7022.080 4281.920 7000.000
v -7056.000 4301.471 7000.000
v -7099.200 4276.800 7000.000
v -7015.968 4392.000 7000.000
v -6912.000 4475.831 7000.000
v -6768.000 4660.010 7000.000
v -6696.000 4718.572 7000.000
v -6624.000 4756.092 7000.000
v -6528.323 4752.000 7000.000
v -6488.499 4743.501 7000.000
v -6440.933 4719.067 7000.000
l 17481 17482 17483 17484 17485 17486 17487 17488 17489 17490 17491 17492 17493 17494 17495 17496 17497
v 3186.224 5346.224 7000.000
v 3248.546 5328.000 7000.000
v 3262.468 5256.000 7000.000
v 3024.000 5023.736 7000.000
v 2952.000 4987.188 7000.000
v 2920.564 5008.564 7000.000
v 2903.294 5040.000 7000.000
v 3024.000 5257.553 7000.000
v 3099.693 5328.000 7000.000
v 3168.000 5358.400 7000.000
v 3186.224 5346.224 7000.000
l 17498 17499 17500 17501 17502 17503 17504 17505 17506 17507 17508
v 6120.000 5295.567 7000.000
v 6129.975 5265.975 7000.000
v 6148.774 5256.000 7000.000
v 6120.000 5247.899 7000.000
v 5989.477 5256.000 7000.000
v 6048.000 5272.120 7000.000
v 6096.229 5304.229 7000.000
v 6120.000 5295.567 7000.000
l 17509 17510 17511 17512 17513 17514 17515 17516
v 17567.041 -17208.959 7500.000
v 17605.750 -17314.250 7500.000
v 17659.645 -17404.355 7500.000
v 17712.000 -17433.650 7500.000
v 17863.078 -17568.000 7500.000
v 17879.770 -17616.230 7500.000
v 17875.818 -17712.000 7500.000
v 17914.562 -17797.438 7500.000
v 17928.000 -17799.088 7500.000
v 17990.738 -17856.000 7500.000
v 17985.529 -17870.471 7500.000
v 18000.000 -17868.895 7500.000
v 18027.283 -17900.717 7500.000
v 18075.676 -17924.324 7500.000
v 18072.000 -17950.449 7500.000
v 18000.000 -17988.670 7500.000
v 17928.000 -17980.428 7500.000
v 17893.742 -17962.258 7500.000
v 17762.807 -17949.193 7500.000
v 17712.000 -17922.021 7500.000
v 17640.000 -17936.748 7500.000
v 17569.934 -17926.066 7500.000
v 17496.000 -17934.803 7500.000
v 17424.000 -18010.438 7500.000
v 17379.754 -17972.246 7500.000
v 17280.000 -17840.254 7500.000
v 17208.000 -17794.451 7500.000
v 17136.000 -17775.965 7500.000
v 17062.000 -17786.000 7500.000
v 16920.000 -17833.559 7500.000
v 16632.000 -17983.123 7500.000
v 16560.000 -18009.781 7500.000
v 16413.701 -18002.299 7500.000
v 16344.000 -18008.928 7500.000
v 16272.000 -17963.359 7500.000
v 16200.000 -17865.234 7500.000
v 16056.000 -17590.164 7500.000
v 15989.320 -17490.680 7500.000
v 15925.123 -17424.000 7500.000
v 15903.106 -17352.000 7500.000
v 15911.785 -17280.000 7500.000
v 15984.000 -17152.982 7500.000
v 16013.465 -17064.000 7500.000
v 16200.000 -16896.365 7500.000
v 16272.000 -16860.982 7500.000
v 16344.000 -16862.342 7500.000
v 16387.014 -16848.000 7500.000
v 16488.000 -16776.768 7500.000
v 16560.000 -16752.871 7500.000
v 16632.000 -16744.340 7500.000
v 16809.480 -16742.520 7500.000
v 16920.000 -16816.504 7500.000
v 16992.000 -16825.914 7500.000
v 17111.939 -16872.061 7500.000
v 17280.000 -16867.387 7500.000
v 17446.787 -16897.213 7500.000
v 17492.516 -16923.484 7500.000
v 17543.740 -16992.000 7500.000
v 17551.121 -17136.000 7500.000
v 17567.041 -17208.959 7500.000
l 17517 17518 17519 17520 17521 17522 17523 17524 17525 17526 17527 17528 17529 17530 17531 17532 17533 17534 17535 17536 17537 17538 17539 17540 17541 17542 17543 17544 17545 17546 17547 17548 17549 17550 17551 17552 17553 17554 17555 17556 17557 17558 17559 17560 17561 17562 17563 17564 17565 17566 17567 17568 17569 17570 17571 17572 17573 17574 17575 17576
v 9525.509 -12794.491 7500.000
v 9576.000 -12766.883 7500.000
v 9648.000 -12761.859 7500.000
v 9761.109 -12774.891 7500.000
v 9813.769 -12794.231 7500.000
v 9824.515 -12816.000 7500.000
v 9792.000 -12850.680 7500.000
v 9742.300 -12960.000 7500.000
v 9622.478 -13176.000 7500.000
v 9645.058 -13392.000 7500.000
v 9635.428 -13464.000 7500.000
v 9677.367 -13680.000 7500.000
v 9637.503 -13824.000 7500.000
v 9576.000 -13864.090 7500.000
v 9504.000 -13886.786 7500.000
v 9432.000 -13928.637 7500.000
v 9360.000 -13926.849 7500.000
v 9330.154 -13968.000 7500.000
v 9337.593 -13990.407 7500.000
v 9408.703 -13991.297 7500.000
v 9463.778 -14008.222 7500.000
v 9504.000 -13989.027 7500.000
v 9546.510 -13997.490 7500.000
v 9573.366 -14042.634 7500.000
v 9541.827 -14112.000 7500.000
v 9504.000 -14152.957 7500.000
v 9432.000 -14193.387 7500.000
v 9343.823 -14200.177 7500.000
v 9296.448 -14175.552 7500.000
v 9242.612 -14085.388 7500.000
v 9246.495 -13968.000 7500.000
v 9257.393 -13926.607 7500.000
v 9216.000 -13855.839 7500.000
v 9170.542 -13581.458 7500.000
v 9094.191 -13441.809 7500.000
v 9064.144 -13255.856 7500.000
v 8994.206 -13176.000 7500.000
v 9052.608 -13032.000 7500.000
v 9047.242 -12984.758 7500.000
v 9029.349 -12960.000 7500.000
v 9068.312 -12888.000 7500.000
v 9288.000 -12828.656 7500.000
v 9432.000 -12828.227 7500.000
v 9525.509 -12794.491 7500.000
l 17577 17578 17579 17580 17581 17582 17583 17584 17585 17586 17587 17588 17589 17590 17591 17592 17593 17594 17595 17596 17597 17598 17599 17600 17601 17602 17603 17604 17605 17606 17607 17608 17609 17610 17611 17612 17613 17614 17615 17616 17617 17618 17619 17620
v 13025.070 -13326.930 7500.000
v 13063.278 -13360.722 7500.000
v 13142.646 -13464.000 7500.000
v 13164.900 -13547.100 7500.000
v 13212.888 -13643.112 7500.000
v 13249.427 -13678.573 7500.000
v 13392.000 -13766.258 7500.000
v 13464.000 -13769.273 7500.000
v 13536.000 -13750.249 7500.000
v 13655.476 -13776.524 7500.000
v 13896.000 -13807.736 7500.000
v 14040.000 -13814.037 7500.000
v 14112.000 -13801.763 7500.000
v 14195.550 -13812.450 7500.000
v 14227.291 -13852.709 7500.000
v 14351.085 -13944.915 7500.000
v 14380.387 -13987.613 7500.000
v 14386.355 -14040.000 7500.000
v 14371.221 -14112.000 7500.000
v 14332.893 -14184.000 7500.000
v 14256.000 -14195.948 7500.000
v 14211.688 -14156.312 7500.000
v 14147.184 -14148.816 7500.000
v 14112.000 -14128.205 7500.000
v 14040.000 -14136.792 7500.000
v 13968.000 -14110.875 7500.000
v 13934.423 -14073.577 7500.000
v 13885.342 -14050.658 7500.000
v 13855.491 -14008.509 7500.000
v 13824.000 -13990.887 7500.000
v 13707.270 -14012.730 7500.000
v 13648.604 -13999.396 7500.000
v 13608.000 -13970.116 7500.000
v 13521.614 -13982.386 7500.000
v 13320.000 -14036.712 7500.000
v 13176.000 -14093.417 7500.000
v 13104.000 -14099.521 7500.000
v 13032.000 -14123.168 7500.000
v 12960.000 -14122.975 7500.000
v 12816.000 -14093.354 7500.000
v 12744.000 -14105.448 7500.000
v 12600.000 -14190.586 7500.000
v 12504.791 -14207.209 7500.000
v 12456.000 -14230.490 7500.000
v 12384.000 -14242.812 7500.000
v 12341.830 -14226.170 7500.000
v 12311.461 -14184.539 7500.000
v 12292.303 -14040.000 7500.000
v 12262.924 -13945.076 7500.000
v 12096.000 -13792.996 7500.000
v 12024.000 -13756.263 7500.000
v 11880.000 -13782.669 7500.000
v 11774.402 -13896.000 7500.000
v 11736.000 -13915.657 7500.000
v 11664.000 -13859.980 7500.000
v 11520.000 -13671.421 7500.000
v 11480.198 -13647.802 7500.000
v 11232.069 -13607.931 7500.000
v 11128.708 -13536.000 7500.000
v 11172.373 -13464.000 7500.000
v 11313.716 -13392.000 7500.000
v 11556.973 -13176.000 7500.000
v 11609.324 -13158.676 7500.000
v 11952.000 -13136.288 7500.000
v 12024.279 -13104.000 7500.000
v 12113.791 -13032.000 7500.000
v 12173.105 -12960.000 7500.000
v 12211.241 -12888.000 7500.000
v 12220.188 -12816.000 7500.000
v 12240.000 -12787.268 7500.000
v 12253.830 -12802.170 7500.000
v 12312.000 -12788.560 7500.000
v 12349.578 -12816.000 7500.000
v 12362.685 -12837.315 7500.000
v 12415.751 -12856.249 7500.000
v 12456.000 -12886.553 7500.000
v 12600.409 -12959.591 7500.000
v 12672.000 -13026.505 7500.000
v 12694.204 -13081.796 7500.000
v 12744.000 -13108.755 7500.000
v 12775.682 -13144.318 7500.000
v 12888.000 -13185.638 7500.000
v 12975.795 -13232.205 7500.000
v 13025.070 -13326.930 7500.000
l 17621 17622 17623 17624 17625 17626 17627 17628 17629 17630 17631 17632 17633 17634 17635 17636 17637 17638 17639 17640 17641 17642 17643 17644 17645 17646 17647 17648 17649 17650 17651 17652 17653 17654 17655 17656 17657 17658 17659 17660 17661 17662 17663 17664 17665 17666 17667 17668 17669 17670 17671 17672 17673 17674 17675 17676 17677 17678 17679 17680 17681 17682 17683 17684 17685 17686 17687 17688 17689 17690 17691 17692 17693 17694 17695 17696 17697 17698 17699 17700 17701 17702 17703 17704
v 5976.000 -8604.988 7500.000
v 6025.213 -8640.000 7500.000
v 5981.515 -8712.000 7500.000
v 5904.000 -8738.069 7500.000
v 5832.000 -8721.246 7500.000
v 5770.495 -8640.000 7500.000
v 5832.000 -8574.489 7500.000
v 5904.000 -8576.683 7500.000
v 5976.000 -8604.988 7500.000
l 17705 17706 17707 17708 17709 17710 17711 17712 17713
v 4536.000 -6281.200 7500.000
v 4659.794 -6284.206 7500.000
v 4713.593 -6302.407 7500.000
v 4808.178 -6351.822 7500.000
v 4968.000 -6460.969 7500.000
v 5040.000 -6465.388 7500.000
v 5118.993 -6552.000 7500.000
v 5203.260 -6604.740 7500.000
v 5224.181 -6696.000 7500.000
v 5211.334 -6768.000 7500.000
v 5184.000 -6815.839 7500.000
v 5112.000 -6876.295 7500.000
v 5062.247 -6984.000 7500.000
v 5042.883 -7053.117 7500.000
v 5050.680 -7128.000 7500.000
v 5045.751 -7338.249 7500.000
v 5060.029 -7395.971 7500.000
v 5163.923 -7508.077 7500.000
v 5265.706 -7550.294 7500.000
v 5298.340 -7589.660 7500.000
v 5365.235 -7632.000 7500.000
v 5344.955 -7704.000 7500.000
v 5367.475 -7736.525 7500.000
v 5356.921 -7848.000 7500.000
v 5381.869 -7920.000 7500.000
v 5390.002 -8001.998 7500.000
v 5429.773 -8106.227 7500.000
v 5474.435 -8133.565 7500.000
v 5502.839 -8177.161 7500.000
v 5555.230 -8208.000 7500.000
v 5582.999 -8241.001 7500.000
v 5661.269 -8280.000 7500.000
v 5713.679 -8326.321 7500.000
v 5771.041 -8352.000 7500.000
v 5787.921 -8396.079 7500.000
v 5832.000 -8424.000 7500.000
v 5669.025 -8496.000 7500.000
v 5544.000 -8528.629 7500.000
v 5472.000 -8536.395 7500.000
v 5328.000 -8516.213 7500.000
v 5271.457 -8480.543 7500.000
v 5195.173 -8412.827 7500.000
v 5112.000 -8393.176 7500.000
v 4878.921 -8297.079 7500.000
v 4827.318 -8204.682 7500.000
v 4753.054 -8134.946 7500.000
v 4597.629 -7920.000 7500.000
v 4458.662 -7781.338 7500.000
v 4417.032 -7678.968 7500.000
v 4377.747 -7632.000 7500.000
v 4401.529 -7560.000 7500.000
v 4407.327 -7488.000 7500.000
v 4428.379 -7416.000 7500.000
v 4467.640 -7344.000 7500.000
v 4504.112 -7200.000 7500.000
v 4481.014 -7038.986 7500.000
v 4441.846 -6984.000 7500.000
v 4426.075 -6912.000 7500.000
v 4362.329 -6797.671 7500.000
v 4323.957 -6764.043 7500.000
v 4274.729 -6696.000 7500.000
v 4184.712 -6615.288 7500.000
v 4154.072 -6573.928 7500.000
v 4138.355 -6517.645 7500.000
v 4141.417 -6480.000 7500.000
v 4178.286 -6408.000 7500.000
v 4320.000 -6220.429 7500.000
v 4392.000 -6178.543 7500.000
v 4453.748 -6202.252 7500.000
v 4477.808 -6250.192 7500.000
v 4536.000 -6281.200 7500.000
l 17714 17715 17716 17717 17718 17719 17720 17721 17722 17723 17724 17725 17726 17727 17728 17729 17730 17731 17732 17733 17734 17735 17736 17737 17738 17739 17740 17741 17742 17743 17744 17745 17746 17747 17748 17749 17750 17751 17752 17753 17754 17755 17756 17757 17758 17759 17760 17761 17762 17763 17764 17765 17766 17767 17768 17769 17770 17771 17772 17773 17774 17775 17776 17777 17778 17779 17780 17781 17782 17783 17784
v 504.000 1033.885 7500.000
v 591.150 1023.150 7500.000
v 648.000 1029.872 7500.000
v 720.000 1057.291 7500.000
v 792.000 1103.236 7500.000
v 936.000 1258.182 7500.000
v 1008.000 1302.487 7500.000
v 1120.780 1264.780 7500.000
v 1224.000 1210.391 7500.000
v 1296.000 1195.427 7500.000
v 1337.112 1152.000 7500.000
v 1322.973 1080.000 7500.000
v 1296.000 1025.564 7500.000
v 1252.843 892.843 7500.000
v 1256.010 824.010 7500.000
v 1296.000 789.206 7500.000
v 1395.794 648.000 7500.000
v 1405.837 541.837 7500.000
v 1444.987 436.987 7500.000
v 1492.626 360.000 7500.000
v 1516.443 288.000 7500.000
v 1427.535 216.000 7500.000
v 1382.050 144.000 7500.000
v 1336.473 -72.000 7500.000
v 1340.323 -216.000 7500.000
v 1327.558 -288.000 7500.000
v 1294.026 -361.974 7500.000
v 1287.623 -432.000 7500.000
v 1252.802 -504.000 7500.000
v 1197.537 -576.000 7500.000
v 1160.412 -720.000 7500.000
v 1056.020 -743.980 7500.000
v 1008.000 -740.008 7500.000
v 931.425 -792.000 7500.000
v 792.000 -909.579 7500.000
v 774.297 -881.703 7500.000
v 648.000 -843.260 7500.000
v 504.000 -947.338 7500.000
v 360.000 -968.742 7500.000
v 72.000 -983.370 7500.000
v -144.000 -1062.032 7500.000
v -216.000 -1050.251 7500.000
v -312.014 -960.014 7500.000
v -480.474 -840.474 7500.000
v -619.016 -691.016 7500.000
v -673.678 -673.678 7500.000
v -738.095 -594.095 7500.000
v -777.136 -561.136 7500.000
v -888.281 -528.281 7500.000
v -1008.000 -462.330 7500.000
v -1097.255 -449.255 7500.000
v -1117.649 -397.649 7500.000
v -1109.118 -360.000 7500.000
v -1162.356 -288.000 7500.000
v -1197.097 -216.000 7500.000
v -1127.437 -72.000 7500.000
v -1116.406 0.000 7500.000
v -1076.844 72.000 7500.000
v -1008.000 163.067 7500.000
v -936.000 233.434 7500.000
v -811.603 432.000 7500.000
v -838.132 529.868 7500.000
v -880.378 576.000 7500.000
v -917.109 648.000 7500.000
v -906.634 720.000 7500.000
v -875.906 792.000 7500.000
v -803.385 864.000 7500.000
v -705.205 936.000 7500.000
v -663.753 1008.000 7500.000
v -504.000 1126.811 7500.000
v -432.000 1142.517 7500.000
v -370.648 1069.352 7500.000
v -323.655 1044.345 7500.000
v -144.000 1070.953 7500.000
v -72.000 1090.390 7500.000
v 0.000 1133.409 7500.000
v 61.822 1224.000 7500.000
v 144.000 1290.007 7500.000
v 216.000 1272.600 7500.000
v 289.582 1225.582 7500.000
v 322.567 1186.567 7500.000
v 370.150 1152.000 7500.000
v 387.839 1107.839 7500.000
v 432.000 1069.443 7500.000
v 504.000 1033.885 7500.000
l 17785 17786 17787 17788 17789 17790 17791 17792 17793 17794 17795 17796 17797 17798 17799 17800 17801 17802 17803 17804 17805 17806 17807 17808 17809 17810 17811 17812 17813 17814 17815 17816 17817 17818 17819 17820 17821 17822 17823 17824 17825 17826 17827 17828 17829 17830 17831 17832 17833 17834 17835 17836 17837 17838 17839 17840 17841 17842 17843 17844 17845 17846 17847 17848 17849 17850 17851 17852 17853 17854 17855 17856 17857 17858 17859 17860 17861 17862 17863 17864 17865 17866 17867 17868 17869
v 4680.000 -6623.870 8000.000
v 4695.673 -6680.327 8000.000
v 4740.168 -6696.000 8000.000
v 4670.221 -6705.779 8000.000
v 4663.155 -6696.000 8000.000
v 4680.000 -6623.870 8000.000
l 17870 17871 17872 17873 17874 17875
v -155.988 636.011 8000.000
v -144.000 627.973 8000.000
v -72.000 622.923 8000.000
v 1.983 648.000 8000.000
v 72.000 685.670 8000.000
v 144.000 760.885 8000.000
v 216.000 744.772 8000.000
v 504.000 496.147 8000.000
v 576.000 463.131 8000.000
v 660.336 444.336 8000.000
v 792.000 377.149 8000.000
v 811.412 360.000 8000.000
v 817.249 313.249 8000.000
v 820.193 72.000 8000.000
v 881.556 -72.000 8000.000
v 886.887 -121.113 8000.000
v 910.048 -144.000 8000.000
v 864.000 -176.605 8000.000
v 771.818 -164.182 8000.000
v 648.000 -194.462 8000.000
v 554.472 -432.000 8000.000
v 504.000 -501.512 8000.000
v 360.000 -568.038 8000.000
v 288.000 -583.513 8000.000
v 216.000 -560.305 8000.000
v 186.233 -533.767 8000.000
v 137.851 -510.149 8000.000
v -66.465 -498.465 8000.000
v -120.464 -480.464 8000.000
v -288.000 -379.741 8000.000
v -414.171 -342.171 8000.000
v -446.209 -288.000 8000.000
v -504.000 -222.549 8000.000
v -556.950 -196.950 8000.000
v -648.000 -185.743 8000.000
v -720.000 -194.017 8000.000
v -772.130 -144.000 8000.000
v -645.611 0.000 8000.000
v -643.122 72.000 8000.000
v -576.000 123.215 8000.000
v -504.000 216.193 8000.000
v -360.000 338.153 8000.000
v -348.184 360.000 8000.000
v -384.747 432.000 8000.000
v -383.687 504.000 8000.000
v -416.828 576.000 8000.000
v -360.000 636.085 8000.000
v -288.000 682.384 8000.000
v -204.513 659.487 8000.000
v -155.988 636.011 8000.000
l 17876 17877 17878 17879 17880 17881 17882 17883 17884 17885 17886 17887 17888 17889 17890 17891 17892 17893 17894 17895 17896 17897 17898 17899 17900 17901 17902 17903 17904 17905 17906 17907 17908 17909 17910 17911 17912 17913 17914 17915 17916 17917 17918 17919 17920 17921 17922 17923 17924 17925
v 129.383 201.383 8500.000
v 175.755 144.000 8500.000
v 190.072 72.000 8500.000
v 179.880 0.000 8500.000
v 127.582 -72.000 8500.000
v 72.000 -107.390 8500.000
v 0.000 -124.625 8500.000
v -72.000 -94.426 8500.000
v -169.687 0.000 8500.000
v -144.000 24.540 8500.000
v -51.052 72.000 8500.000
v 72.000 215.942 8500.000
v 129.383 201.383 8500.000
l 17926 17927 17928 17929 17930 17931 17932 17933 17934 17935 17936 17937 17938
