# Plinth (skirt + floor) with 500 m side contours
# units: metres; +X east, +Y north, +Z up
v -18000.000 -24480.000 3500.000
v -17928.000 -24480.000 3500.000
v -17928.000 -24480.000 5732.309
v -18000.000 -24480.000 5692.067
v -17856.000 -24480.000 3500.000
v -17856.000 -24480.000 5790.261
v -17784.000 -24480.000 3500.000
v -17784.000 -24480.000 5842.354
v -17712.000 -24480.000 3500.000
v -17712.000 -24480.000 5898.601
v -17640.000 -24480.000 3500.000
v -17640.000 -24480.000 5912.464
v -17568.000 -24480.000 3500.000
v -17568.000 -24480.000 5811.819
v -17496.000 -24480.000 3500.000
v -17496.000 -24480.000 5684.838
v -17424.000 -24480.000 3500.000
v -17424.000 -24480.000 5604.239
v -17352.000 -24480.000 3500.000
v -17352.000 -24480.000 5478.652
v -17280.000 -24480.000 3500.000
v -17280.000 -24480.000 5388.100
v -17208.000 -24480.000 3500.000
v -17208.000 -24480.000 5277.340
v -17136.000 -24480.000 3500.000
v -17136.000 -24480.000 5130.001
v -17064.000 -24480.000 3500.000
v -17064.000 -24480.000 5023.152
v -16992.000 -24480.000 3500.000
v -16992.000 -24480.000 4976.297
v -16920.000 -24480.000 3500.000
v -16920.000 -24480.000 4948.546
v -16848.000 -24480.000 3500.000
v -16848.000 -24480.000 4925.863
v -16776.000 -24480.000 3500.000
v -16776.000 -24480.000 4903.929
v -16704.000 -24480.000 3500.000
v -16704.000 -24480.000 4880.642
v -16632.000 -24480.000 3500.000
v -16632.000 -24480.000 4860.081
v -16560.000 -24480.000 3500.000
v -16560.000 -24480.000 4845.845
v -16488.000 -24480.000 3500.000
v -16488.000 -24480.000 4834.334
v -16416.000 -24480.000 3500.000
v -16416.000 -24480.000 4823.495
v -16344.000 -24480.000 3500.000
v -16344.000 -24480.000 4808.244
v -16272.000 -24480.000 3500.000
v -16272.000 -24480.000 4799.807
v -16200.000 -24480.000 3500.000
v -16200.000 -24480.000 4797.415
v -16128.000 -24480.000 3500.000
v -16128.000 -24480.000 4793.447
v -16056.000 -24480.000 3500.000
v -16056.000 -24480.000 4789.870
v -15984.000 -24480.000 3500.000
v -15984.000 -24480.000 4784.353
v -15912.000 -24480.000 3500.000
v -15912.000 -24480.000 4775.811
v -15840.000 -24480.000 3500.000
v -15840.000 -24480.000 4769.158
v -15768.000 -24480.000 3500.000
v -15768.000 -24480.000 4754.803
v -15696.000 -24480.000 3500.000
v -15696.000 -24480.000 4746.568
v -15624.000 -24480.000 3500.000
v -15624.000 -24480.000 4731.421
v -15552.000 -24480.000 3500.000
v -15552.000 -24480.000 4717.548
v -15480.000 -24480.000 3500.000
v -15480.000 -24480.000 4705.472
v -15408.000 -24480.000 3500.000
v -15408.000 -24480.000 4703.863
v -15336.000 -24480.000 3500.000
v -15336.000 -24480.000 4702.841
v -15264.000 -24480.000 3500.000
v -15264.000 -24480.000 4702.262
v -15192.000 -24480.000 3500.000
v -15192.000 -24480.000 4701.090
v -15120.000 -24480.000 3500.000
v -15120.000 -24480.000 4693.264
v -15048.000 -24480.000 3500.000
v -15048.000 -24480.000 4687.211
v -14976.000 -24480.000 3500.000
v -14976.000 -24480.000 4685.502
v -14904.000 -24480.000 3500.000
v -14904.000 -24480.000 4683.876
v -14832.000 -24480.000 3500.000
v -14832.000 -24480.000 4683.919
v -14760.000 -24480.000 3500.000
v -14760.000 -24480.000 4687.799
v -14688.000 -24480.000 3500.000
v -14688.000 -24480.000 4694.944
v -14616.000 -24480.000 3500.000
v -14616.000 -24480.000 4706.290
v -14544.000 -24480.000 3500.000
v -14544.000 -24480.000 4718.469
v -14472.000 -24480.000 3500.000
v -14472.000 -24480.000 4729.162
v -14400.000 -24480.000 3500.000
v -14400.000 -24480.000 4736.647
v -14328.000 -24480.000 3500.000
v -14328.000 -24480.000 4741.561
v -14256.000 -24480.000 3500.000
v -14256.000 -24480.000 4748.195
v -14184.000 -24480.000 3500.000
v -14184.000 -24480.000 4760.896
v -14112.000 -24480.000 3500.000
v -14112.000 -24480.000 4787.489
v -14040.000 -24480.000 3500.000
v -14040.000 -24480.000 4809.559
v -13968.000 -24480.000 3500.000
v -13968.000 -24480.000 4856.809
v -13896.000 -24480.000 3500.000
v -13896.000 -24480.000 4909.603
v -13824.000 -24480.000 3500.000
v -13824.000 -24480.000 4934.571
v -13752.000 -24480.000 3500.000
v -13752.000 -24480.000 4939.689
v -13680.000 -24480.000 3500.000
v -13680.000 -24480.000 4937.691
v -13608.000 -24480.000 3500.000
v -13608.000 -24480.000 4969.289
v -13536.000 -24480.000 3500.000
v -13536.000 -24480.000 5019.895
v -13464.000 -24480.000 3500.000
v -13464.000 -24480.000 5057.171
v -13392.000 -24480.000 3500.000
v -13392.000 -24480.000 5078.715
v -13320.000 -24480.000 3500.000
v -13320.000 -24480.000 5099.513
v -13248.000 -24480.000 3500.000
v -13248.000 -24480.000 5122.593
v -13176.000 -24480.000 3500.000
v -13176.000 -24480.000 5140.807
v -13104.000 -24480.000 3500.000
v -13104.000 -24480.000 5154.733
v -13032.000 -24480.000 3500.000
v -13032.000 -24480.000 5179.839
v -12960.000 -24480.000 3500.000
v -12960.000 -24480.000 5215.322
v -12888.000 -24480.000 3500.000
v -12888.000 -24480.000 5239.380
v -12816.000 -24480.000 3500.000
v -12816.000 -24480.000 5253.274
v -12744.000 -24480.000 3500.000
v -12744.000 -24480.000 5272.693
v -12672.000 -24480.000 3500.000
v -12672.000 -24480.000 5294.711
v -12600.000 -24480.000 3500.000
v -12600.000 -24480.000 5313.233
v -12528.000 -24480.000 3500.000
v -12528.000 -24480.000 5323.542
v -12456.000 -24480.000 3500.000
v -12456.000 -24480.000 5323.490
v -12384.000 -24480.000 3500.000
v -12384.000 -24480.000 5325.453
v -12312.000 -24480.000 3500.000
v -12312.000 -24480.000 5339.898
v -12240.000 -24480.000 3500.000
v -12240.000 -24480.000 5382.843
v -12168.000 -24480.000 3500.000
v -12168.000 -24480.000 5461.582
v -12096.000 -24480.000 3500.000
v -12096.000 -24480.000 5507.926
v -12024.000 -24480.000 3500.000
v -12024.000 -24480.000 5538.113
v -11952.000 -24480.000 3500.000
v -11952.000 -24480.000 5550.280
v -11880.000 -24480.000 3500.000
v -11880.000 -24480.000 5556.026
v -11808.000 -24480.000 3500.000
v -11808.000 -24480.000 5557.745
v -11736.000 -24480.000 3500.000
v -11736.000 -24480.000 5561.397
v -11664.000 -24480.000 3500.000
v -11664.000 -24480.000 5562.386
v -11592.000 -24480.000 3500.000
v -11592.000 -24480.000 5566.183
v -11520.000 -24480.000 3500.000
v -11520.000 -24480.000 5581.090
v -11448.000 -24480.000 3500.000
v -11448.000 -24480.000 5597.584
v -11376.000 -24480.000 3500.000
v -11376.000 -24480.000 5628.716
v -11304.000 -24480.000 3500.000
v -11304.000 -24480.000 5708.790
v -11232.000 -24480.000 3500.000
v -11232.000 -24480.000 5761.692
v -11160.000 -24480.000 3500.000
v -11160.000 -24480.000 5779.989
v -11088.000 -24480.000 3500.000
v -11088.000 -24480.000 5776.547
v -11016.000 -24480.000 3500.000
v -11016.000 -24480.000 5774.729
v -10944.000 -24480.000 3500.000
v -10944.000 -24480.000 5766.677
v -10872.000 -24480.000 3500.000
v -10872.000 -24480.000 5758.337
v -10800.000 -24480.000 3500.000
v -10800.000 -24480.000 5745.795
v -10728.000 -24480.000 3500.000
v -10728.000 -24480.000 5745.810
v -10656.000 -24480.000 3500.000
v -10656.000 -24480.000 5750.646
v -10584.000 -24480.000 3500.000
v -10584.000 -24480.000 5756.056
v -10512.000 -24480.000 3500.000
v -10512.000 -24480.000 5758.127
v -10440.000 -24480.000 3500.000
v -10440.000 -24480.000 5757.645
v -10368.000 -24480.000 3500.000
v -10368.000 -24480.000 5762.683
v -10296.000 -24480.000 3500.000
v -10296.000 -24480.000 5778.194
v -10224.000 -24480.000 3500.000
v -10224.000 -24480.000 5807.950
v -10152.000 -24480.000 3500.000
v -10152.000 -24480.000 5857.670
v -10080.000 -24480.000 3500.000
v -10080.000 -24480.000 5910.838
v -10008.000 -24480.000 3500.000
v -10008.000 -24480.000 5968.874
v -9936.000 -24480.000 3500.000
v -9936.000 -24480.000 6006.202
v -9864.000 -24480.000 3500.000
v -9864.000 -24480.000 6026.069
v -9792.000 -24480.000 3500.000
v -9792.000 -24480.000 6053.949
v -9720.000 -24480.000 3500.000
v -9720.000 -24480.000 6076.628
v -9648.000 -24480.000 3500.000
v -9648.000 -24480.000 6099.303
v -9576.000 -24480.000 3500.000
v -9576.000 -24480.000 6116.380
v -9504.000 -24480.000 3500.000
v -9504.000 -24480.000 6119.592
v -9432.000 -24480.000 3500.000
v -9432.000 -24480.000 6137.088
v -9360.000 -24480.000 3500.000
v -9360.000 -24480.000 6175.176
v -9288.000 -24480.000 3500.000
v -9288.000 -24480.000 6185.189
v -9216.000 -24480.000 3500.000
v -9216.000 -24480.000 6190.012
v -9144.000 -24480.000 3500.000
v -9144.000 -24480.000 6248.312
v -9072.000 -24480.000 3500.000
v -9072.000 -24480.000 6275.732
v -9000.000 -24480.000 3500.000
v -9000.000 -24480.000 6274.852
v -8928.000 -24480.000 3500.000
v -8928.000 -24480.000 6265.188
v -8856.000 -24480.000 3500.000
v -8856.000 -24480.000 6229.508
v -8784.000 -24480.000 3500.000
v -8784.000 -24480.000 6127.941
v -8712.000 -24480.000 3500.000
v -8712.000 -24480.000 5991.681
v -8640.000 -24480.000 3500.000
v -8640.000 -24480.000 5872.851
v -8568.000 -24480.000 3500.000
v -8568.000 -24480.000 5840.871
v -8496.000 -24480.000 3500.000
v -8496.000 -24480.000 5761.476
v -8424.000 -24480.000 3500.000
v -8424.000 -24480.000 5620.010
v -8352.000 -24480.000 3500.000
v -8352.000 -24480.000 5539.141
v -8280.000 -24480.000 3500.000
v -8280.000 -24480.000 5474.434
v -8208.000 -24480.000 3500.000
v -8208.000 -24480.000 5456.749
v -8136.000 -24480.000 3500.000
v -8136.000 -24480.000 5419.334
v -8064.000 -24480.000 3500.000
v -8064.000 -24480.000 5312.378
v -7992.000 -24480.000 3500.000
v -7992.000 -24480.000 5194.027
v -7920.000 -24480.000 3500.000
v -7920.000 -24480.000 5124.724
v -7848.000 -24480.000 3500.000
v -7848.000 -24480.000 5047.593
v -7776.000 -24480.000 3500.000
v -7776.000 -24480.000 5010.841
v -7704.000 -24480.000 3500.000
v -7704.000 -24480.000 4995.417
v -7632.000 -24480.000 3500.000
v -7632.000 -24480.000 4994.465
v -7560.000 -24480.000 3500.000
v -7560.000 -24480.000 4996.009
v -7488.000 -24480.000 3500.000
v -7488.000 -24480.000 5002.769
v -7416.000 -24480.000 3500.000
v -7416.000 -24480.000 5006.884
v -7344.000 -24480.000 3500.000
v -7344.000 -24480.000 5006.667
v -7272.000 -24480.000 3500.000
v -7272.000 -24480.000 5004.884
v -7200.000 -24480.000 3500.000
v -7200.000 -24480.000 5014.468
v -7128.000 -24480.000 3500.000
v -7128.000 -24480.000 5027.284
v -7056.000 -24480.000 3500.000
v -7056.000 -24480.000 5032.896
v -6984.000 -24480.000 3500.000
v -6984.000 -24480.000 5039.705
v -6912.000 -24480.000 3500.000
v -6912.000 -24480.000 5051.298
v -6840.000 -24480.000 3500.000
v -6840.000 -24480.000 5055.858
v -6768.000 -24480.000 3500.000
v -6768.000 -24480.000 5074.590
v -6696.000 -24480.000 3500.000
v -6696.000 -24480.000 5092.062
v -6624.000 -24480.000 3500.000
v -6624.000 -24480.000 5110.717
v -6552.000 -24480.000 3500.000
v -6552.000 -24480.000 5083.898
v -6480.000 -24480.000 3500.000
v -6480.000 -24480.000 5090.713
v -6408.000 -24480.000 3500.000
v -6408.000 -24480.000 5102.471
v -6336.000 -24480.000 3500.000
v -6336.000 -24480.000 5118.757
v -6264.000 -24480.000 3500.000
v -6264.000 -24480.000 5132.820
v -6192.000 -24480.000 3500.000
v -6192.000 -24480.000 5146.992
v -6120.000 -24480.000 3500.000
v -6120.000 -24480.000 5167.378
v -6048.000 -24480.000 3500.000
v -6048.000 -24480.000 5196.407
v -5976.000 -24480.000 3500.000
v -5976.000 -24480.000 5229.609
v -5904.000 -24480.000 3500.000
v -5904.000 -24480.000 5245.373
v -5832.000 -24480.000 3500.000
v -5832.000 -24480.000 5263.113
v -5760.000 -24480.000 3500.000
v -5760.000 -24480.000 5282.243
v -5688.000 -24480.000 3500.000
v -5688.000 -24480.000 5298.779
v -5616.000 -24480.000 3500.000
v -5616.000 -24480.000 5303.766
v -5544.000 -24480.000 3500.000
v -5544.000 -24480.000 5315.997
v -5472.000 -24480.000 3500.000
v -5472.000 -24480.000 5328.948
v -5400.000 -24480.000 3500.000
v -5400.000 -24480.000 5335.577
v -5328.000 -24480.000 3500.000
v -5328.000 -24480.000 5338.084
v -5256.000 -24480.000 3500.000
v -5256.000 -24480.000 5347.693
v -5184.000 -24480.000 3500.000
v -5184.000 -24480.000 5359.363
v -5112.000 -24480.000 3500.000
v -5112.000 -24480.000 5381.912
v -5040.000 -24480.000 3500.000
v -5040.000 -24480.000 5415.402
v -4968.000 -24480.000 3500.000
v -4968.000 -24480.000 5451.337
v -4896.000 -24480.000 3500.000
v -4896.000 -24480.000 5492.107
v -4824.000 -24480.000 3500.000
v -4824.000 -24480.000 5527.153
v -4752.000 -24480.000 3500.000
v -4752.000 -24480.000 5573.773
v -4680.000 -24480.000 3500.000
v -4680.000 -24480.000 5622.771
v -4608.000 -24480.000 3500.000
v -4608.000 -24480.000 5683.931
v -4536.000 -24480.000 3500.000
v -4536.000 -24480.000 5725.502
v -4464.000 -24480.000 3500.000
v -4464.000 -24480.000 5767.560
v -4392.000 -24480.000 3500.000
v -4392.000 -24480.000 5777.845
v -4320.000 -24480.000 3500.000
v -4320.000 -24480.000 5758.864
v -4248.000 -24480.000 3500.000
v -4248.000 -24480.000 5740.144
v -4176.000 -24480.000 3500.000
v -4176.000 -24480.000 5734.618
v -4104.000 -24480.000 3500.000
v -4104.000 -24480.000 5679.729
v -4032.000 -24480.000 3500.000
v -4032.000 -24480.000 5576.058
v -3960.000 -24480.000 3500.000
v -3960.000 -24480.000 5504.799
v -3888.000 -24480.000 3500.000
v -3888.000 -24480.000 5453.043
v -3816.000 -24480.000 3500.000
v -3816.000 -24480.000 5394.456
v -3744.000 -24480.000 3500.000
v -3744.000 -24480.000 5312.103
v -3672.000 -24480.000 3500.000
v -3672.000 -24480.000 5239.928
v -3600.000 -24480.000 3500.000
v -3600.000 -24480.000 5206.503
v -3528.000 -24480.000 3500.000
v -3528.000 -24480.000 5205.900
v -3456.000 -24480.000 3500.000
v -3456.000 -24480.000 5206.685
v -3384.000 -24480.000 3500.000
v -3384.000 -24480.000 5196.537
v -3312.000 -24480.000 3500.000
v -3312.000 -24480.000 5189.094
v -3240.000 -24480.000 3500.000
v -3240.000 -24480.000 5189.458
v -3168.000 -24480.000 3500.000
v -3168.000 -24480.000 5173.752
v -3096.000 -24480.000 3500.000
v -3096.000 -24480.000 5172.615
v -3024.000 -24480.000 3500.000
v -3024.000 -24480.000 5169.773
v -2952.000 -24480.000 3500.000
v -2952.000 -24480.000 5167.491
v -2880.000 -24480.000 3500.000
v -2880.000 -24480.000 5162.224
v -2808.000 -24480.000 3500.000
v -2808.000 -24480.000 5164.834
v -2736.000 -24480.000 3500.000
v -2736.000 -24480.000 5157.387
v -2664.000 -24480.000 3500.000
v -2664.000 -24480.000 5150.753
v -2592.000 -24480.000 3500.000
v -2592.000 -24480.000 5153.101
v -2520.000 -24480.000 3500.000
v -2520.000 -24480.000 5129.630
v -2448.000 -24480.000 3500.000
v -2448.000 -24480.000 5121.930
v -2376.000 -24480.000 3500.000
v -2376.000 -24480.000 5100.308
v -2304.000 -24480.000 3500.000
v -2304.000 -24480.000 5094.343
v -2232.000 -24480.000 3500.000
v -2232.000 -24480.000 5092.973
v -2160.000 -24480.000 3500.000
v -2160.000 -24480.000 5093.211
v -2088.000 -24480.000 3500.000
v -2088.000 -24480.000 5091.391
v -2016.000 -24480.000 3500.000
v -2016.000 -24480.000 5093.452
v -1944.000 -24480.000 3500.000
v -1944.000 -24480.000 5085.493
v -1872.000 -24480.000 3500.000
v -1872.000 -24480.000 5082.490
v -1800.000 -24480.000 3500.000
v -1800.000 -24480.000 5078.305
v -1728.000 -24480.000 3500.000
v -1728.000 -24480.000 5075.536
v -1656.000 -24480.000 3500.000
v -1656.000 -24480.000 5072.193
v -1584.000 -24480.000 3500.000
v -1584.000 -24480.000 5072.288
v -1512.000 -24480.000 3500.000
v -1512.000 -24480.000 5068.738
v -1440.000 -24480.000 3500.000
v -1440.000 -24480.000 5064.945
v -1368.000 -24480.000 3500.000
v -1368.000 -24480.000 5060.589
v -1296.000 -24480.000 3500.000
v -1296.000 -24480.000 5052.040
v -1224.000 -24480.000 3500.000
v -1224.000 -24480.000 5045.758
v -1152.000 -24480.000 3500.000
v -1152.000 -24480.000 5038.357
v -1080.000 -24480.000 3500.000
v -1080.000 -24480.000 5032.679
v -1008.000 -24480.000 3500.000
v -1008.000 -24480.000 5033.219
v -936.000 -24480.000 3500.000
v -936.000 -24480.000 5026.383
v -864.000 -24480.000 3500.000
v -864.000 -24480.000 5022.393
v -792.000 -24480.000 3500.000
v -792.000 -24480.000 5015.873
v -720.000 -24480.000 3500.000
v -720.000 -24480.000 5008.326
v -648.000 -24480.000 3500.000
v -648.000 -24480.000 5001.501
v -576.000 -24480.000 3500.000
v -576.000 -24480.000 4991.316
v -504.000 -24480.000 3500.000
v -504.000 -24480.000 4975.093
v -432.000 -24480.000 3500.000
v -432.000 -24480.000 4966.528
v -360.000 -24480.000 3500.000
v -360.000 -24480.000 4958.512
v -288.000 -24480.000 3500.000
v -288.000 -24480.000 4957.989
v -216.000 -24480.000 3500.000
v -216.000 -24480.000 4954.394
v -144.000 -24480.000 3500.000
v -144.000 -24480.000 4951.542
v -72.000 -24480.000 3500.000
v -72.000 -24480.000 4947.574
v 0.000 -24480.000 3500.000
v 0.000 -24480.000 4945.535
v 72.000 -24480.000 3500.000
v 72.000 -24480.000 4943.972
v 144.000 -24480.000 3500.000
v 144.000 -24480.000 4942.118
v 216.000 -24480.000 3500.000
v 216.000 -24480.000 4936.863
v 288.000 -24480.000 3500.000
v 288.000 -24480.000 4936.778
v 360.000 -24480.000 3500.000
v 360.000 -24480.000 4933.469
v 432.000 -24480.000 3500.000
v 432.000 -24480.000 4933.442
v 504.000 -24480.000 3500.000
v 504.000 -24480.000 4929.310
v 576.000 -24480.000 3500.000
v 576.000 -24480.000 4922.973
v 648.000 -24480.000 3500.000
v 648.000 -24480.000 4919.298
v 720.000 -24480.000 3500.000
v 720.000 -24480.000 4914.705
v 792.000 -24480.000 3500.000
v 792.000 -24480.000 4912.973
v 864.000 -24480.000 3500.000
v 864.000 -24480.000 4914.868
v 936.000 -24480.000 3500.000
v 936.000 -24480.000 4906.418
v 1008.000 -24480.000 3500.000
v 1008.000 -24480.000 4909.983
v 1080.000 -24480.000 3500.000
v 1080.000 -24480.000 4914.422
v 1152.000 -24480.000 3500.000
v 1152.000 -24480.000 4904.623
v 1224.000 -24480.000 3500.000
v 1224.000 -24480.000 4913.520
v 1296.000 -24480.000 3500.000
v 1296.000 -24480.000 4914.946
v 1368.000 -24480.000 3500.000
v 1368.000 -24480.000 4911.591
v 1440.000 -24480.000 3500.000
v 1440.000 -24480.000 4913.273
v 1512.000 -24480.000 3500.000
v 1512.000 -24480.000 4908.786
v 1584.000 -24480.000 3500.000
v 1584.000 -24480.000 4910.190
v 1656.000 -24480.000 3500.000
v 1656.000 -24480.000 4916.939
v 1728.000 -24480.000 3500.000
v 1728.000 -24480.000 4931.404
v 1800.000 -24480.000 3500.000
v 1800.000 -24480.000 4944.208
v 1872.000 -24480.000 3500.000
v 1872.000 -24480.000 4959.917
v 1944.000 -24480.000 3500.000
v 1944.000 -24480.000 4971.380
v 2016.000 -24480.000 3500.000
v 2016.000 -24480.000 4980.657
v 2088.000 -24480.000 3500.000
v 2088.000 -24480.000 4989.146
v 2160.000 -24480.000 3500.000
v 2160.000 -24480.000 5073.227
v 2232.000 -24480.000 3500.000
v 2232.000 -24480.000 5119.431
v 2304.000 -24480.000 3500.000
v 2304.000 -24480.000 5125.829
v 2376.000 -24480.000 3500.000
v 2376.000 -24480.000 5137.388
v 2448.000 -24480.000 3500.000
v 2448.000 -24480.000 5153.629
v 2520.000 -24480.000 3500.000
v 2520.000 -24480.000 5180.750
v 2592.000 -24480.000 3500.000
v 2592.000 -24480.000 5227.709
v 2664.000 -24480.000 3500.000
v 2664.000 -24480.000 5289.517
v 2736.000 -24480.000 3500.000
v 2736.000 -24480.000 5347.218
v 2808.000 -24480.000 3500.000
v 2808.000 -24480.000 5416.190
v 2880.000 -24480.000 3500.000
v 2880.000 -24480.000 5472.620
v 2952.000 -24480.000 3500.000
v 2952.000 -24480.000 5536.217
v 3024.000 -24480.000 3500.000
v 3024.000 -24480.000 5599.737
v 3096.000 -24480.000 3500.000
v 3096.000 -24480.000 5662.881
v 3168.000 -24480.000 3500.000
v 3168.000 -24480.000 5727.130
v 3240.000 -24480.000 3500.000
v 3240.000 -24480.000 5790.795
v 3312.000 -24480.000 3500.000
v 3312.000 -24480.000 5857.927
v 3384.000 -24480.000 3500.000
v 3384.000 -24480.000 5919.904
v 3456.000 -24480.000 3500.000
v 3456.000 -24480.000 5984.155
v 3528.000 -24480.000 3500.000
v 3528.000 -24480.000 6043.555
v 3600.000 -24480.000 3500.000
v 3600.000 -24480.000 6094.006
v 3672.000 -24480.000 3500.000
v 3672.000 -24480.000 6114.681
v 3744.000 -24480.000 3500.000
v 3744.000 -24480.000 6132.402
v 3816.000 -24480.000 3500.000
v 3816.000 -24480.000 6151.948
v 3888.000 -24480.000 3500.000
v 3888.000 -24480.000 6166.027
v 3960.000 -24480.000 3500.000
v 3960.000 -24480.000 6206.190
v 4032.000 -24480.000 3500.000
v 4032.000 -24480.000 6265.796
v 4104.000 -24480.000 3500.000
v 4104.000 -24480.000 6325.723
v 4176.000 -24480.000 3500.000
v 4176.000 -24480.000 6387.593
v 4248.000 -24480.000 3500.000
v 4248.000 -24480.000 6327.496
v 4320.000 -24480.000 3500.000
v 4320.000 -24480.000 6247.480
v 4392.000 -24480.000 3500.000
v 4392.000 -24480.000 6163.086
v 4464.000 -24480.000 3500.000
v 4464.000 -24480.000 6073.986
v 4536.000 -24480.000 3500.000
v 4536.000 -24480.000 5970.301
v 4608.000 -24480.000 3500.000
v 4608.000 -24480.000 5872.230
v 4680.000 -24480.000 3500.000
v 4680.000 -24480.000 5784.469
v 4752.000 -24480.000 3500.000
v 4752.000 -24480.000 5748.297
v 4824.000 -24480.000 3500.000
v 4824.000 -24480.000 5721.333
v 4896.000 -24480.000 3500.000
v 4896.000 -24480.000 5714.324
v 4968.000 -24480.000 3500.000
v 4968.000 -24480.000 5711.204
v 5040.000 -24480.000 3500.000
v 5040.000 -24480.000 5701.668
v 5112.000 -24480.000 3500.000
v 5112.000 -24480.000 5691.301
v 5184.000 -24480.000 3500.000
v 5184.000 -24480.000 5679.231
v 5256.000 -24480.000 3500.000
v 5256.000 -24480.000 5679.714
v 5328.000 -24480.000 3500.000
v 5328.000 -24480.000 5667.484
v 5400.000 -24480.000 3500.000
v 5400.000 -24480.000 5654.051
v 5472.000 -24480.000 3500.000
v 5472.000 -24480.000 5631.589
v 5544.000 -24480.000 3500.000
v 5544.000 -24480.000 5628.867
v 5616.000 -24480.000 3500.000
v 5616.000 -24480.000 5652.447
v 5688.000 -24480.000 3500.000
v 5688.000 -24480.000 5665.927
v 5760.000 -24480.000 3500.000
v 5760.000 -24480.000 5640.694
v 5832.000 -24480.000 3500.000
v 5832.000 -24480.000 5659.920
v 5904.000 -24480.000 3500.000
v 5904.000 -24480.000 5691.398
v 5976.000 -24480.000 3500.000
v 5976.000 -24480.000 5697.930
v 6048.000 -24480.000 3500.000
v 6048.000 -24480.000 5648.638
v 6120.000 -24480.000 3500.000
v 6120.000 -24480.000 5618.861
v 6192.000 -24480.000 3500.000
v 6192.000 -24480.000 5565.127
v 6264.000 -24480.000 3500.000
v 6264.000 -24480.000 5520.792
v 6336.000 -24480.000 3500.000
v 6336.000 -24480.000 5460.971
v 6408.000 -24480.000 3500.000
v 6408.000 -24480.000 5398.175
v 6480.000 -24480.000 3500.000
v 6480.000 -24480.000 5366.181
v 6552.000 -24480.000 3500.000
v 6552.000 -24480.000 5301.581
v 6624.000 -24480.000 3500.000
v 6624.000 -24480.000 5215.586
v 6696.000 -24480.000 3500.000
v 6696.000 -24480.000 5161.052
v 6768.000 -24480.000 3500.000
v 6768.000 -24480.000 5115.500
v 6840.000 -24480.000 3500.000
v 6840.000 -24480.000 5081.653
v 6912.000 -24480.000 3500.000
v 6912.000 -24480.000 5062.278
v 6984.000 -24480.000 3500.000
v 6984.000 -24480.000 5046.796
v 7056.000 -24480.000 3500.000
v 7056.000 -24480.000 5024.911
v 7128.000 -24480.000 3500.000
v 7128.000 -24480.000 5013.916
v 7200.000 -24480.000 3500.000
v 7200.000 -24480.000 5012.639
v 7272.000 -24480.000 3500.000
v 7272.000 -24480.000 5003.638
v 7344.000 -24480.000 3500.000
v 7344.000 -24480.000 4997.530
v 7416.000 -24480.000 3500.000
v 7416.000 -24480.000 4992.505
v 7488.000 -24480.000 3500.000
v 7488.000 -24480.000 4982.050
v 7560.000 -24480.000 3500.000
v 7560.000 -24480.000 4964.023
v 7632.000 -24480.000 3500.000
v 7632.000 -24480.000 4951.787
v 7704.000 -24480.000 3500.000
v 7704.000 -24480.000 4935.192
v 7776.000 -24480.000 3500.000
v 7776.000 -24480.000 4926.489
v 7848.000 -24480.000 3500.000
v 7848.000 -24480.000 4919.120
v 7920.000 -24480.000 3500.000
v 7920.000 -24480.000 4912.095
v 7992.000 -24480.000 3500.000
v 7992.000 -24480.000 4912.771
v 8064.000 -24480.000 3500.000
v 8064.000 -24480.000 4906.216
v 8136.000 -24480.000 3500.000
v 8136.000 -24480.000 4909.556
v 8208.000 -24480.000 3500.000
v 8208.000 -24480.000 4901.172
v 8280.000 -24480.000 3500.000
v 8280.000 -24480.000 4898.422
v 8352.000 -24480.000 3500.000
v 8352.000 -24480.000 4880.366
v 8424.000 -24480.000 3500.000
v 8424.000 -24480.000 4874.878
v 8496.000 -24480.000 3500.000
v 8496.000 -24480.000 4873.066
v 8568.000 -24480.000 3500.000
v 8568.000 -24480.000 4869.690
v 8640.000 -24480.000 3500.000
v 8640.000 -24480.000 4872.969
v 8712.000 -24480.000 3500.000
v 8712.000 -24480.000 4874.047
v 8784.000 -24480.000 3500.000
v 8784.000 -24480.000 4878.770
v 8856.000 -24480.000 3500.000
v 8856.000 -24480.000 4880.751
v 8928.000 -24480.000 3500.000
v 8928.000 -24480.000 4883.315
v 9000.000 -24480.000 3500.000
v 9000.000 -24480.000 4883.919
v 9072.000 -24480.000 3500.000
v 9072.000 -24480.000 4879.662
v 9144.000 -24480.000 3500.000
v 9144.000 -24480.000 4886.918
v 9216.000 -24480.000 3500.000
v 9216.000 -24480.000 4877.492
v 9288.000 -24480.000 3500.000
v 9288.000 -24480.000 4885.638
v 9360.000 -24480.000 3500.000
v 9360.000 -24480.000 4887.171
v 9432.000 -24480.000 3500.000
v 9432.000 -24480.000 4883.949
v 9504.000 -24480.000 3500.000
v 9504.000 -24480.000 4881.641
v 9576.000 -24480.000 3500.000
v 9576.000 -24480.000 4890.287
v 9648.000 -24480.000 3500.000
v 9648.000 -24480.000 4908.817
v 9720.000 -24480.000 3500.000
v 9720.000 -24480.000 4907.489
v 9792.000 -24480.000 3500.000
v 9792.000 -24480.000 4939.331
v 9864.000 -24480.000 3500.000
v 9864.000 -24480.000 4958.951
v 9936.000 -24480.000 3500.000
v 9936.000 -24480.000 5006.066
v 10008.000 -24480.000 3500.000
v 10008.000 -24480.000 5077.414
v 10080.000 -24480.000 3500.000
v 10080.000 -24480.000 5169.837
v 10152.000 -24480.000 3500.000
v 10152.000 -24480.000 5234.159
v 10224.000 -24480.000 3500.000
v 10224.000 -24480.000 5267.346
v 10296.000 -24480.000 3500.000
v 10296.000 -24480.000 5234.253
v 10368.000 -24480.000 3500.000
v 10368.000 -24480.000 5211.195
v 10440.000 -24480.000 3500.000
v 10440.000 -24480.000 5217.902
v 10512.000 -24480.000 3500.000
v 10512.000 -24480.000 5227.518
v 10584.000 -24480.000 3500.000
v 10584.000 -24480.000 5251.548
v 10656.000 -24480.000 3500.000
v 10656.000 -24480.000 5287.816
v 10728.000 -24480.000 3500.000
v 10728.000 -24480.000 5319.030
v 10800.000 -24480.000 3500.000
v 10800.000 -24480.000 5347.503
v 10872.000 -24480.000 3500.000
v 10872.000 -24480.000 5347.813
v 10944.000 -24480.000 3500.000
v 10944.000 -24480.000 5363.392
v 11016.000 -24480.000 3500.000
v 11016.000 -24480.000 5400.600
v 11088.000 -24480.000 3500.000
v 11088.000 -24480.000 5466.183
v 11160.000 -24480.000 3500.000
v 11160.000 -24480.000 5616.580
v 11232.000 -24480.000 3500.000
v 11232.000 -24480.000 5729.047
v 11304.000 -24480.000 3500.000
v 11304.000 -24480.000 5753.721
v 11376.000 -24480.000 3500.000
v 11376.000 -24480.000 5751.641
v 11448.000 -24480.000 3500.000
v 11448.000 -24480.000 5748.675
v 11520.000 -24480.000 3500.000
v 11520.000 -24480.000 5746.639
v 11592.000 -24480.000 3500.000
v 11592.000 -24480.000 5740.027
v 11664.000 -24480.000 3500.000
v 11664.000 -24480.000 5742.089
v 11736.000 -24480.000 3500.000
v 11736.000 -24480.000 5759.210
v 11808.000 -24480.000 3500.000
v 11808.000 -24480.000 5785.615
v 11880.000 -24480.000 3500.000
v 11880.000 -24480.000 5812.599
v 11952.000 -24480.000 3500.000
v 11952.000 -24480.000 5837.013
v 12024.000 -24480.000 3500.000
v 12024.000 -24480.000 5858.214
v 12096.000 -24480.000 3500.000
v 12096.000 -24480.000 5880.411
v 12168.000 -24480.000 3500.000
v 12168.000 -24480.000 5896.018
v 12240.000 -24480.000 3500.000
v 12240.000 -24480.000 5911.522
v 12312.000 -24480.000 3500.000
v 12312.000 -24480.000 5930.752
v 12384.000 -24480.000 3500.000
v 12384.000 -24480.000 5943.344
v 12456.000 -24480.000 3500.000
v 12456.000 -24480.000 5959.081
v 12528.000 -24480.000 3500.000
v 12528.000 -24480.000 5980.364
v 12600.000 -24480.000 3500.000
v 12600.000 -24480.000 5994.288
v 12672.000 -24480.000 3500.000
v 12672.000 -24480.000 6008.361
v 12744.000 -24480.000 3500.000
v 12744.000 -24480.000 6019.499
v 12816.000 -24480.000 3500.000
v 12816.000 -24480.000 6029.459
v 12888.000 -24480.000 3500.000
v 12888.000 -24480.000 6056.214
v 12960.000 -24480.000 3500.000
v 12960.000 -24480.000 6092.229
v 13032.000 -24480.000 3500.000
v 13032.000 -24480.000 6124.683
v 13104.000 -24480.000 3500.000
v 13104.000 -24480.000 6155.026
v 13176.000 -24480.000 3500.000
v 13176.000 -24480.000 6205.869
v 13248.000 -24480.000 3500.000
v 13248.000 -24480.000 6292.529
v 13320.000 -24480.000 3500.000
v 13320.000 -24480.000 6366.692
v 13392.000 -24480.000 3500.000
v 13392.000 -24480.000 6431.955
v 13464.000 -24480.000 3500.000
v 13464.000 -24480.000 6459.237
v 13536.000 -24480.000 3500.000
v 13536.000 -24480.000 6408.198
v 13608.000 -24480.000 3500.000
v 13608.000 -24480.000 6312.701
v 13680.000 -24480.000 3500.000
v 13680.000 -24480.000 6263.166
v 13752.000 -24480.000 3500.000
v 13752.000 -24480.000 6237.376
v 13824.000 -24480.000 3500.000
v 13824.000 -24480.000 6225.770
v 13896.000 -24480.000 3500.000
v 13896.000 -24480.000 6215.743
v 13968.000 -24480.000 3500.000
v 13968.000 -24480.000 6200.833
v 14040.000 -24480.000 3500.000
v 14040.000 -24480.000 6177.837
v 14112.000 -24480.000 3500.000
v 14112.000 -24480.000 6171.927
v 14184.000 -24480.000 3500.000
v 14184.000 -24480.000 6164.485
v 14256.000 -24480.000 3500.000
v 14256.000 -24480.000 6170.454
v 14328.000 -24480.000 3500.000
v 14328.000 -24480.000 6180.652
v 14400.000 -24480.000 3500.000
v 14400.000 -24480.000 6206.527
v 14472.000 -24480.000 3500.000
v 14472.000 -24480.000 6244.724
v 14544.000 -24480.000 3500.000
v 14544.000 -24480.000 6258.886
v 14616.000 -24480.000 3500.000
v 14616.000 -24480.000 6258.938
v 14688.000 -24480.000 3500.000
v 14688.000 -24480.000 6240.258
v 14760.000 -24480.000 3500.000
v 14760.000 -24480.000 6195.042
v 14832.000 -24480.000 3500.000
v 14832.000 -24480.000 6162.911
v 14904.000 -24480.000 3500.000
v 14904.000 -24480.000 6150.272
v 14976.000 -24480.000 3500.000
v 14976.000 -24480.000 6148.584
v 15048.000 -24480.000 3500.000
v 15048.000 -24480.000 6172.491
v 15120.000 -24480.000 3500.000
v 15120.000 -24480.000 6183.741
v 15192.000 -24480.000 3500.000
v 15192.000 -24480.000 6222.012
v 15264.000 -24480.000 3500.000
v 15264.000 -24480.000 6276.604
v 15336.000 -24480.000 3500.000
v 15336.000 -24480.000 6355.558
v 15408.000 -24480.000 3500.000
v 15408.000 -24480.000 6417.928
v 15480.000 -24480.000 3500.000
v 15480.000 -24480.000 6436.496
v 15552.000 -24480.000 3500.000
v 15552.000 -24480.000 6407.253
v 15624.000 -24480.000 3500.000
v 15624.000 -24480.000 6408.209
v 15696.000 -24480.000 3500.000
v 15696.000 -24480.000 6419.723
v 15768.000 -24480.000 3500.000
v 15768.000 -24480.000 6413.201
v 15840.000 -24480.000 3500.000
v 15840.000 -24480.000 6394.184
v 15912.000 -24480.000 3500.000
v 15912.000 -24480.000 6390.021
v 15984.000 -24480.000 3500.000
v 15984.000 -24480.000 6366.459
v 16056.000 -24480.000 3500.000
v 16056.000 -24480.000 6349.023
v 16128.000 -24480.000 3500.000
v 16128.000 -24480.000 6282.700
v 16200.000 -24480.000 3500.000
v 16200.000 -24480.000 6196.152
v 16272.000 -24480.000 3500.000
v 16272.000 -24480.000 6127.459
v 16344.000 -24480.000 3500.000
v 16344.000 -24480.000 6045.496
v 16416.000 -24480.000 3500.000
v 16416.000 -24480.000 5983.164
v 16488.000 -24480.000 3500.000
v 16488.000 -24480.000 5931.983
v 16560.000 -24480.000 3500.000
v 16560.000 -24480.000 5896.128
v 16632.000 -24480.000 3500.000
v 16632.000 -24480.000 5874.511
v 16704.000 -24480.000 3500.000
v 16704.000 -24480.000 5812.504
v 16776.000 -24480.000 3500.000
v 16776.000 -24480.000 5768.463
v 16848.000 -24480.000 3500.000
v 16848.000 -24480.000 5696.139
v 16920.000 -24480.000 3500.000
v 16920.000 -24480.000 5695.238
v 16992.000 -24480.000 3500.000
v 16992.000 -24480.000 5670.335
v 17064.000 -24480.000 3500.000
v 17064.000 -24480.000 5647.969
v 17136.000 -24480.000 3500.000
v 17136.000 -24480.000 5655.373
v 17208.000 -24480.000 3500.000
v 17208.000 -24480.000 5667.647
v 17280.000 -24480.000 3500.000
v 17280.000 -24480.000 5634.343
v 17352.000 -24480.000 3500.000
v 17352.000 -24480.000 5620.830
v 17424.000 -24480.000 3500.000
v 17424.000 -24480.000 5628.713
v 17496.000 -24480.000 3500.000
v 17496.000 -24480.000 5626.157
v 17568.000 -24480.000 3500.000
v 17568.000 -24480.000 5622.275
v 17640.000 -24480.000 3500.000
v 17640.000 -24480.000 5620.805
v 17712.000 -24480.000 3500.000
v 17712.000 -24480.000 5625.639
v 17784.000 -24480.000 3500.000
v 17784.000 -24480.000 5651.857
v 17856.000 -24480.000 3500.000
v 17856.000 -24480.000 5674.902
v 17928.000 -24480.000 3500.000
v 17928.000 -24480.000 5702.101
v 18000.000 -24480.000 3500.000
v 18000.000 -24480.000 5720.577
v 18072.000 -24480.000 3500.000
v 18072.000 -24480.000 5738.401
v 18144.000 -24480.000 3500.000
v 18144.000 -24480.000 5762.632
v 18216.000 -24480.000 3500.000
v 18216.000 -24480.000 5791.920
v 18288.000 -24480.000 3500.000
v 18288.000 -24480.000 5809.218
v 18360.000 -24480.000 3500.000
v 18360.000 -24480.000 5824.189
v 18432.000 -24480.000 3500.000
v 18432.000 -24480.000 5839.465
v 18504.000 -24480.000 3500.000
v 18504.000 -24480.000 5851.667
v 18576.000 -24480.000 3500.000
v 18576.000 -24480.000 5859.594
v 18648.000 -24480.000 3500.000
v 18648.000 -24480.000 5865.287
v 18720.000 -24480.000 3500.000
v 18720.000 -24480.000 5871.206
v 18792.000 -24480.000 3500.000
v 18792.000 -24480.000 5875.769
v 18864.000 -24480.000 3500.000
v 18864.000 -24480.000 5878.500
v 18864.000 -24408.000 3500.000
v 18864.000 -24408.000 5855.753
v 18864.000 -24336.000 3500.000
v 18864.000 -24336.000 5823.454
v 18864.000 -24264.000 3500.000
v 18864.000 -24264.000 5776.846
v 18864.000 -24192.000 3500.000
v 18864.000 -24192.000 5734.727
v 18864.000 -24120.000 3500.000
v 18864.000 -24120.000 5693.966
v 18864.000 -24048.000 3500.000
v 18864.000 -24048.000 5660.635
v 18864.000 -23976.000 3500.000
v 18864.000 -23976.000 5645.303
v 18864.000 -23904.000 3500.000
v 18864.000 -23904.000 5630.803
v 18864.000 -23832.000 3500.000
v 18864.000 -23832.000 5627.850
v 18864.000 -23760.000 3500.000
v 18864.000 -23760.000 5623.997
v 18864.000 -23688.000 3500.000
v 18864.000 -23688.000 5615.129
v 18864.000 -23616.000 3500.000
v 18864.000 -23616.000 5607.683
v 18864.000 -23544.000 3500.000
v 18864.000 -23544.000 5609.565
v 18864.000 -23472.000 3500.000
v 18864.000 -23472.000 5627.220
v 18864.000 -23400.000 3500.000
v 18864.000 -23400.000 5659.487
v 18864.000 -23328.000 3500.000
v 18864.000 -23328.000 5697.039
v 18864.000 -23256.000 3500.000
v 18864.000 -23256.000 5708.748
v 18864.000 -23184.000 3500.000
v 18864.000 -23184.000 5705.039
v 18864.000 -23112.000 3500.000
v 18864.000 -23112.000 5679.196
v 18864.000 -23040.000 3500.000
v 18864.000 -23040.000 5646.513
v 18864.000 -22968.000 3500.000
v 18864.000 -22968.000 5605.124
v 18864.000 -22896.000 3500.000
v 18864.000 -22896.000 5591.099
v 18864.000 -22824.000 3500.000
v 18864.000 -22824.000 5591.428
v 18864.000 -22752.000 3500.000
v 18864.000 -22752.000 5598.778
v 18864.000 -22680.000 3500.000
v 18864.000 -22680.000 5598.367
v 18864.000 -22608.000 3500.000
v 18864.000 -22608.000 5594.387
v 18864.000 -22536.000 3500.000
v 18864.000 -22536.000 5596.687
v 18864.000 -22464.000 3500.000
v 18864.000 -22464.000 5606.679
v 18864.000 -22392.000 3500.000
v 18864.000 -22392.000 5606.961
v 18864.000 -22320.000 3500.000
v 18864.000 -22320.000 5607.222
v 18864.000 -22248.000 3500.000
v 18864.000 -22248.000 5630.159
v 18864.000 -22176.000 3500.000
v 18864.000 -22176.000 5682.986
v 18864.000 -22104.000 3500.000
v 18864.000 -22104.000 5755.615
v 18864.000 -22032.000 3500.000
v 18864.000 -22032.000 5837.046
v 18864.000 -21960.000 3500.000
v 18864.000 -21960.000 5899.383
v 18864.000 -21888.000 3500.000
v 18864.000 -21888.000 5969.915
v 18864.000 -21816.000 3500.000
v 18864.000 -21816.000 6007.662
v 18864.000 -21744.000 3500.000
v 18864.000 -21744.000 6023.494
v 18864.000 -21672.000 3500.000
v 18864.000 -21672.000 6045.482
v 18864.000 -21600.000 3500.000
v 18864.000 -21600.000 6085.013
v 18864.000 -21528.000 3500.000
v 18864.000 -21528.000 6141.107
v 18864.000 -21456.000 3500.000
v 18864.000 -21456.000 6196.975
v 18864.000 -21384.000 3500.000
v 18864.000 -21384.000 6207.567
v 18864.000 -21312.000 3500.000
v 18864.000 -21312.000 6222.489
v 18864.000 -21240.000 3500.000
v 18864.000 -21240.000 6288.507
v 18864.000 -21168.000 3500.000
v 18864.000 -21168.000 6373.775
v 18864.000 -21096.000 3500.000
v 18864.000 -21096.000 6445.193
v 18864.000 -21024.000 3500.000
v 18864.000 -21024.000 6516.917
v 18864.000 -20952.000 3500.000
v 18864.000 -20952.000 6569.602
v 18864.000 -20880.000 3500.000
v 18864.000 -20880.000 6607.386
v 18864.000 -20808.000 3500.000
v 18864.000 -20808.000 6621.698
v 18864.000 -20736.000 3500.000
v 18864.000 -20736.000 6634.574
v 18864.000 -20664.000 3500.000
v 18864.000 -20664.000 6626.165
v 18864.000 -20592.000 3500.000
v 18864.000 -20592.000 6642.349
v 18864.000 -20520.000 3500.000
v 18864.000 -20520.000 6671.612
v 18864.000 -20448.000 3500.000
v 18864.000 -20448.000 6696.922
v 18864.000 -20376.000 3500.000
v 18864.000 -20376.000 6746.611
v 18864.000 -20304.000 3500.000
v 18864.000 -20304.000 6749.272
v 18864.000 -20232.000 3500.000
v 18864.000 -20232.000 6741.618
v 18864.000 -20160.000 3500.000
v 18864.000 -20160.000 6753.831
v 18864.000 -20088.000 3500.000
v 18864.000 -20088.000 6763.975
v 18864.000 -20016.000 3500.000
v 18864.000 -20016.000 6768.606
v 18864.000 -19944.000 3500.000
v 18864.000 -19944.000 6773.231
v 18864.000 -19872.000 3500.000
v 18864.000 -19872.000 6781.492
v 18864.000 -19800.000 3500.000
v 18864.000 -19800.000 6792.453
v 18864.000 -19728.000 3500.000
v 18864.000 -19728.000 6802.085
v 18864.000 -19656.000 3500.000
v 18864.000 -19656.000 6814.283
v 18864.000 -19584.000 3500.000
v 18864.000 -19584.000 6834.542
v 18864.000 -19512.000 3500.000
v 18864.000 -19512.000 6864.479
v 18864.000 -19440.000 3500.000
v 18864.000 -19440.000 6890.234
v 18864.000 -19368.000 3500.000
v 18864.000 -19368.000 6895.025
v 18864.000 -19296.000 3500.000
v 18864.000 -19296.000 6900.075
v 18864.000 -19224.000 3500.000
v 18864.000 -19224.000 6905.164
v 18864.000 -19152.000 3500.000
v 18864.000 -19152.000 6910.047
v 18864.000 -19080.000 3500.000
v 18864.000 -19080.000 6915.113
v 18864.000 -19008.000 3500.000
v 18864.000 -19008.000 6921.503
v 18864.000 -18936.000 3500.000
v 18864.000 -18936.000 6931.508
v 18864.000 -18864.000 3500.000
v 18864.000 -18864.000 6950.080
v 18864.000 -18792.000 3500.000
v 18864.000 -18792.000 6994.889
v 18864.000 -18720.000 3500.000
v 18864.000 -18720.000 7056.078
v 18864.000 -18648.000 3500.000
v 18864.000 -18648.000 7072.809
v 18864.000 -18576.000 3500.000
v 18864.000 -18576.000 7007.945
v 18864.000 -18504.000 3500.000
v 18864.000 -18504.000 6946.995
v 18864.000 -18432.000 3500.000
v 18864.000 -18432.000 6853.711
v 18864.000 -18360.000 3500.000
v 18864.000 -18360.000 6734.856
v 18864.000 -18288.000 3500.000
v 18864.000 -18288.000 6682.439
v 18864.000 -18216.000 3500.000
v 18864.000 -18216.000 6620.061
v 18864.000 -18144.000 3500.000
v 18864.000 -18144.000 6602.665
v 18864.000 -18072.000 3500.000
v 18864.000 -18072.000 6521.108
v 18864.000 -18000.000 3500.000
v 18864.000 -18000.000 6478.116
v 18864.000 -17928.000 3500.000
v 18864.000 -17928.000 6411.019
v 18864.000 -17856.000 3500.000
v 18864.000 -17856.000 6382.570
v 18864.000 -17784.000 3500.000
v 18864.000 -17784.000 6383.085
v 18864.000 -17712.000 3500.000
v 18864.000 -17712.000 6270.254
v 18864.000 -17640.000 3500.000
v 18864.000 -17640.000 6176.349
v 18864.000 -17568.000 3500.000
v 18864.000 -17568.000 6120.211
v 18864.000 -17496.000 3500.000
v 18864.000 -17496.000 6107.416
v 18864.000 -17424.000 3500.000
v 18864.000 -17424.000 6088.292
v 18864.000 -17352.000 3500.000
v 18864.000 -17352.000 6048.586
v 18864.000 -17280.000 3500.000
v 18864.000 -17280.000 5985.448
v 18864.000 -17208.000 3500.000
v 18864.000 -17208.000 5928.219
v 18864.000 -17136.000 3500.000
v 18864.000 -17136.000 5891.062
v 18864.000 -17064.000 3500.000
v 18864.000 -17064.000 5882.097
v 18864.000 -16992.000 3500.000
v 18864.000 -16992.000 5889.711
v 18864.000 -16920.000 3500.000
v 18864.000 -16920.000 5899.735
v 18864.000 -16848.000 3500.000
v 18864.000 -16848.000 5899.837
v 18864.000 -16776.000 3500.000
v 18864.000 -16776.000 5904.717
v 18864.000 -16704.000 3500.000
v 18864.000 -16704.000 5909.601
v 18864.000 -16632.000 3500.000
v 18864.000 -16632.000 5916.688
v 18864.000 -16560.000 3500.000
v 18864.000 -16560.000 5990.821
v 18864.000 -16488.000 3500.000
v 18864.000 -16488.000 6092.649
v 18864.000 -16416.000 3500.000
v 18864.000 -16416.000 6143.560
v 18864.000 -16344.000 3500.000
v 18864.000 -16344.000 6156.991
v 18864.000 -16272.000 3500.000
v 18864.000 -16272.000 6149.933
v 18864.000 -16200.000 3500.000
v 18864.000 -16200.000 6092.572
v 18864.000 -16128.000 3500.000
v 18864.000 -16128.000 6007.595
v 18864.000 -16056.000 3500.000
v 18864.000 -16056.000 5920.419
v 18864.000 -15984.000 3500.000
v 18864.000 -15984.000 5825.774
v 18864.000 -15912.000 3500.000
v 18864.000 -15912.000 5736.107
v 18864.000 -15840.000 3500.000
v 18864.000 -15840.000 5613.287
v 18864.000 -15768.000 3500.000
v 18864.000 -15768.000 5495.395
v 18864.000 -15696.000 3500.000
v 18864.000 -15696.000 5403.726
v 18864.000 -15624.000 3500.000
v 18864.000 -15624.000 5318.616
v 18864.000 -15552.000 3500.000
v 18864.000 -15552.000 5236.755
v 18864.000 -15480.000 3500.000
v 18864.000 -15480.000 5173.260
v 18864.000 -15408.000 3500.000
v 18864.000 -15408.000 5143.330
v 18864.000 -15336.000 3500.000
v 18864.000 -15336.000 5137.469
v 18864.000 -15264.000 3500.000
v 18864.000 -15264.000 5138.811
v 18864.000 -15192.000 3500.000
v 18864.000 -15192.000 5142.931
v 18864.000 -15120.000 3500.000
v 18864.000 -15120.000 5145.729
v 18864.000 -15048.000 3500.000
v 18864.000 -15048.000 5149.232
v 18864.000 -14976.000 3500.000
v 18864.000 -14976.000 5152.518
v 18864.000 -14904.000 3500.000
v 18864.000 -14904.000 5153.742
v 18864.000 -14832.000 3500.000
v 18864.000 -14832.000 5155.515
v 18864.000 -14760.000 3500.000
v 18864.000 -14760.000 5158.603
v 18864.000 -14688.000 3500.000
v 18864.000 -14688.000 5159.396
v 18864.000 -14616.000 3500.000
v 18864.000 -14616.000 5158.958
v 18864.000 -14544.000 3500.000
v 18864.000 -14544.000 5152.748
v 18864.000 -14472.000 3500.000
v 18864.000 -14472.000 5143.278
v 18864.000 -14400.000 3500.000
v 18864.000 -14400.000 5128.354
v 18864.000 -14328.000 3500.000
v 18864.000 -14328.000 5113.564
v 18864.000 -14256.000 3500.000
v 18864.000 -14256.000 5125.141
v 18864.000 -14184.000 3500.000
v 18864.000 -14184.000 5154.242
v 18864.000 -14112.000 3500.000
v 18864.000 -14112.000 5187.291
v 18864.000 -14040.000 3500.000
v 18864.000 -14040.000 5216.996
v 18864.000 -13968.000 3500.000
v 18864.000 -13968.000 5245.723
v 18864.000 -13896.000 3500.000
v 18864.000 -13896.000 5235.999
v 18864.000 -13824.000 3500.000
v 18864.000 -13824.000 5242.148
v 18864.000 -13752.000 3500.000
v 18864.000 -13752.000 5256.152
v 18864.000 -13680.000 3500.000
v 18864.000 -13680.000 5263.010
v 18864.000 -13608.000 3500.000
v 18864.000 -13608.000 5264.773
v 18864.000 -13536.000 3500.000
v 18864.000 -13536.000 5264.736
v 18864.000 -13464.000 3500.000
v 18864.000 -13464.000 5282.495
v 18864.000 -13392.000 3500.000
v 18864.000 -13392.000 5297.812
v 18864.000 -13320.000 3500.000
v 18864.000 -13320.000 5299.129
v 18864.000 -13248.000 3500.000
v 18864.000 -13248.000 5319.198
v 18864.000 -13176.000 3500.000
v 18864.000 -13176.000 5343.465
v 18864.000 -13104.000 3500.000
v 18864.000 -13104.000 5372.312
v 18864.000 -13032.000 3500.000
v 18864.000 -13032.000 5352.835
v 18864.000 -12960.000 3500.000
v 18864.000 -12960.000 5290.540
v 18864.000 -12888.000 3500.000
v 18864.000 -12888.000 5289.199
v 18864.000 -12816.000 3500.000
v 18864.000 -12816.000 5287.870
v 18864.000 -12744.000 3500.000
v 18864.000 -12744.000 5296.401
v 18864.000 -12672.000 3500.000
v 18864.000 -12672.000 5292.251
v 18864.000 -12600.000 3500.000
v 18864.000 -12600.000 5290.037
v 18864.000 -12528.000 3500.000
v 18864.000 -12528.000 5283.322
v 18864.000 -12456.000 3500.000
v 18864.000 -12456.000 5297.807
v 18864.000 -12384.000 3500.000
v 18864.000 -12384.000 5294.920
v 18864.000 -12312.000 3500.000
v 18864.000 -12312.000 5282.270
v 18864.000 -12240.000 3500.000
v 18864.000 -12240.000 5294.633
v 18864.000 -12168.000 3500.000
v 18864.000 -12168.000 5269.834
v 18864.000 -12096.000 3500.000
v 18864.000 -12096.000 5278.046
v 18864.000 -12024.000 3500.000
v 18864.000 -12024.000 5275.917
v 18864.000 -11952.000 3500.000
v 18864.000 -11952.000 5314.282
v 18864.000 -11880.000 3500.000
v 18864.000 -11880.000 5362.760
v 18864.000 -11808.000 3500.000
v 18864.000 -11808.000 5308.268
v 18864.000 -11736.000 3500.000
v 18864.000 -11736.000 5269.265
v 18864.000 -11664.000 3500.000
v 18864.000 -11664.000 5248.908
v 18864.000 -11592.000 3500.000
v 18864.000 -11592.000 5238.387
v 18864.000 -11520.000 3500.000
v 18864.000 -11520.000 5241.752
v 18864.000 -11448.000 3500.000
v 18864.000 -11448.000 5263.152
v 18864.000 -11376.000 3500.000
v 18864.000 -11376.000 5310.064
v 18864.000 -11304.000 3500.000
v 18864.000 -11304.000 5350.516
v 18864.000 -11232.000 3500.000
v 18864.000 -11232.000 5371.138
v 18864.000 -11160.000 3500.000
v 18864.000 -11160.000 5396.534
v 18864.000 -11088.000 3500.000
v 18864.000 -11088.000 5439.850
v 18864.000 -11016.000 3500.000
v 18864.000 -11016.000 5471.305
v 18864.000 -10944.000 3500.000
v 18864.000 -10944.000 5448.667
v 18864.000 -10872.000 3500.000
v 18864.000 -10872.000 5457.748
v 18864.000 -10800.000 3500.000
v 18864.000 -10800.000 5461.977
v 18864.000 -10728.000 3500.000
v 18864.000 -10728.000 5475.560
v 18864.000 -10656.000 3500.000
v 18864.000 -10656.000 5527.294
v 18864.000 -10584.000 3500.000
v 18864.000 -10584.000 5564.966
v 18864.000 -10512.000 3500.000
v 18864.000 -10512.000 5594.575
v 18864.000 -10440.000 3500.000
v 18864.000 -10440.000 5626.503
v 18864.000 -10368.000 3500.000
v 18864.000 -10368.000 5662.716
v 18864.000 -10296.000 3500.000
v 18864.000 -10296.000 5686.967
v 18864.000 -10224.000 3500.000
v 18864.000 -10224.000 5737.484
v 18864.000 -10152.000 3500.000
v 18864.000 -10152.000 5788.042
v 18864.000 -10080.000 3500.000
v 18864.000 -10080.000 5838.870
v 18864.000 -10008.000 3500.000
v 18864.000 -10008.000 5796.273
v 18864.000 -9936.000 3500.000
v 18864.000 -9936.000 5743.284
v 18864.000 -9864.000 3500.000
v 18864.000 -9864.000 5718.422
v 18864.000 -9792.000 3500.000
v 18864.000 -9792.000 5693.732
v 18864.000 -9720.000 3500.000
v 18864.000 -9720.000 5693.338
v 18864.000 -9648.000 3500.000
v 18864.000 -9648.000 5701.024
v 18864.000 -9576.000 3500.000
v 18864.000 -9576.000 5715.106
v 18864.000 -9504.000 3500.000
v 18864.000 -9504.000 5747.238
v 18864.000 -9432.000 3500.000
v 18864.000 -9432.000 5781.252
v 18864.000 -9360.000 3500.000
v 18864.000 -9360.000 5776.154
v 18864.000 -9288.000 3500.000
v 18864.000 -9288.000 5781.652
v 18864.000 -9216.000 3500.000
v 18864.000 -9216.000 5795.713
v 18864.000 -9144.000 3500.000
v 18864.000 -9144.000 5815.917
v 18864.000 -9072.000 3500.000
v 18864.000 -9072.000 5767.705
v 18864.000 -9000.000 3500.000
v 18864.000 -9000.000 5692.633
v 18864.000 -8928.000 3500.000
v 18864.000 -8928.000 5649.035
v 18864.000 -8856.000 3500.000
v 18864.000 -8856.000 5643.808
v 18864.000 -8784.000 3500.000
v 18864.000 -8784.000 5653.253
v 18864.000 -8712.000 3500.000
v 18864.000 -8712.000 5674.348
v 18864.000 -8640.000 3500.000
v 18864.000 -8640.000 5662.124
v 18864.000 -8568.000 3500.000
v 18864.000 -8568.000 5619.808
v 18864.000 -8496.000 3500.000
v 18864.000 -8496.000 5616.956
v 18864.000 -8424.000 3500.000
v 18864.000 -8424.000 5617.993
v 18864.000 -8352.000 3500.000
v 18864.000 -8352.000 5634.071
v 18864.000 -8280.000 3500.000
v 18864.000 -8280.000 5659.057
v 18864.000 -8208.000 3500.000
v 18864.000 -8208.000 5693.101
v 18864.000 -8136.000 3500.000
v 18864.000 -8136.000 5719.252
v 18864.000 -8064.000 3500.000
v 18864.000 -8064.000 5712.391
v 18864.000 -7992.000 3500.000
v 18864.000 -7992.000 5687.521
v 18864.000 -7920.000 3500.000
v 18864.000 -7920.000 5687.027
v 18864.000 -7848.000 3500.000
v 18864.000 -7848.000 5680.130
v 18864.000 -7776.000 3500.000
v 18864.000 -7776.000 5630.393
v 18864.000 -7704.000 3500.000
v 18864.000 -7704.000 5580.253
v 18864.000 -7632.000 3500.000
v 18864.000 -7632.000 5529.223
v 18864.000 -7560.000 3500.000
v 18864.000 -7560.000 5471.989
v 18864.000 -7488.000 3500.000
v 18864.000 -7488.000 5467.914
v 18864.000 -7416.000 3500.000
v 18864.000 -7416.000 5440.311
v 18864.000 -7344.000 3500.000
v 18864.000 -7344.000 5400.436
v 18864.000 -7272.000 3500.000
v 18864.000 -7272.000 5385.967
v 18864.000 -7200.000 3500.000
v 18864.000 -7200.000 5381.100
v 18864.000 -7128.000 3500.000
v 18864.000 -7128.000 5327.967
v 18864.000 -7056.000 3500.000
v 18864.000 -7056.000 5276.305
v 18864.000 -6984.000 3500.000
v 18864.000 -6984.000 5212.281
v 18864.000 -6912.000 3500.000
v 18864.000 -6912.000 5158.916
v 18864.000 -6840.000 3500.000
v 18864.000 -6840.000 5099.004
v 18864.000 -6768.000 3500.000
v 18864.000 -6768.000 5061.671
v 18864.000 -6696.000 3500.000
v 18864.000 -6696.000 5048.385
v 18864.000 -6624.000 3500.000
v 18864.000 -6624.000 5059.752
v 18864.000 -6552.000 3500.000
v 18864.000 -6552.000 5081.286
v 18864.000 -6480.000 3500.000
v 18864.000 -6480.000 5038.693
v 18864.000 -6408.000 3500.000
v 18864.000 -6408.000 5005.080
v 18864.000 -6336.000 3500.000
v 18864.000 -6336.000 5039.204
v 18864.000 -6264.000 3500.000
v 18864.000 -6264.000 5081.729
v 18864.000 -6192.000 3500.000
v 18864.000 -6192.000 5073.812
v 18864.000 -6120.000 3500.000
v 18864.000 -6120.000 5034.336
v 18864.000 -6048.000 3500.000
v 18864.000 -6048.000 4939.300
v 18864.000 -5976.000 3500.000
v 18864.000 -5976.000 4880.151
v 18864.000 -5904.000 3500.000
v 18864.000 -5904.000 4836.976
v 18864.000 -5832.000 3500.000
v 18864.000 -5832.000 4788.208
v 18864.000 -5760.000 3500.000
v 18864.000 -5760.000 4814.935
v 18864.000 -5688.000 3500.000
v 18864.000 -5688.000 4858.662
v 18864.000 -5616.000 3500.000
v 18864.000 -5616.000 4835.225
v 18864.000 -5544.000 3500.000
v 18864.000 -5544.000 4813.247
v 18864.000 -5472.000 3500.000
v 18864.000 -5472.000 4792.010
v 18864.000 -5400.000 3500.000
v 18864.000 -5400.000 4779.204
v 18864.000 -5328.000 3500.000
v 18864.000 -5328.000 4777.318
v 18864.000 -5256.000 3500.000
v 18864.000 -5256.000 4777.559
v 18864.000 -5184.000 3500.000
v 18864.000 -5184.000 4793.833
v 18864.000 -5112.000 3500.000
v 18864.000 -5112.000 4796.809
v 18864.000 -5040.000 3500.000
v 18864.000 -5040.000 4799.182
v 18864.000 -4968.000 3500.000
v 18864.000 -4968.000 4801.058
v 18864.000 -4896.000 3500.000
v 18864.000 -4896.000 4808.318
v 18864.000 -4824.000 3500.000
v 18864.000 -4824.000 4821.480
v 18864.000 -4752.000 3500.000
v 18864.000 -4752.000 4829.823
v 18864.000 -4680.000 3500.000
v 18864.000 -4680.000 4815.172
v 18864.000 -4608.000 3500.000
v 18864.000 -4608.000 4790.975
v 18864.000 -4536.000 3500.000
v 18864.000 -4536.000 4803.344
v 18864.000 -4464.000 3500.000
v 18864.000 -4464.000 4864.400
v 18864.000 -4392.000 3500.000
v 18864.000 -4392.000 4871.282
v 18864.000 -4320.000 3500.000
v 18864.000 -4320.000 4804.203
v 18864.000 -4248.000 3500.000
v 18864.000 -4248.000 4789.929
v 18864.000 -4176.000 3500.000
v 18864.000 -4176.000 4815.021
v 18864.000 -4104.000 3500.000
v 18864.000 -4104.000 4773.753
v 18864.000 -4032.000 3500.000
v 18864.000 -4032.000 4729.497
v 18864.000 -3960.000 3500.000
v 18864.000 -3960.000 4668.073
v 18864.000 -3888.000 3500.000
v 18864.000 -3888.000 4630.066
v 18864.000 -3816.000 3500.000
v 18864.000 -3816.000 4609.396
v 18864.000 -3744.000 3500.000
v 18864.000 -3744.000 4556.295
v 18864.000 -3672.000 3500.000
v 18864.000 -3672.000 4530.542
v 18864.000 -3600.000 3500.000
v 18864.000 -3600.000 4526.037
v 18864.000 -3528.000 3500.000
v 18864.000 -3528.000 4515.960
v 18864.000 -3456.000 3500.000
v 18864.000 -3456.000 4521.406
v 18864.000 -3384.000 3500.000
v 18864.000 -3384.000 4517.158
v 18864.000 -3312.000 3500.000
v 18864.000 -3312.000 4510.380
v 18864.000 -3240.000 3500.000
v 18864.000 -3240.000 4507.722
v 18864.000 -3168.000 3500.000
v 18864.000 -3168.000 4508.958
v 18864.000 -3096.000 3500.000
v 18864.000 -3096.000 4503.228
v 18864.000 -3024.000 3500.000
v 18864.000 -3024.000 4507.011
v 18864.000 -2952.000 3500.000
v 18864.000 -2952.000 4515.118
v 18864.000 -2880.000 3500.000
v 18864.000 -2880.000 4523.039
v 18864.000 -2808.000 3500.000
v 18864.000 -2808.000 4527.317
v 18864.000 -2736.000 3500.000
v 18864.000 -2736.000 4531.845
v 18864.000 -2664.000 3500.000
v 18864.000 -2664.000 4523.081
v 18864.000 -2592.000 3500.000
v 18864.000 -2592.000 4514.251
v 18864.000 -2520.000 3500.000
v 18864.000 -2520.000 4509.724
v 18864.000 -2448.000 3500.000
v 18864.000 -2448.000 4503.024
v 18864.000 -2376.000 3500.000
v 18864.000 -2376.000 4496.689
v 18864.000 -2304.000 3500.000
v 18864.000 -2304.000 4485.000
v 18864.000 -2232.000 3500.000
v 18864.000 -2232.000 4482.003
v 18864.000 -2160.000 3500.000
v 18864.000 -2160.000 4481.211
v 18864.000 -2088.000 3500.000
v 18864.000 -2088.000 4475.116
v 18864.000 -2016.000 3500.000
v 18864.000 -2016.000 4470.104
v 18864.000 -1944.000 3500.000
v 18864.000 -1944.000 4468.711
v 18864.000 -1872.000 3500.000
v 18864.000 -1872.000 4472.901
v 18864.000 -1800.000 3500.000
v 18864.000 -1800.000 4475.390
v 18864.000 -1728.000 3500.000
v 18864.000 -1728.000 4474.953
v 18864.000 -1656.000 3500.000
v 18864.000 -1656.000 4476.821
v 18864.000 -1584.000 3500.000
v 18864.000 -1584.000 4477.239
v 18864.000 -1512.000 3500.000
v 18864.000 -1512.000 4476.375
v 18864.000 -1440.000 3500.000
v 18864.000 -1440.000 4478.899
v 18864.000 -1368.000 3500.000
v 18864.000 -1368.000 4470.667
v 18864.000 -1296.000 3500.000
v 18864.000 -1296.000 4465.119
v 18864.000 -1224.000 3500.000
v 18864.000 -1224.000 4462.722
v 18864.000 -1152.000 3500.000
v 18864.000 -1152.000 4463.749
v 18864.000 -1080.000 3500.000
v 18864.000 -1080.000 4457.704
v 18864.000 -1008.000 3500.000
v 18864.000 -1008.000 4455.869
v 18864.000 -936.000 3500.000
v 18864.000 -936.000 4458.862
v 18864.000 -864.000 3500.000
v 18864.000 -864.000 4475.646
v 18864.000 -792.000 3500.000
v 18864.000 -792.000 4514.756
v 18864.000 -720.000 3500.000
v 18864.000 -720.000 4557.959
v 18864.000 -648.000 3500.000
v 18864.000 -648.000 4598.211
v 18864.000 -576.000 3500.000
v 18864.000 -576.000 4639.576
v 18864.000 -504.000 3500.000
v 18864.000 -504.000 4682.277
v 18864.000 -432.000 3500.000
v 18864.000 -432.000 4721.245
v 18864.000 -360.000 3500.000
v 18864.000 -360.000 4760.655
v 18864.000 -288.000 3500.000
v 18864.000 -288.000 4806.064
v 18864.000 -216.000 3500.000
v 18864.000 -216.000 4854.736
v 18864.000 -144.000 3500.000
v 18864.000 -144.000 4900.796
v 18864.000 -72.000 3500.000
v 18864.000 -72.000 4925.856
v 18864.000 0.000 3500.000
v 18864.000 0.000 4946.710
v 18864.000 72.000 3500.000
v 18864.000 72.000 4990.708
v 18864.000 144.000 3500.000
v 18864.000 144.000 5029.819
v 18864.000 216.000 3500.000
v 18864.000 216.000 5069.653
v 18864.000 288.000 3500.000
v 18864.000 288.000 5103.607
v 18864.000 360.000 3500.000
v 18864.000 360.000 5114.269
v 18864.000 432.000 3500.000
v 18864.000 432.000 5113.114
v 18864.000 504.000 3500.000
v 18864.000 504.000 5108.292
v 18864.000 576.000 3500.000
v 18864.000 576.000 5089.496
v 18864.000 648.000 3500.000
v 18864.000 648.000 5044.393
v 18864.000 720.000 3500.000
v 18864.000 720.000 4999.115
v 18864.000 792.000 3500.000
v 18864.000 792.000 4964.730
v 18864.000 864.000 3500.000
v 18864.000 864.000 4913.379
v 18864.000 936.000 3500.000
v 18864.000 936.000 4860.432
v 18864.000 1008.000 3500.000
v 18864.000 1008.000 4802.139
v 18864.000 1080.000 3500.000
v 18864.000 1080.000 4750.151
v 18864.000 1152.000 3500.000
v 18864.000 1152.000 4701.384
v 18864.000 1224.000 3500.000
v 18864.000 1224.000 4652.248
v 18864.000 1296.000 3500.000
v 18864.000 1296.000 4599.634
v 18864.000 1368.000 3500.000
v 18864.000 1368.000 4546.638
v 18864.000 1440.000 3500.000
v 18864.000 1440.000 4493.003
v 18864.000 1512.000 3500.000
v 18864.000 1512.000 4421.739
v 18864.000 1584.000 3500.000
v 18864.000 1584.000 4383.448
v 18864.000 1656.000 3500.000
v 18864.000 1656.000 4371.326
v 18864.000 1728.000 3500.000
v 18864.000 1728.000 4371.722
v 18864.000 1800.000 3500.000
v 18864.000 1800.000 4379.065
v 18864.000 1872.000 3500.000
v 18864.000 1872.000 4391.779
v 18864.000 1944.000 3500.000
v 18864.000 1944.000 4413.830
v 18864.000 2016.000 3500.000
v 18864.000 2016.000 4437.166
v 18864.000 2088.000 3500.000
v 18864.000 2088.000 4464.116
v 18864.000 2160.000 3500.000
v 18864.000 2160.000 4488.981
v 18864.000 2232.000 3500.000
v 18864.000 2232.000 4515.418
v 18864.000 2304.000 3500.000
v 18864.000 2304.000 4535.095
v 18864.000 2376.000 3500.000
v 18864.000 2376.000 4553.474
v 18864.000 2448.000 3500.000
v 18864.000 2448.000 4570.602
v 18864.000 2520.000 3500.000
v 18864.000 2520.000 4581.949
v 18864.000 2592.000 3500.000
v 18864.000 2592.000 4588.230
v 18864.000 2664.000 3500.000
v 18864.000 2664.000 4591.991
v 18864.000 2736.000 3500.000
v 18864.000 2736.000 4579.437
v 18864.000 2808.000 3500.000
v 18864.000 2808.000 4613.592
v 18864.000 2880.000 3500.000
v 18864.000 2880.000 4641.583
v 18864.000 2952.000 3500.000
v 18864.000 2952.000 4635.271
v 18864.000 3024.000 3500.000
v 18864.000 3024.000 4629.703
v 18864.000 3096.000 3500.000
v 18864.000 3096.000 4620.800
v 18864.000 3168.000 3500.000
v 18864.000 3168.000 4609.636
v 18864.000 3240.000 3500.000
v 18864.000 3240.000 4588.644
v 18864.000 3312.000 3500.000
v 18864.000 3312.000 4580.977
v 18864.000 3384.000 3500.000
v 18864.000 3384.000 4583.610
v 18864.000 3456.000 3500.000
v 18864.000 3456.000 4578.058
v 18864.000 3528.000 3500.000
v 18864.000 3528.000 4572.602
v 18864.000 3600.000 3500.000
v 18864.000 3600.000 4565.822
v 18864.000 3672.000 3500.000
v 18864.000 3672.000 4550.604
v 18864.000 3744.000 3500.000
v 18864.000 3744.000 4528.320
v 18864.000 3816.000 3500.000
v 18864.000 3816.000 4549.629
v 18864.000 3888.000 3500.000
v 18864.000 3888.000 4567.297
v 18864.000 3960.000 3500.000
v 18864.000 3960.000 4563.790
v 18864.000 4032.000 3500.000
v 18864.000 4032.000 4555.080
v 18864.000 4104.000 3500.000
v 18864.000 4104.000 4528.500
v 18864.000 4176.000 3500.000
v 18864.000 4176.000 4496.319
v 18864.000 4248.000 3500.000
v 18864.000 4248.000 4456.142
v 18864.000 4320.000 3500.000
v 18864.000 4320.000 4421.266
v 18864.000 4392.000 3500.000
v 18864.000 4392.000 4410.457
v 18864.000 4464.000 3500.000
v 18864.000 4464.000 4429.838
v 18864.000 4536.000 3500.000
v 18864.000 4536.000 4452.100
v 18864.000 4608.000 3500.000
v 18864.000 4608.000 4458.859
v 18864.000 4680.000 3500.000
v 18864.000 4680.000 4448.431
v 18864.000 4752.000 3500.000
v 18864.000 4752.000 4434.895
v 18864.000 4824.000 3500.000
v 18864.000 4824.000 4424.561
v 18864.000 4896.000 3500.000
v 18864.000 4896.000 4410.425
v 18864.000 4968.000 3500.000
v 18864.000 4968.000 4396.213
v 18864.000 5040.000 3500.000
v 18864.000 5040.000 4384.853
v 18864.000 5112.000 3500.000
v 18864.000 5112.000 4368.096
v 18864.000 5184.000 3500.000
v 18864.000 5184.000 4346.548
v 18864.000 5256.000 3500.000
v 18864.000 5256.000 4317.222
v 18864.000 5328.000 3500.000
v 18864.000 5328.000 4302.113
v 18864.000 5400.000 3500.000
v 18864.000 5400.000 4288.766
v 18864.000 5472.000 3500.000
v 18864.000 5472.000 4297.450
v 18864.000 5544.000 3500.000
v 18864.000 5544.000 4305.942
v 18864.000 5616.000 3500.000
v 18864.000 5616.000 4288.722
v 18864.000 5688.000 3500.000
v 18864.000 5688.000 4276.891
v 18864.000 5760.000 3500.000
v 18864.000 5760.000 4265.812
v 18864.000 5832.000 3500.000
v 18864.000 5832.000 4250.522
v 18864.000 5904.000 3500.000
v 18864.000 5904.000 4234.521
v 18864.000 5976.000 3500.000
v 18864.000 5976.000 4222.471
v 18864.000 6048.000 3500.000
v 18864.000 6048.000 4214.719
v 18864.000 6120.000 3500.000
v 18864.000 6120.000 4206.386
v 18864.000 6192.000 3500.000
v 18864.000 6192.000 4200.059
v 18864.000 6264.000 3500.000
v 18864.000 6264.000 4196.588
v 18864.000 6336.000 3500.000
v 18864.000 6336.000 4192.501
v 18864.000 6408.000 3500.000
v 18864.000 6408.000 4187.214
v 18864.000 6480.000 3500.000
v 18864.000 6480.000 4185.612
v 18864.000 6552.000 3500.000
v 18864.000 6552.000 4185.128
v 18864.000 6624.000 3500.000
v 18864.000 6624.000 4184.724
v 18864.000 6696.000 3500.000
v 18864.000 6696.000 4178.914
v 18864.000 6768.000 3500.000
v 18864.000 6768.000 4174.127
v 18864.000 6840.000 3500.000
v 18864.000 6840.000 4172.948
v 18864.000 6912.000 3500.000
v 18864.000 6912.000 4172.573
v 18864.000 6984.000 3500.000
v 18864.000 6984.000 4171.957
v 18864.000 7056.000 3500.000
v 18864.000 7056.000 4171.457
v 18864.000 7128.000 3500.000
v 18864.000 7128.000 4169.799
v 18864.000 7200.000 3500.000
v 18864.000 7200.000 4168.896
v 18864.000 7272.000 3500.000
v 18864.000 7272.000 4167.743
v 18864.000 7344.000 3500.000
v 18864.000 7344.000 4167.315
v 18864.000 7416.000 3500.000
v 18864.000 7416.000 4165.149
v 18864.000 7488.000 3500.000
v 18864.000 7488.000 4166.026
v 18864.000 7560.000 3500.000
v 18864.000 7560.000 4165.078
v 18864.000 7632.000 3500.000
v 18864.000 7632.000 4165.258
v 18864.000 7704.000 3500.000
v 18864.000 7704.000 4165.110
v 18864.000 7776.000 3500.000
v 18864.000 7776.000 4164.951
v 18864.000 7848.000 3500.000
v 18864.000 7848.000 4164.283
v 18864.000 7920.000 3500.000
v 18864.000 7920.000 4163.647
v 18864.000 7992.000 3500.000
v 18864.000 7992.000 4162.770
v 18864.000 8064.000 3500.000
v 18864.000 8064.000 4161.465
v 18864.000 8136.000 3500.000
v 18864.000 8136.000 4161.028
v 18864.000 8208.000 3500.000
v 18864.000 8208.000 4160.000
v 18864.000 8280.000 3500.000
v 18864.000 8280.000 4159.379
v 18864.000 8352.000 3500.000
v 18864.000 8352.000 4159.064
v 18864.000 8424.000 3500.000
v 18864.000 8424.000 4159.093
v 18864.000 8496.000 3500.000
v 18864.000 8496.000 4158.890
v 18864.000 8568.000 3500.000
v 18864.000 8568.000 4157.905
v 18864.000 8640.000 3500.000
v 18864.000 8640.000 4155.616
v 18864.000 8712.000 3500.000
v 18864.000 8712.000 4155.783
v 18864.000 8784.000 3500.000
v 18864.000 8784.000 4154.133
v 18864.000 8856.000 3500.000
v 18864.000 8856.000 4153.817
v 18864.000 8928.000 3500.000
v 18864.000 8928.000 4152.222
v 18864.000 9000.000 3500.000
v 18864.000 9000.000 4159.151
v 18864.000 9072.000 3500.000
v 18864.000 9072.000 4194.381
v 18864.000 9144.000 3500.000
v 18864.000 9144.000 4241.947
v 18864.000 9216.000 3500.000
v 18864.000 9216.000 4287.686
v 18864.000 9288.000 3500.000
v 18864.000 9288.000 4312.048
v 18864.000 9360.000 3500.000
v 18864.000 9360.000 4312.024
v 18864.000 9432.000 3500.000
v 18864.000 9432.000 4345.288
v 18864.000 9504.000 3500.000
v 18864.000 9504.000 4350.685
v 18864.000 9576.000 3500.000
v 18864.000 9576.000 4349.304
v 18864.000 9648.000 3500.000
v 18864.000 9648.000 4372.686
v 18864.000 9720.000 3500.000
v 18864.000 9720.000 4403.920
v 18864.000 9792.000 3500.000
v 18864.000 9792.000 4411.168
v 18864.000 9864.000 3500.000
v 18864.000 9864.000 4411.447
v 18864.000 9936.000 3500.000
v 18864.000 9936.000 4411.678
v 18864.000 10008.000 3500.000
v 18864.000 10008.000 4395.219
v 18864.000 10080.000 3500.000
v 18864.000 10080.000 4395.095
v 18864.000 10152.000 3500.000
v 18864.000 10152.000 4409.210
v 18864.000 10224.000 3500.000
v 18864.000 10224.000 4405.602
v 18864.000 10296.000 3500.000
v 18864.000 10296.000 4403.747
v 18864.000 10368.000 3500.000
v 18864.000 10368.000 4395.323
v 18864.000 10440.000 3500.000
v 18864.000 10440.000 4371.301
v 18864.000 10512.000 3500.000
v 18864.000 10512.000 4360.088
v 18864.000 10584.000 3500.000
v 18864.000 10584.000 4360.685
v 18864.000 10656.000 3500.000
v 18864.000 10656.000 4354.958
v 18864.000 10728.000 3500.000
v 18864.000 10728.000 4346.621
v 18864.000 10800.000 3500.000
v 18864.000 10800.000 4330.058
v 18864.000 10872.000 3500.000
v 18864.000 10872.000 4325.702
v 18864.000 10944.000 3500.000
v 18864.000 10944.000 4327.284
v 18864.000 11016.000 3500.000
v 18864.000 11016.000 4321.511
v 18864.000 11088.000 3500.000
v 18864.000 11088.000 4320.441
v 18864.000 11160.000 3500.000
v 18864.000 11160.000 4319.529
v 18864.000 11232.000 3500.000
v 18864.000 11232.000 4313.528
v 18864.000 11304.000 3500.000
v 18864.000 11304.000 4304.239
v 18864.000 11376.000 3500.000
v 18864.000 11376.000 4296.506
v 18864.000 11448.000 3500.000
v 18864.000 11448.000 4297.473
v 18864.000 11520.000 3500.000
v 18864.000 11520.000 4267.088
v 18864.000 11592.000 3500.000
v 18864.000 11592.000 4215.960
v 18864.000 11664.000 3500.000
v 18864.000 11664.000 4207.265
v 18864.000 11736.000 3500.000
v 18864.000 11736.000 4255.906
v 18864.000 11808.000 3500.000
v 18864.000 11808.000 4301.252
v 18864.000 11880.000 3500.000
v 18864.000 11880.000 4336.936
v 18864.000 11952.000 3500.000
v 18864.000 11952.000 4369.299
v 18864.000 12024.000 3500.000
v 18864.000 12024.000 4391.726
v 18864.000 12096.000 3500.000
v 18864.000 12096.000 4415.724
v 18864.000 12168.000 3500.000
v 18864.000 12168.000 4433.245
v 18864.000 12240.000 3500.000
v 18864.000 12240.000 4446.819
v 18864.000 12312.000 3500.000
v 18864.000 12312.000 4454.391
v 18864.000 12384.000 3500.000
v 18864.000 12384.000 4460.957
v 18792.000 12384.000 3500.000
v 18792.000 12384.000 4417.091
v 18720.000 12384.000 3500.000
v 18720.000 12384.000 4379.332
v 18648.000 12384.000 3500.000
v 18648.000 12384.000 4342.514
v 18576.000 12384.000 3500.000
v 18576.000 12384.000 4309.835
v 18504.000 12384.000 3500.000
v 18504.000 12384.000 4275.353
v 18432.000 12384.000 3500.000
v 18432.000 12384.000 4240.498
v 18360.000 12384.000 3500.000
v 18360.000 12384.000 4208.884
v 18288.000 12384.000 3500.000
v 18288.000 12384.000 4172.695
v 18216.000 12384.000 3500.000
v 18216.000 12384.000 4137.261
v 18144.000 12384.000 3500.000
v 18144.000 12384.000 4119.575
v 18072.000 12384.000 3500.000
v 18072.000 12384.000 4120.107
v 18000.000 12384.000 3500.000
v 18000.000 12384.000 4119.975
v 17928.000 12384.000 3500.000
v 17928.000 12384.000 4118.346
v 17856.000 12384.000 3500.000
v 17856.000 12384.000 4119.128
v 17784.000 12384.000 3500.000
v 17784.000 12384.000 4118.597
v 17712.000 12384.000 3500.000
v 17712.000 12384.000 4119.805
v 17640.000 12384.000 3500.000
v 17640.000 12384.000 4118.805
v 17568.000 12384.000 3500.000
v 17568.000 12384.000 4117.496
v 17496.000 12384.000 3500.000
v 17496.000 12384.000 4117.225
v 17424.000 12384.000 3500.000
v 17424.000 12384.000 4120.617
v 17352.000 12384.000 3500.000
v 17352.000 12384.000 4123.592
v 17280.000 12384.000 3500.000
v 17280.000 12384.000 4126.549
v 17208.000 12384.000 3500.000
v 17208.000 12384.000 4128.838
v 17136.000 12384.000 3500.000
v 17136.000 12384.000 4131.620
v 17064.000 12384.000 3500.000
v 17064.000 12384.000 4133.823
v 16992.000 12384.000 3500.000
v 16992.000 12384.000 4135.937
v 16920.000 12384.000 3500.000
v 16920.000 12384.000 4138.817
v 16848.000 12384.000 3500.000
v 16848.000 12384.000 4142.676
v 16776.000 12384.000 3500.000
v 16776.000 12384.000 4148.503
v 16704.000 12384.000 3500.000
v 16704.000 12384.000 4151.513
v 16632.000 12384.000 3500.000
v 16632.000 12384.000 4146.785
v 16560.000 12384.000 3500.000
v 16560.000 12384.000 4148.915
v 16488.000 12384.000 3500.000
v 16488.000 12384.000 4162.830
v 16416.000 12384.000 3500.000
v 16416.000 12384.000 4209.182
v 16344.000 12384.000 3500.000
v 16344.000 12384.000 4245.891
v 16272.000 12384.000 3500.000
v 16272.000 12384.000 4314.114
v 16200.000 12384.000 3500.000
v 16200.000 12384.000 4391.651
v 16128.000 12384.000 3500.000
v 16128.000 12384.000 4480.441
v 16056.000 12384.000 3500.000
v 16056.000 12384.000 4591.086
v 15984.000 12384.000 3500.000
v 15984.000 12384.000 4656.745
v 15912.000 12384.000 3500.000
v 15912.000 12384.000 4696.612
v 15840.000 12384.000 3500.000
v 15840.000 12384.000 4749.472
v 15768.000 12384.000 3500.000
v 15768.000 12384.000 4811.715
v 15696.000 12384.000 3500.000
v 15696.000 12384.000 4828.456
v 15624.000 12384.000 3500.000
v 15624.000 12384.000 4832.318
v 15552.000 12384.000 3500.000
v 15552.000 12384.000 4828.414
v 15480.000 12384.000 3500.000
v 15480.000 12384.000 4829.398
v 15408.000 12384.000 3500.000
v 15408.000 12384.000 4844.161
v 15336.000 12384.000 3500.000
v 15336.000 12384.000 4856.311
v 15264.000 12384.000 3500.000
v 15264.000 12384.000 4915.700
v 15192.000 12384.000 3500.000
v 15192.000 12384.000 4953.101
v 15120.000 12384.000 3500.000
v 15120.000 12384.000 4990.809
v 15048.000 12384.000 3500.000
v 15048.000 12384.000 4946.129
v 14976.000 12384.000 3500.000
v 14976.000 12384.000 4915.824
v 14904.000 12384.000 3500.000
v 14904.000 12384.000 4830.481
v 14832.000 12384.000 3500.000
v 14832.000 12384.000 4771.327
v 14760.000 12384.000 3500.000
v 14760.000 12384.000 4729.875
v 14688.000 12384.000 3500.000
v 14688.000 12384.000 4708.160
v 14616.000 12384.000 3500.000
v 14616.000 12384.000 4701.586
v 14544.000 12384.000 3500.000
v 14544.000 12384.000 4691.012
v 14472.000 12384.000 3500.000
v 14472.000 12384.000 4688.737
v 14400.000 12384.000 3500.000
v 14400.000 12384.000 4703.876
v 14328.000 12384.000 3500.000
v 14328.000 12384.000 4722.943
v 14256.000 12384.000 3500.000
v 14256.000 12384.000 4745.949
v 14184.000 12384.000 3500.000
v 14184.000 12384.000 4782.713
v 14112.000 12384.000 3500.000
v 14112.000 12384.000 4828.419
v 14040.000 12384.000 3500.000
v 14040.000 12384.000 4873.271
v 13968.000 12384.000 3500.000
v 13968.000 12384.000 4932.371
v 13896.000 12384.000 3500.000
v 13896.000 12384.000 4976.340
v 13824.000 12384.000 3500.000
v 13824.000 12384.000 4971.486
v 13752.000 12384.000 3500.000
v 13752.000 12384.000 4944.764
v 13680.000 12384.000 3500.000
v 13680.000 12384.000 4887.372
v 13608.000 12384.000 3500.000
v 13608.000 12384.000 4814.883
v 13536.000 12384.000 3500.000
v 13536.000 12384.000 4786.781
v 13464.000 12384.000 3500.000
v 13464.000 12384.000 4746.669
v 13392.000 12384.000 3500.000
v 13392.000 12384.000 4722.836
v 13320.000 12384.000 3500.000
v 13320.000 12384.000 4710.582
v 13248.000 12384.000 3500.000
v 13248.000 12384.000 4690.013
v 13176.000 12384.000 3500.000
v 13176.000 12384.000 4689.891
v 13104.000 12384.000 3500.000
v 13104.000 12384.000 4706.474
v 13032.000 12384.000 3500.000
v 13032.000 12384.000 4725.381
v 12960.000 12384.000 3500.000
v 12960.000 12384.000 4731.430
v 12888.000 12384.000 3500.000
v 12888.000 12384.000 4728.907
v 12816.000 12384.000 3500.000
v 12816.000 12384.000 4731.760
v 12744.000 12384.000 3500.000
v 12744.000 12384.000 4714.894
v 12672.000 12384.000 3500.000
v 12672.000 12384.000 4727.116
v 12600.000 12384.000 3500.000
v 12600.000 12384.000 4761.332
v 12528.000 12384.000 3500.000
v 12528.000 12384.000 4801.916
v 12456.000 12384.000 3500.000
v 12456.000 12384.000 4840.427
v 12384.000 12384.000 3500.000
v 12384.000 12384.000 4862.144
v 12312.000 12384.000 3500.000
v 12312.000 12384.000 4887.773
v 12240.000 12384.000 3500.000
v 12240.000 12384.000 4925.954
v 12168.000 12384.000 3500.000
v 12168.000 12384.000 4970.671
v 12096.000 12384.000 3500.000
v 12096.000 12384.000 5016.112
v 12024.000 12384.000 3500.000
v 12024.000 12384.000 5062.732
v 11952.000 12384.000 3500.000
v 11952.000 12384.000 5108.727
v 11880.000 12384.000 3500.000
v 11880.000 12384.000 5155.955
v 11808.000 12384.000 3500.000
v 11808.000 12384.000 5213.415
v 11736.000 12384.000 3500.000
v 11736.000 12384.000 5203.919
v 11664.000 12384.000 3500.000
v 11664.000 12384.000 5205.208
v 11592.000 12384.000 3500.000
v 11592.000 12384.000 5259.436
v 11520.000 12384.000 3500.000
v 11520.000 12384.000 5270.783
v 11448.000 12384.000 3500.000
v 11448.000 12384.000 5265.084
v 11376.000 12384.000 3500.000
v 11376.000 12384.000 5247.448
v 11304.000 12384.000 3500.000
v 11304.000 12384.000 5240.313
v 11232.000 12384.000 3500.000
v 11232.000 12384.000 5242.186
v 11160.000 12384.000 3500.000
v 11160.000 12384.000 5227.625
v 11088.000 12384.000 3500.000
v 11088.000 12384.000 5199.626
v 11016.000 12384.000 3500.000
v 11016.000 12384.000 5222.946
v 10944.000 12384.000 3500.000
v 10944.000 12384.000 5271.616
v 10872.000 12384.000 3500.000
v 10872.000 12384.000 5310.336
v 10800.000 12384.000 3500.000
v 10800.000 12384.000 5370.322
v 10728.000 12384.000 3500.000
v 10728.000 12384.000 5415.683
v 10656.000 12384.000 3500.000
v 10656.000 12384.000 5409.224
v 10584.000 12384.000 3500.000
v 10584.000 12384.000 5386.540
v 10512.000 12384.000 3500.000
v 10512.000 12384.000 5382.346
v 10440.000 12384.000 3500.000
v 10440.000 12384.000 5387.367
v 10368.000 12384.000 3500.000
v 10368.000 12384.000 5389.833
v 10296.000 12384.000 3500.000
v 10296.000 12384.000 5402.784
v 10224.000 12384.000 3500.000
v 10224.000 12384.000 5450.419
v 10152.000 12384.000 3500.000
v 10152.000 12384.000 5516.015
v 10080.000 12384.000 3500.000
v 10080.000 12384.000 5575.976
v 10008.000 12384.000 3500.000
v 10008.000 12384.000 5542.405
v 9936.000 12384.000 3500.000
v 9936.000 12384.000 5517.896
v 9864.000 12384.000 3500.000
v 9864.000 12384.000 5521.633
v 9792.000 12384.000 3500.000
v 9792.000 12384.000 5528.253
v 9720.000 12384.000 3500.000
v 9720.000 12384.000 5530.583
v 9648.000 12384.000 3500.000
v 9648.000 12384.000 5537.488
v 9576.000 12384.000 3500.000
v 9576.000 12384.000 5537.779
v 9504.000 12384.000 3500.000
v 9504.000 12384.000 5527.891
v 9432.000 12384.000 3500.000
v 9432.000 12384.000 5548.407
v 9360.000 12384.000 3500.000
v 9360.000 12384.000 5580.914
v 9288.000 12384.000 3500.000
v 9288.000 12384.000 5639.260
v 9216.000 12384.000 3500.000
v 9216.000 12384.000 5709.736
v 9144.000 12384.000 3500.000
v 9144.000 12384.000 5774.347
v 9072.000 12384.000 3500.000
v 9072.000 12384.000 5802.550
v 9000.000 12384.000 3500.000
v 9000.000 12384.000 5713.402
v 8928.000 12384.000 3500.000
v 8928.000 12384.000 5614.318
v 8856.000 12384.000 3500.000
v 8856.000 12384.000 5523.072
v 8784.000 12384.000 3500.000
v 8784.000 12384.000 5477.662
v 8712.000 12384.000 3500.000
v 8712.000 12384.000 5448.408
v 8640.000 12384.000 3500.000
v 8640.000 12384.000 5436.954
v 8568.000 12384.000 3500.000
v 8568.000 12384.000 5429.571
v 8496.000 12384.000 3500.000
v 8496.000 12384.000 5429.292
v 8424.000 12384.000 3500.000
v 8424.000 12384.000 5437.008
v 8352.000 12384.000 3500.000
v 8352.000 12384.000 5436.657
v 8280.000 12384.000 3500.000
v 8280.000 12384.000 5488.721
v 8208.000 12384.000 3500.000
v 8208.000 12384.000 5544.024
v 8136.000 12384.000 3500.000
v 8136.000 12384.000 5570.951
v 8064.000 12384.000 3500.000
v 8064.000 12384.000 5637.514
v 7992.000 12384.000 3500.000
v 7992.000 12384.000 5738.070
v 7920.000 12384.000 3500.000
v 7920.000 12384.000 5844.673
v 7848.000 12384.000 3500.000
v 7848.000 12384.000 5892.096
v 7776.000 12384.000 3500.000
v 7776.000 12384.000 5961.643
v 7704.000 12384.000 3500.000
v 7704.000 12384.000 6005.963
v 7632.000 12384.000 3500.000
v 7632.000 12384.000 6034.603
v 7560.000 12384.000 3500.000
v 7560.000 12384.000 6098.017
v 7488.000 12384.000 3500.000
v 7488.000 12384.000 6179.072
v 7416.000 12384.000 3500.000
v 7416.000 12384.000 6202.650
v 7344.000 12384.000 3500.000
v 7344.000 12384.000 6203.721
v 7272.000 12384.000 3500.000
v 7272.000 12384.000 6159.498
v 7200.000 12384.000 3500.000
v 7200.000 12384.000 6112.189
v 7128.000 12384.000 3500.000
v 7128.000 12384.000 6017.974
v 7056.000 12384.000 3500.000
v 7056.000 12384.000 5898.671
v 6984.000 12384.000 3500.000
v 6984.000 12384.000 5821.449
v 6912.000 12384.000 3500.000
v 6912.000 12384.000 5730.396
v 6840.000 12384.000 3500.000
v 6840.000 12384.000 5674.001
v 6768.000 12384.000 3500.000
v 6768.000 12384.000 5638.338
v 6696.000 12384.000 3500.000
v 6696.000 12384.000 5601.148
v 6624.000 12384.000 3500.000
v 6624.000 12384.000 5564.926
v 6552.000 12384.000 3500.000
v 6552.000 12384.000 5546.791
v 6480.000 12384.000 3500.000
v 6480.000 12384.000 5546.741
v 6408.000 12384.000 3500.000
v 6408.000 12384.000 5523.574
v 6336.000 12384.000 3500.000
v 6336.000 12384.000 5475.360
v 6264.000 12384.000 3500.000
v 6264.000 12384.000 5433.271
v 6192.000 12384.000 3500.000
v 6192.000 12384.000 5399.930
v 6120.000 12384.000 3500.000
v 6120.000 12384.000 5371.485
v 6048.000 12384.000 3500.000
v 6048.000 12384.000 5344.245
v 5976.000 12384.000 3500.000
v 5976.000 12384.000 5302.413
v 5904.000 12384.000 3500.000
v 5904.000 12384.000 5253.629
v 5832.000 12384.000 3500.000
v 5832.000 12384.000 5200.646
v 5760.000 12384.000 3500.000
v 5760.000 12384.000 5175.120
v 5688.000 12384.000 3500.000
v 5688.000 12384.000 5165.603
v 5616.000 12384.000 3500.000
v 5616.000 12384.000 5177.913
v 5544.000 12384.000 3500.000
v 5544.000 12384.000 5158.088
v 5472.000 12384.000 3500.000
v 5472.000 12384.000 5119.124
v 5400.000 12384.000 3500.000
v 5400.000 12384.000 5077.103
v 5328.000 12384.000 3500.000
v 5328.000 12384.000 5043.112
v 5256.000 12384.000 3500.000
v 5256.000 12384.000 5035.995
v 5184.000 12384.000 3500.000
v 5184.000 12384.000 5038.778
v 5112.000 12384.000 3500.000
v 5112.000 12384.000 5038.296
v 5040.000 12384.000 3500.000
v 5040.000 12384.000 5038.172
v 4968.000 12384.000 3500.000
v 4968.000 12384.000 5032.320
v 4896.000 12384.000 3500.000
v 4896.000 12384.000 5029.245
v 4824.000 12384.000 3500.000
v 4824.000 12384.000 5024.377
v 4752.000 12384.000 3500.000
v 4752.000 12384.000 5018.057
v 4680.000 12384.000 3500.000
v 4680.000 12384.000 5017.052
v 4608.000 12384.000 3500.000
v 4608.000 12384.000 5020.414
v 4536.000 12384.000 3500.000
v 4536.000 12384.000 5014.279
v 4464.000 12384.000 3500.000
v 4464.000 12384.000 5010.326
v 4392.000 12384.000 3500.000
v 4392.000 12384.000 5007.342
v 4320.000 12384.000 3500.000
v 4320.000 12384.000 5002.823
v 4248.000 12384.000 3500.000
v 4248.000 12384.000 5001.539
v 4176.000 12384.000 3500.000
v 4176.000 12384.000 5006.059
v 4104.000 12384.000 3500.000
v 4104.000 12384.000 5014.354
v 4032.000 12384.000 3500.000
v 4032.000 12384.000 5021.315
v 3960.000 12384.000 3500.000
v 3960.000 12384.000 5036.966
v 3888.000 12384.000 3500.000
v 3888.000 12384.000 5075.029
v 3816.000 12384.000 3500.000
v 3816.000 12384.000 5153.891
v 3744.000 12384.000 3500.000
v 3744.000 12384.000 5201.366
v 3672.000 12384.000 3500.000
v 3672.000 12384.000 5210.490
v 3600.000 12384.000 3500.000
v 3600.000 12384.000 5234.569
v 3528.000 12384.000 3500.000
v 3528.000 12384.000 5271.282
v 3456.000 12384.000 3500.000
v 3456.000 12384.000 5310.547
v 3384.000 12384.000 3500.000
v 3384.000 12384.000 5347.954
v 3312.000 12384.000 3500.000
v 3312.000 12384.000 5369.408
v 3240.000 12384.000 3500.000
v 3240.000 12384.000 5384.458
v 3168.000 12384.000 3500.000
v 3168.000 12384.000 5414.012
v 3096.000 12384.000 3500.000
v 3096.000 12384.000 5454.246
v 3024.000 12384.000 3500.000
v 3024.000 12384.000 5492.865
v 2952.000 12384.000 3500.000
v 2952.000 12384.000 5528.432
v 2880.000 12384.000 3500.000
v 2880.000 12384.000 5569.415
v 2808.000 12384.000 3500.000
v 2808.000 12384.000 5625.396
v 2736.000 12384.000 3500.000
v 2736.000 12384.000 5676.286
v 2664.000 12384.000 3500.000
v 2664.000 12384.000 5709.098
v 2592.000 12384.000 3500.000
v 2592.000 12384.000 5732.708
v 2520.000 12384.000 3500.000
v 2520.000 12384.000 5763.563
v 2448.000 12384.000 3500.000
v 2448.000 12384.000 5755.499
v 2376.000 12384.000 3500.000
v 2376.000 12384.000 5717.552
v 2304.000 12384.000 3500.000
v 2304.000 12384.000 5659.255
v 2232.000 12384.000 3500.000
v 2232.000 12384.000 5599.952
v 2160.000 12384.000 3500.000
v 2160.000 12384.000 5550.295
v 2088.000 12384.000 3500.000
v 2088.000 12384.000 5491.153
v 2016.000 12384.000 3500.000
v 2016.000 12384.000 5491.253
v 1944.000 12384.000 3500.000
v 1944.000 12384.000 5494.557
v 1872.000 12384.000 3500.000
v 1872.000 12384.000 5502.757
v 1800.000 12384.000 3500.000
v 1800.000 12384.000 5509.358
v 1728.000 12384.000 3500.000
v 1728.000 12384.000 5518.811
v 1656.000 12384.000 3500.000
v 1656.000 12384.000 5546.487
v 1584.000 12384.000 3500.000
v 1584.000 12384.000 5627.065
v 1512.000 12384.000 3500.000
v 1512.000 12384.000 5675.567
v 1440.000 12384.000 3500.000
v 1440.000 12384.000 5722.093
v 1368.000 12384.000 3500.000
v 1368.000 12384.000 5747.394
v 1296.000 12384.000 3500.000
v 1296.000 12384.000 5692.033
v 1224.000 12384.000 3500.000
v 1224.000 12384.000 5631.860
v 1152.000 12384.000 3500.000
v 1152.000 12384.000 5601.605
v 1080.000 12384.000 3500.000
v 1080.000 12384.000 5599.273
v 1008.000 12384.000 3500.000
v 1008.000 12384.000 5601.073
v 936.000 12384.000 3500.000
v 936.000 12384.000 5605.859
v 864.000 12384.000 3500.000
v 864.000 12384.000 5621.698
v 792.000 12384.000 3500.000
v 792.000 12384.000 5670.593
v 720.000 12384.000 3500.000
v 720.000 12384.000 5748.056
v 648.000 12384.000 3500.000
v 648.000 12384.000 5812.283
v 576.000 12384.000 3500.000
v 576.000 12384.000 5866.351
v 504.000 12384.000 3500.000
v 504.000 12384.000 5901.325
v 432.000 12384.000 3500.000
v 432.000 12384.000 5952.688
v 360.000 12384.000 3500.000
v 360.000 12384.000 5996.256
v 288.000 12384.000 3500.000
v 288.000 12384.000 6004.671
v 216.000 12384.000 3500.000
v 216.000 12384.000 5977.089
v 144.000 12384.000 3500.000
v 144.000 12384.000 5929.383
v 72.000 12384.000 3500.000
v 72.000 12384.000 5859.092
v 0.000 12384.000 3500.000
v 0.000 12384.000 5819.900
v -72.000 12384.000 3500.000
v -72.000 12384.000 5760.053
v -144.000 12384.000 3500.000
v -144.000 12384.000 5726.763
v -216.000 12384.000 3500.000
v -216.000 12384.000 5731.444
v -288.000 12384.000 3500.000
v -288.000 12384.000 5708.394
v -360.000 12384.000 3500.000
v -360.000 12384.000 5673.508
v -432.000 12384.000 3500.000
v -432.000 12384.000 5627.501
v -504.000 12384.000 3500.000
v -504.000 12384.000 5565.737
v -576.000 12384.000 3500.000
v -576.000 12384.000 5510.759
v -648.000 12384.000 3500.000
v -648.000 12384.000 5455.562
v -720.000 12384.000 3500.000
v -720.000 12384.000 5393.929
v -792.000 12384.000 3500.000
v -792.000 12384.000 5359.742
v -864.000 12384.000 3500.000
v -864.000 12384.000 5337.641
v -936.000 12384.000 3500.000
v -936.000 12384.000 5350.151
v -1008.000 12384.000 3500.000
v -1008.000 12384.000 5328.763
v -1080.000 12384.000 3500.000
v -1080.000 12384.000 5290.668
v -1152.000 12384.000 3500.000
v -1152.000 12384.000 5297.076
v -1224.000 12384.000 3500.000
v -1224.000 12384.000 5288.265
v -1296.000 12384.000 3500.000
v -1296.000 12384.000 5301.885
v -1368.000 12384.000 3500.000
v -1368.000 12384.000 5299.830
v -1440.000 12384.000 3500.000
v -1440.000 12384.000 5272.388
v -1512.000 12384.000 3500.000
v -1512.000 12384.000 5255.943
v -1584.000 12384.000 3500.000
v -1584.000 12384.000 5208.928
v -1656.000 12384.000 3500.000
v -1656.000 12384.000 5157.941
v -1728.000 12384.000 3500.000
v -1728.000 12384.000 5142.566
v -1800.000 12384.000 3500.000
v -1800.000 12384.000 5117.931
v -1872.000 12384.000 3500.000
v -1872.000 12384.000 5091.314
v -1944.000 12384.000 3500.000
v -1944.000 12384.000 5044.619
v -2016.000 12384.000 3500.000
v -2016.000 12384.000 4996.401
v -2088.000 12384.000 3500.000
v -2088.000 12384.000 4933.388
v -2160.000 12384.000 3500.000
v -2160.000 12384.000 4887.946
v -2232.000 12384.000 3500.000
v -2232.000 12384.000 4905.575
v -2304.000 12384.000 3500.000
v -2304.000 12384.000 4899.257
v -2376.000 12384.000 3500.000
v -2376.000 12384.000 4884.510
v -2448.000 12384.000 3500.000
v -2448.000 12384.000 4864.364
v -2520.000 12384.000 3500.000
v -2520.000 12384.000 4839.533
v -2592.000 12384.000 3500.000
v -2592.000 12384.000 4821.236
v -2664.000 12384.000 3500.000
v -2664.000 12384.000 4794.739
v -2736.000 12384.000 3500.000
v -2736.000 12384.000 4782.797
v -2808.000 12384.000 3500.000
v -2808.000 12384.000 4769.567
v -2880.000 12384.000 3500.000
v -2880.000 12384.000 4752.920
v -2952.000 12384.000 3500.000
v -2952.000 12384.000 4728.803
v -3024.000 12384.000 3500.000
v -3024.000 12384.000 4684.916
v -3096.000 12384.000 3500.000
v -3096.000 12384.000 4666.583
v -3168.000 12384.000 3500.000
v -3168.000 12384.000 4660.013
v -3240.000 12384.000 3500.000
v -3240.000 12384.000 4644.734
v -3312.000 12384.000 3500.000
v -3312.000 12384.000 4645.589
v -3384.000 12384.000 3500.000
v -3384.000 12384.000 4665.935
v -3456.000 12384.000 3500.000
v -3456.000 12384.000 4673.750
v -3528.000 12384.000 3500.000
v -3528.000 12384.000 4680.162
v -3600.000 12384.000 3500.000
v -3600.000 12384.000 4679.099
v -3672.000 12384.000 3500.000
v -3672.000 12384.000 4688.914
v -3744.000 12384.000 3500.000
v -3744.000 12384.000 4703.150
v -3816.000 12384.000 3500.000
v -3816.000 12384.000 4700.227
v -3888.000 12384.000 3500.000
v -3888.000 12384.000 4689.205
v -3960.000 12384.000 3500.000
v -3960.000 12384.000 4690.576
v -4032.000 12384.000 3500.000
v -4032.000 12384.000 4694.385
v -4104.000 12384.000 3500.000
v -4104.000 12384.000 4691.402
v -4176.000 12384.000 3500.000
v -4176.000 12384.000 4689.639
v -4248.000 12384.000 3500.000
v -4248.000 12384.000 4692.581
v -4320.000 12384.000 3500.000
v -4320.000 12384.000 4691.773
v -4392.000 12384.000 3500.000
v -4392.000 12384.000 4684.134
v -4464.000 12384.000 3500.000
v -4464.000 12384.000 4684.051
v -4536.000 12384.000 3500.000
v -4536.000 12384.000 4700.534
v -4608.000 12384.000 3500.000
v -4608.000 12384.000 4735.701
v -4680.000 12384.000 3500.000
v -4680.000 12384.000 4784.255
v -4752.000 12384.000 3500.000
v -4752.000 12384.000 4832.080
v -4824.000 12384.000 3500.000
v -4824.000 12384.000 4872.803
v -4896.000 12384.000 3500.000
v -4896.000 12384.000 4986.251
v -4968.000 12384.000 3500.000
v -4968.000 12384.000 5034.401
v -5040.000 12384.000 3500.000
v -5040.000 12384.000 5084.439
v -5112.000 12384.000 3500.000
v -5112.000 12384.000 5113.922
v -5184.000 12384.000 3500.000
v -5184.000 12384.000 5162.887
v -5256.000 12384.000 3500.000
v -5256.000 12384.000 5197.406
v -5328.000 12384.000 3500.000
v -5328.000 12384.000 5212.076
v -5400.000 12384.000 3500.000
v -5400.000 12384.000 5231.329
v -5472.000 12384.000 3500.000
v -5472.000 12384.000 5248.872
v -5544.000 12384.000 3500.000
v -5544.000 12384.000 5254.515
v -5616.000 12384.000 3500.000
v -5616.000 12384.000 5251.291
v -5688.000 12384.000 3500.000
v -5688.000 12384.000 5270.012
v -5760.000 12384.000 3500.000
v -5760.000 12384.000 5307.696
v -5832.000 12384.000 3500.000
v -5832.000 12384.000 5340.262
v -5904.000 12384.000 3500.000
v -5904.000 12384.000 5364.382
v -5976.000 12384.000 3500.000
v -5976.000 12384.000 5401.709
v -6048.000 12384.000 3500.000
v -6048.000 12384.000 5418.025
v -6120.000 12384.000 3500.000
v -6120.000 12384.000 5414.480
v -6192.000 12384.000 3500.000
v -6192.000 12384.000 5398.513
v -6264.000 12384.000 3500.000
v -6264.000 12384.000 5421.396
v -6336.000 12384.000 3500.000
v -6336.000 12384.000 5415.487
v -6408.000 12384.000 3500.000
v -6408.000 12384.000 5425.456
v -6480.000 12384.000 3500.000
v -6480.000 12384.000 5414.686
v -6552.000 12384.000 3500.000
v -6552.000 12384.000 5411.224
v -6624.000 12384.000 3500.000
v -6624.000 12384.000 5407.125
v -6696.000 12384.000 3500.000
v -6696.000 12384.000 5393.060
v -6768.000 12384.000 3500.000
v -6768.000 12384.000 5381.076
v -6840.000 12384.000 3500.000
v -6840.000 12384.000 5375.319
v -6912.000 12384.000 3500.000
v -6912.000 12384.000 5367.763
v -6984.000 12384.000 3500.000
v -6984.000 12384.000 5378.089
v -7056.000 12384.000 3500.000
v -7056.000 12384.000 5385.535
v -7128.000 12384.000 3500.000
v -7128.000 12384.000 5400.340
v -7200.000 12384.000 3500.000
v -7200.000 12384.000 5427.033
v -7272.000 12384.000 3500.000
v -7272.000 12384.000 5451.640
v -7344.000 12384.000 3500.000
v -7344.000 12384.000 5470.908
v -7416.000 12384.000 3500.000
v -7416.000 12384.000 5486.980
v -7488.000 12384.000 3500.000
v -7488.000 12384.000 5505.644
v -7560.000 12384.000 3500.000
v -7560.000 12384.000 5520.465
v -7632.000 12384.000 3500.000
v -7632.000 12384.000 5532.509
v -7704.000 12384.000 3500.000
v -7704.000 12384.000 5539.012
v -7776.000 12384.000 3500.000
v -7776.000 12384.000 5546.344
v -7848.000 12384.000 3500.000
v -7848.000 12384.000 5553.533
v -7920.000 12384.000 3500.000
v -7920.000 12384.000 5561.991
v -7992.000 12384.000 3500.000
v -7992.000 12384.000 5570.937
v -8064.000 12384.000 3500.000
v -8064.000 12384.000 5578.375
v -8136.000 12384.000 3500.000
v -8136.000 12384.000 5582.634
v -8208.000 12384.000 3500.000
v -8208.000 12384.000 5587.948
v -8280.000 12384.000 3500.000
v -8280.000 12384.000 5593.017
v -8352.000 12384.000 3500.000
v -8352.000 12384.000 5608.557
v -8424.000 12384.000 3500.000
v -8424.000 12384.000 5640.436
v -8496.000 12384.000 3500.000
v -8496.000 12384.000 5685.973
v -8568.000 12384.000 3500.000
v -8568.000 12384.000 5729.555
v -8640.000 12384.000 3500.000
v -8640.000 12384.000 5757.901
v -8712.000 12384.000 3500.000
v -8712.000 12384.000 5820.607
v -8784.000 12384.000 3500.000
v -8784.000 12384.000 5862.427
v -8856.000 12384.000 3500.000
v -8856.000 12384.000 5877.329
v -8928.000 12384.000 3500.000
v -8928.000 12384.000 5903.290
v -9000.000 12384.000 3500.000
v -9000.000 12384.000 5907.616
v -9072.000 12384.000 3500.000
v -9072.000 12384.000 5948.139
v -9144.000 12384.000 3500.000
v -9144.000 12384.000 6044.781
v -9216.000 12384.000 3500.000
v -9216.000 12384.000 6117.587
v -9288.000 12384.000 3500.000
v -9288.000 12384.000 6224.876
v -9360.000 12384.000 3500.000
v -9360.000 12384.000 6323.797
v -9432.000 12384.000 3500.000
v -9432.000 12384.000 6405.615
v -9504.000 12384.000 3500.000
v -9504.000 12384.000 6333.099
v -9576.000 12384.000 3500.000
v -9576.000 12384.000 6271.642
v -9648.000 12384.000 3500.000
v -9648.000 12384.000 6202.926
v -9720.000 12384.000 3500.000
v -9720.000 12384.000 6149.616
v -9792.000 12384.000 3500.000
v -9792.000 12384.000 6086.901
v -9864.000 12384.000 3500.000
v -9864.000 12384.000 6034.726
v -9936.000 12384.000 3500.000
v -9936.000 12384.000 5978.960
v -10008.000 12384.000 3500.000
v -10008.000 12384.000 5901.870
v -10080.000 12384.000 3500.000
v -10080.000 12384.000 5820.483
v -10152.000 12384.000 3500.000
v -10152.000 12384.000 5756.326
v -10224.000 12384.000 3500.000
v -10224.000 12384.000 5705.293
v -10296.000 12384.000 3500.000
v -10296.000 12384.000 5657.460
v -10368.000 12384.000 3500.000
v -10368.000 12384.000 5609.617
v -10440.000 12384.000 3500.000
v -10440.000 12384.000 5561.898
v -10512.000 12384.000 3500.000
v -10512.000 12384.000 5518.823
v -10584.000 12384.000 3500.000
v -10584.000 12384.000 5482.881
v -10656.000 12384.000 3500.000
v -10656.000 12384.000 5448.207
v -10728.000 12384.000 3500.000
v -10728.000 12384.000 5424.225
v -10800.000 12384.000 3500.000
v -10800.000 12384.000 5418.898
v -10872.000 12384.000 3500.000
v -10872.000 12384.000 5427.534
v -10944.000 12384.000 3500.000
v -10944.000 12384.000 5427.909
v -11016.000 12384.000 3500.000
v -11016.000 12384.000 5415.154
v -11088.000 12384.000 3500.000
v -11088.000 12384.000 5417.533
v -11160.000 12384.000 3500.000
v -11160.000 12384.000 5389.547
v -11232.000 12384.000 3500.000
v -11232.000 12384.000 5338.251
v -11304.000 12384.000 3500.000
v -11304.000 12384.000 5299.687
v -11376.000 12384.000 3500.000
v -11376.000 12384.000 5256.102
v -11448.000 12384.000 3500.000
v -11448.000 12384.000 5225.815
v -11520.000 12384.000 3500.000
v -11520.000 12384.000 5206.742
v -11592.000 12384.000 3500.000
v -11592.000 12384.000 5172.646
v -11664.000 12384.000 3500.000
v -11664.000 12384.000 5132.368
v -11736.000 12384.000 3500.000
v -11736.000 12384.000 5111.151
v -11808.000 12384.000 3500.000
v -11808.000 12384.000 5083.583
v -11880.000 12384.000 3500.000
v -11880.000 12384.000 5057.899
v -11952.000 12384.000 3500.000
v -11952.000 12384.000 5032.969
v -12024.000 12384.000 3500.000
v -12024.000 12384.000 5005.920
v -12096.000 12384.000 3500.000
v -12096.000 12384.000 4978.273
v -12168.000 12384.000 3500.000
v -12168.000 12384.000 4948.652
v -12240.000 12384.000 3500.000
v -12240.000 12384.000 4879.390
v -12312.000 12384.000 3500.000
v -12312.000 12384.000 4819.661
v -12384.000 12384.000 3500.000
v -12384.000 12384.000 4755.773
v -12456.000 12384.000 3500.000
v -12456.000 12384.000 4700.846
v -12528.000 12384.000 3500.000
v -12528.000 12384.000 4662.778
v -12600.000 12384.000 3500.000
v -12600.000 12384.000 4606.860
v -12672.000 12384.000 3500.000
v -12672.000 12384.000 4557.540
v -12744.000 12384.000 3500.000
v -12744.000 12384.000 4496.313
v -12816.000 12384.000 3500.000
v -12816.000 12384.000 4448.968
v -12888.000 12384.000 3500.000
v -12888.000 12384.000 4404.839
v -12960.000 12384.000 3500.000
v -12960.000 12384.000 4362.833
v -13032.000 12384.000 3500.000
v -13032.000 12384.000 4326.046
v -13104.000 12384.000 3500.000
v -13104.000 12384.000 4289.041
v -13176.000 12384.000 3500.000
v -13176.000 12384.000 4249.297
v -13248.000 12384.000 3500.000
v -13248.000 12384.000 4227.647
v -13320.000 12384.000 3500.000
v -13320.000 12384.000 4207.501
v -13392.000 12384.000 3500.000
v -13392.000 12384.000 4185.998
v -13464.000 12384.000 3500.000
v -13464.000 12384.000 4166.539
v -13536.000 12384.000 3500.000
v -13536.000 12384.000 4152.031
v -13608.000 12384.000 3500.000
v -13608.000 12384.000 4127.210
v -13680.000 12384.000 3500.000
v -13680.000 12384.000 4123.142
v -13752.000 12384.000 3500.000
v -13752.000 12384.000 4131.056
v -13824.000 12384.000 3500.000
v -13824.000 12384.000 4121.326
v -13896.000 12384.000 3500.000
v -13896.000 12384.000 4104.247
v -13968.000 12384.000 3500.000
v -13968.000 12384.000 4116.942
v -14040.000 12384.000 3500.000
v -14040.000 12384.000 4125.885
v -14112.000 12384.000 3500.000
v -14112.000 12384.000 4131.846
v -14184.000 12384.000 3500.000
v -14184.000 12384.000 4140.426
v -14256.000 12384.000 3500.000
v -14256.000 12384.000 4141.383
v -14328.000 12384.000 3500.000
v -14328.000 12384.000 4146.091
v -14400.000 12384.000 3500.000
v -14400.000 12384.000 4156.948
v -14472.000 12384.000 3500.000
v -14472.000 12384.000 4151.264
v -14544.000 12384.000 3500.000
v -14544.000 12384.000 4153.573
v -14616.000 12384.000 3500.000
v -14616.000 12384.000 4185.956
v -14688.000 12384.000 3500.000
v -14688.000 12384.000 4252.701
v -14760.000 12384.000 3500.000
v -14760.000 12384.000 4288.929
v -14832.000 12384.000 3500.000
v -14832.000 12384.000 4318.026
v -14904.000 12384.000 3500.000
v -14904.000 12384.000 4350.139
v -14976.000 12384.000 3500.000
v -14976.000 12384.000 4385.529
v -15048.000 12384.000 3500.000
v -15048.000 12384.000 4424.173
v -15120.000 12384.000 3500.000
v -15120.000 12384.000 4465.009
v -15192.000 12384.000 3500.000
v -15192.000 12384.000 4500.837
v -15264.000 12384.000 3500.000
v -15264.000 12384.000 4542.074
v -15336.000 12384.000 3500.000
v -15336.000 12384.000 4586.750
v -15408.000 12384.000 3500.000
v -15408.000 12384.000 4633.439
v -15480.000 12384.000 3500.000
v -15480.000 12384.000 4684.751
v -15552.000 12384.000 3500.000
v -15552.000 12384.000 4737.261
v -15624.000 12384.000 3500.000
v -15624.000 12384.000 4789.487
v -15696.000 12384.000 3500.000
v -15696.000 12384.000 4850.097
v -15768.000 12384.000 3500.000
v -15768.000 12384.000 4918.585
v -15840.000 12384.000 3500.000
v -15840.000 12384.000 4958.781
v -15912.000 12384.000 3500.000
v -15912.000 12384.000 5039.055
v -15984.000 12384.000 3500.000
v -15984.000 12384.000 5087.353
v -16056.000 12384.000 3500.000
v -16056.000 12384.000 5050.909
v -16128.000 12384.000 3500.000
v -16128.000 12384.000 5024.103
v -16200.000 12384.000 3500.000
v -16200.000 12384.000 4996.743
v -16272.000 12384.000 3500.000
v -16272.000 12384.000 5031.114
v -16344.000 12384.000 3500.000
v -16344.000 12384.000 5097.166
v -16416.000 12384.000 3500.000
v -16416.000 12384.000 5133.876
v -16488.000 12384.000 3500.000
v -16488.000 12384.000 5170.109
v -16560.000 12384.000 3500.000
v -16560.000 12384.000 5205.576
v -16632.000 12384.000 3500.000
v -16632.000 12384.000 5181.170
v -16704.000 12384.000 3500.000
v -16704.000 12384.000 5159.519
v -16776.000 12384.000 3500.000
v -16776.000 12384.000 5184.968
v -16848.000 12384.000 3500.000
v -16848.000 12384.000 5238.461
v -16920.000 12384.000 3500.000
v -16920.000 12384.000 5252.353
v -16992.000 12384.000 3500.000
v -16992.000 12384.000 5226.329
v -17064.000 12384.000 3500.000
v -17064.000 12384.000 5249.715
v -17136.000 12384.000 3500.000
v -17136.000 12384.000 5244.653
v -17208.000 12384.000 3500.000
v -17208.000 12384.000 5301.075
v -17280.000 12384.000 3500.000
v -17280.000 12384.000 5350.259
v -17352.000 12384.000 3500.000
v -17352.000 12384.000 5412.019
v -17424.000 12384.000 3500.000
v -17424.000 12384.000 5432.381
v -17496.000 12384.000 3500.000
v -17496.000 12384.000 5415.904
v -17568.000 12384.000 3500.000
v -17568.000 12384.000 5404.329
v -17640.000 12384.000 3500.000
v -17640.000 12384.000 5388.465
v -17712.000 12384.000 3500.000
v -17712.000 12384.000 5414.929
v -17784.000 12384.000 3500.000
v -17784.000 12384.000 5425.487
v -17856.000 12384.000 3500.000
v -17856.000 12384.000 5463.243
v -17928.000 12384.000 3500.000
v -17928.000 12384.000 5514.244
v -18000.000 12384.000 3500.000
v -18000.000 12384.000 5571.626
v -18000.000 12312.000 3500.000
v -18000.000 12312.000 5567.252
v -18000.000 12240.000 3500.000
v -18000.000 12240.000 5512.751
v -18000.000 12168.000 3500.000
v -18000.000 12168.000 5455.520
v -18000.000 12096.000 3500.000
v -18000.000 12096.000 5401.301
v -18000.000 12024.000 3500.000
v -18000.000 12024.000 5389.276
v -18000.000 11952.000 3500.000
v -18000.000 11952.000 5383.335
v -18000.000 11880.000 3500.000
v -18000.000 11880.000 5374.332
v -18000.000 11808.000 3500.000
v -18000.000 11808.000 5354.470
v -18000.000 11736.000 3500.000
v -18000.000 11736.000 5326.295
v -18000.000 11664.000 3500.000
v -18000.000 11664.000 5282.072
v -18000.000 11592.000 3500.000
v -18000.000 11592.000 5235.107
v -18000.000 11520.000 3500.000
v -18000.000 11520.000 5188.685
v -18000.000 11448.000 3500.000
v -18000.000 11448.000 5138.256
v -18000.000 11376.000 3500.000
v -18000.000 11376.000 5087.538
v -18000.000 11304.000 3500.000
v -18000.000 11304.000 5047.840
v -18000.000 11232.000 3500.000
v -18000.000 11232.000 5042.456
v -18000.000 11160.000 3500.000
v -18000.000 11160.000 5004.153
v -18000.000 11088.000 3500.000
v -18000.000 11088.000 4984.166
v -18000.000 11016.000 3500.000
v -18000.000 11016.000 4983.104
v -18000.000 10944.000 3500.000
v -18000.000 10944.000 4987.414
v -18000.000 10872.000 3500.000
v -18000.000 10872.000 4999.604
v -18000.000 10800.000 3500.000
v -18000.000 10800.000 5006.353
v -18000.000 10728.000 3500.000
v -18000.000 10728.000 5011.221
v -18000.000 10656.000 3500.000
v -18000.000 10656.000 5023.471
v -18000.000 10584.000 3500.000
v -18000.000 10584.000 5036.753
v -18000.000 10512.000 3500.000
v -18000.000 10512.000 5044.432
v -18000.000 10440.000 3500.000
v -18000.000 10440.000 5073.911
v -18000.000 10368.000 3500.000
v -18000.000 10368.000 5118.737
v -18000.000 10296.000 3500.000
v -18000.000 10296.000 5161.071
v -18000.000 10224.000 3500.000
v -18000.000 10224.000 5211.424
v -18000.000 10152.000 3500.000
v -18000.000 10152.000 5256.957
v -18000.000 10080.000 3500.000
v -18000.000 10080.000 5310.128
v -18000.000 10008.000 3500.000
v -18000.000 10008.000 5351.666
v -18000.000 9936.000 3500.000
v -18000.000 9936.000 5398.380
v -18000.000 9864.000 3500.000
v -18000.000 9864.000 5481.354
v -18000.000 9792.000 3500.000
v -18000.000 9792.000 5523.833
v -18000.000 9720.000 3500.000
v -18000.000 9720.000 5500.513
v -18000.000 9648.000 3500.000
v -18000.000 9648.000 5487.318
v -18000.000 9576.000 3500.000
v -18000.000 9576.000 5467.573
v -18000.000 9504.000 3500.000
v -18000.000 9504.000 5470.952
v -18000.000 9432.000 3500.000
v -18000.000 9432.000 5476.363
v -18000.000 9360.000 3500.000
v -18000.000 9360.000 5497.585
v -18000.000 9288.000 3500.000
v -18000.000 9288.000 5523.095
v -18000.000 9216.000 3500.000
v -18000.000 9216.000 5591.230
v -18000.000 9144.000 3500.000
v -18000.000 9144.000 5592.309
v -18000.000 9072.000 3500.000
v -18000.000 9072.000 5585.791
v -18000.000 9000.000 3500.000
v -18000.000 9000.000 5575.550
v -18000.000 8928.000 3500.000
v -18000.000 8928.000 5524.719
v -18000.000 8856.000 3500.000
v -18000.000 8856.000 5469.881
v -18000.000 8784.000 3500.000
v -18000.000 8784.000 5422.075
v -18000.000 8712.000 3500.000
v -18000.000 8712.000 5365.518
v -18000.000 8640.000 3500.000
v -18000.000 8640.000 5329.484
v -18000.000 8568.000 3500.000
v -18000.000 8568.000 5310.329
v -18000.000 8496.000 3500.000
v -18000.000 8496.000 5262.240
v -18000.000 8424.000 3500.000
v -18000.000 8424.000 5213.755
v -18000.000 8352.000 3500.000
v -18000.000 8352.000 5177.861
v -18000.000 8280.000 3500.000
v -18000.000 8280.000 5140.580
v -18000.000 8208.000 3500.000
v -18000.000 8208.000 5151.856
v -18000.000 8136.000 3500.000
v -18000.000 8136.000 5160.436
v -18000.000 8064.000 3500.000
v -18000.000 8064.000 5171.855
v -18000.000 7992.000 3500.000
v -18000.000 7992.000 5182.045
v -18000.000 7920.000 3500.000
v -18000.000 7920.000 5138.481
v -18000.000 7848.000 3500.000
v -18000.000 7848.000 5103.497
v -18000.000 7776.000 3500.000
v -18000.000 7776.000 5079.805
v -18000.000 7704.000 3500.000
v -18000.000 7704.000 5064.935
v -18000.000 7632.000 3500.000
v -18000.000 7632.000 5084.571
v -18000.000 7560.000 3500.000
v -18000.000 7560.000 5046.804
v -18000.000 7488.000 3500.000
v -18000.000 7488.000 5001.681
v -18000.000 7416.000 3500.000
v -18000.000 7416.000 4965.202
v -18000.000 7344.000 3500.000
v -18000.000 7344.000 4944.625
v -18000.000 7272.000 3500.000
v -18000.000 7272.000 4941.454
v -18000.000 7200.000 3500.000
v -18000.000 7200.000 4913.977
v -18000.000 7128.000 3500.000
v -18000.000 7128.000 4853.252
v -18000.000 7056.000 3500.000
v -18000.000 7056.000 4829.458
v -18000.000 6984.000 3500.000
v -18000.000 6984.000 4804.385
v -18000.000 6912.000 3500.000
v -18000.000 6912.000 4762.381
v -18000.000 6840.000 3500.000
v -18000.000 6840.000 4729.330
v -18000.000 6768.000 3500.000
v -18000.000 6768.000 4698.895
v -18000.000 6696.000 3500.000
v -18000.000 6696.000 4649.020
v -18000.000 6624.000 3500.000
v -18000.000 6624.000 4602.856
v -18000.000 6552.000 3500.000
v -18000.000 6552.000 4564.733
v -18000.000 6480.000 3500.000
v -18000.000 6480.000 4532.592
v -18000.000 6408.000 3500.000
v -18000.000 6408.000 4505.060
v -18000.000 6336.000 3500.000
v -18000.000 6336.000 4473.123
v -18000.000 6264.000 3500.000
v -18000.000 6264.000 4444.561
v -18000.000 6192.000 3500.000
v -18000.000 6192.000 4440.338
v -18000.000 6120.000 3500.000
v -18000.000 6120.000 4456.292
v -18000.000 6048.000 3500.000
v -18000.000 6048.000 4462.523
v -18000.000 5976.000 3500.000
v -18000.000 5976.000 4438.562
v -18000.000 5904.000 3500.000
v -18000.000 5904.000 4452.162
v -18000.000 5832.000 3500.000
v -18000.000 5832.000 4447.210
v -18000.000 5760.000 3500.000
v -18000.000 5760.000 4439.390
v -18000.000 5688.000 3500.000
v -18000.000 5688.000 4439.180
v -18000.000 5616.000 3500.000
v -18000.000 5616.000 4448.692
v -18000.000 5544.000 3500.000
v -18000.000 5544.000 4448.788
v -18000.000 5472.000 3500.000
v -18000.000 5472.000 4454.294
v -18000.000 5400.000 3500.000
v -18000.000 5400.000 4453.708
v -18000.000 5328.000 3500.000
v -18000.000 5328.000 4458.939
v -18000.000 5256.000 3500.000
v -18000.000 5256.000 4472.010
v -18000.000 5184.000 3500.000
v -18000.000 5184.000 4484.888
v -18000.000 5112.000 3500.000
v -18000.000 5112.000 4492.950
v -18000.000 5040.000 3500.000
v -18000.000 5040.000 4480.189
v -18000.000 4968.000 3500.000
v -18000.000 4968.000 4476.208
v -18000.000 4896.000 3500.000
v -18000.000 4896.000 4486.693
v -18000.000 4824.000 3500.000
v -18000.000 4824.000 4498.340
v -18000.000 4752.000 3500.000
v -18000.000 4752.000 4506.008
v -18000.000 4680.000 3500.000
v -18000.000 4680.000 4523.077
v -18000.000 4608.000 3500.000
v -18000.000 4608.000 4507.973
v -18000.000 4536.000 3500.000
v -18000.000 4536.000 4515.406
v -18000.000 4464.000 3500.000
v -18000.000 4464.000 4531.928
v -18000.000 4392.000 3500.000
v -18000.000 4392.000 4540.523
v -18000.000 4320.000 3500.000
v -18000.000 4320.000 4555.356
v -18000.000 4248.000 3500.000
v -18000.000 4248.000 4582.866
v -18000.000 4176.000 3500.000
v -18000.000 4176.000 4614.491
v -18000.000 4104.000 3500.000
v -18000.000 4104.000 4639.815
v -18000.000 4032.000 3500.000
v -18000.000 4032.000 4659.665
v -18000.000 3960.000 3500.000
v -18000.000 3960.000 4686.054
v -18000.000 3888.000 3500.000
v -18000.000 3888.000 4724.032
v -18000.000 3816.000 3500.000
v -18000.000 3816.000 4761.128
v -18000.000 3744.000 3500.000
v -18000.000 3744.000 4811.431
v -18000.000 3672.000 3500.000
v -18000.000 3672.000 4852.592
v -18000.000 3600.000 3500.000
v -18000.000 3600.000 4868.736
v -18000.000 3528.000 3500.000
v -18000.000 3528.000 4926.202
v -18000.000 3456.000 3500.000
v -18000.000 3456.000 4971.917
v -18000.000 3384.000 3500.000
v -18000.000 3384.000 4999.909
v -18000.000 3312.000 3500.000
v -18000.000 3312.000 5016.750
v -18000.000 3240.000 3500.000
v -18000.000 3240.000 5058.205
v -18000.000 3168.000 3500.000
v -18000.000 3168.000 5107.205
v -18000.000 3096.000 3500.000
v -18000.000 3096.000 5161.035
v -18000.000 3024.000 3500.000
v -18000.000 3024.000 5219.227
v -18000.000 2952.000 3500.000
v -18000.000 2952.000 5268.054
v -18000.000 2880.000 3500.000
v -18000.000 2880.000 5285.043
v -18000.000 2808.000 3500.000
v -18000.000 2808.000 5269.533
v -18000.000 2736.000 3500.000
v -18000.000 2736.000 5243.862
v -18000.000 2664.000 3500.000
v -18000.000 2664.000 5255.978
v -18000.000 2592.000 3500.000
v -18000.000 2592.000 5247.019
v -18000.000 2520.000 3500.000
v -18000.000 2520.000 5225.909
v -18000.000 2448.000 3500.000
v -18000.000 2448.000 5224.155
v -18000.000 2376.000 3500.000
v -18000.000 2376.000 5257.280
v -18000.000 2304.000 3500.000
v -18000.000 2304.000 5238.948
v -18000.000 2232.000 3500.000
v -18000.000 2232.000 5222.631
v -18000.000 2160.000 3500.000
v -18000.000 2160.000 5217.445
v -18000.000 2088.000 3500.000
v -18000.000 2088.000 5166.438
v -18000.000 2016.000 3500.000
v -18000.000 2016.000 5114.129
v -18000.000 1944.000 3500.000
v -18000.000 1944.000 5065.344
v -18000.000 1872.000 3500.000
v -18000.000 1872.000 5018.175
v -18000.000 1800.000 3500.000
v -18000.000 1800.000 4969.787
v -18000.000 1728.000 3500.000
v -18000.000 1728.000 4935.752
v -18000.000 1656.000 3500.000
v -18000.000 1656.000 4933.696
v -18000.000 1584.000 3500.000
v -18000.000 1584.000 4914.482
v -18000.000 1512.000 3500.000
v -18000.000 1512.000 4908.111
v -18000.000 1440.000 3500.000
v -18000.000 1440.000 4916.398
v -18000.000 1368.000 3500.000
v -18000.000 1368.000 4929.401
v -18000.000 1296.000 3500.000
v -18000.000 1296.000 4921.525
v -18000.000 1224.000 3500.000
v -18000.000 1224.000 4927.786
v -18000.000 1152.000 3500.000
v -18000.000 1152.000 4955.694
v -18000.000 1080.000 3500.000
v -18000.000 1080.000 4975.787
v -18000.000 1008.000 3500.000
v -18000.000 1008.000 5016.109
v -18000.000 936.000 3500.000
v -18000.000 936.000 5060.846
v -18000.000 864.000 3500.000
v -18000.000 864.000 5103.987
v -18000.000 792.000 3500.000
v -18000.000 792.000 5150.429
v -18000.000 720.000 3500.000
v -18000.000 720.000 5182.853
v -18000.000 648.000 3500.000
v -18000.000 648.000 5207.051
v -18000.000 576.000 3500.000
v -18000.000 576.000 5206.651
v -18000.000 504.000 3500.000
v -18000.000 504.000 5212.340
v -18000.000 432.000 3500.000
v -18000.000 432.000 5215.744
v -18000.000 360.000 3500.000
v -18000.000 360.000 5182.680
v -18000.000 288.000 3500.000
v -18000.000 288.000 5141.847
v -18000.000 216.000 3500.000
v -18000.000 216.000 5163.350
v -18000.000 144.000 3500.000
v -18000.000 144.000 5181.214
v -18000.000 72.000 3500.000
v -18000.000 72.000 5197.472
v -18000.000 0.000 3500.000
v -18000.000 0.000 5200.694
v -18000.000 -72.000 3500.000
v -18000.000 -72.000 5184.839
v -18000.000 -144.000 3500.000
v -18000.000 -144.000 5159.899
v -18000.000 -216.000 3500.000
v -18000.000 -216.000 5205.579
v -18000.000 -288.000 3500.000
v -18000.000 -288.000 5203.997
v -18000.000 -360.000 3500.000
v -18000.000 -360.000 5248.316
v -18000.000 -432.000 3500.000
v -18000.000 -432.000 5230.384
v -18000.000 -504.000 3500.000
v -18000.000 -504.000 5197.965
v -18000.000 -576.000 3500.000
v -18000.000 -576.000 5204.496
v -18000.000 -648.000 3500.000
v -18000.000 -648.000 5203.992
v -18000.000 -720.000 3500.000
v -18000.000 -720.000 5229.673
v -18000.000 -792.000 3500.000
v -18000.000 -792.000 5231.200
v -18000.000 -864.000 3500.000
v -18000.000 -864.000 5194.798
v -18000.000 -936.000 3500.000
v -18000.000 -936.000 5193.591
v -18000.000 -1008.000 3500.000
v -18000.000 -1008.000 5156.662
v -18000.000 -1080.000 3500.000
v -18000.000 -1080.000 5132.582
v -18000.000 -1152.000 3500.000
v -18000.000 -1152.000 5099.412
v -18000.000 -1224.000 3500.000
v -18000.000 -1224.000 5092.024
v -18000.000 -1296.000 3500.000
v -18000.000 -1296.000 5081.720
v -18000.000 -1368.000 3500.000
v -18000.000 -1368.000 5055.892
v -18000.000 -1440.000 3500.000
v -18000.000 -1440.000 5039.229
v -18000.000 -1512.000 3500.000
v -18000.000 -1512.000 5041.422
v -18000.000 -1584.000 3500.000
v -18000.000 -1584.000 5057.755
v -18000.000 -1656.000 3500.000
v -18000.000 -1656.000 5060.938
v -18000.000 -1728.000 3500.000
v -18000.000 -1728.000 5056.799
v -18000.000 -1800.000 3500.000
v -18000.000 -1800.000 5042.399
v -18000.000 -1872.000 3500.000
v -18000.000 -1872.000 5041.724
v -18000.000 -1944.000 3500.000
v -18000.000 -1944.000 5048.554
v -18000.000 -2016.000 3500.000
v -18000.000 -2016.000 5056.130
v -18000.000 -2088.000 3500.000
v -18000.000 -2088.000 5065.050
v -18000.000 -2160.000 3500.000
v -18000.000 -2160.000 5073.658
v -18000.000 -2232.000 3500.000
v -18000.000 -2232.000 5079.845
v -18000.000 -2304.000 3500.000
v -18000.000 -2304.000 5085.569
v -18000.000 -2376.000 3500.000
v -18000.000 -2376.000 5088.760
v -18000.000 -2448.000 3500.000
v -18000.000 -2448.000 5090.583
v -18000.000 -2520.000 3500.000
v -18000.000 -2520.000 5092.053
v -18000.000 -2592.000 3500.000
v -18000.000 -2592.000 5093.145
v -18000.000 -2664.000 3500.000
v -18000.000 -2664.000 5095.270
v -18000.000 -2736.000 3500.000
v -18000.000 -2736.000 5100.798
v -18000.000 -2808.000 3500.000
v -18000.000 -2808.000 5108.403
v -18000.000 -2880.000 3500.000
v -18000.000 -2880.000 5116.708
v -18000.000 -2952.000 3500.000
v -18000.000 -2952.000 5124.688
v -18000.000 -3024.000 3500.000
v -18000.000 -3024.000 5132.762
v -18000.000 -3096.000 3500.000
v -18000.000 -3096.000 5141.365
v -18000.000 -3168.000 3500.000
v -18000.000 -3168.000 5151.382
v -18000.000 -3240.000 3500.000
v -18000.000 -3240.000 5160.095
v -18000.000 -3312.000 3500.000
v -18000.000 -3312.000 5166.261
v -18000.000 -3384.000 3500.000
v -18000.000 -3384.000 5179.208
v -18000.000 -3456.000 3500.000
v -18000.000 -3456.000 5200.227
v -18000.000 -3528.000 3500.000
v -18000.000 -3528.000 5221.370
v -18000.000 -3600.000 3500.000
v -18000.000 -3600.000 5243.956
v -18000.000 -3672.000 3500.000
v -18000.000 -3672.000 5276.540
v -18000.000 -3744.000 3500.000
v -18000.000 -3744.000 5317.652
v -18000.000 -3816.000 3500.000
v -18000.000 -3816.000 5374.119
v -18000.000 -3888.000 3500.000
v -18000.000 -3888.000 5436.312
v -18000.000 -3960.000 3500.000
v -18000.000 -3960.000 5502.300
v -18000.000 -4032.000 3500.000
v -18000.000 -4032.000 5586.056
v -18000.000 -4104.000 3500.000
v -18000.000 -4104.000 5669.363
v -18000.000 -4176.000 3500.000
v -18000.000 -4176.000 5724.641
v -18000.000 -4248.000 3500.000
v -18000.000 -4248.000 5771.783
v -18000.000 -4320.000 3500.000
v -18000.000 -4320.000 5780.431
v -18000.000 -4392.000 3500.000
v -18000.000 -4392.000 5742.871
v -18000.000 -4464.000 3500.000
v -18000.000 -4464.000 5706.397
v -18000.000 -4536.000 3500.000
v -18000.000 -4536.000 5688.925
v -18000.000 -4608.000 3500.000
v -18000.000 -4608.000 5680.772
v -18000.000 -4680.000 3500.000
v -18000.000 -4680.000 5687.568
v -18000.000 -4752.000 3500.000
v -18000.000 -4752.000 5687.194
v -18000.000 -4824.000 3500.000
v -18000.000 -4824.000 5703.341
v -18000.000 -4896.000 3500.000
v -18000.000 -4896.000 5752.618
v -18000.000 -4968.000 3500.000
v -18000.000 -4968.000 5792.963
v -18000.000 -5040.000 3500.000
v -18000.000 -5040.000 5800.288
v -18000.000 -5112.000 3500.000
v -18000.000 -5112.000 5857.167
v -18000.000 -5184.000 3500.000
v -18000.000 -5184.000 5919.840
v -18000.000 -5256.000 3500.000
v -18000.000 -5256.000 5946.673
v -18000.000 -5328.000 3500.000
v -18000.000 -5328.000 5976.086
v -18000.000 -5400.000 3500.000
v -18000.000 -5400.000 6002.838
v -18000.000 -5472.000 3500.000
v -18000.000 -5472.000 5997.483
v -18000.000 -5544.000 3500.000
v -18000.000 -5544.000 5974.806
v -18000.000 -5616.000 3500.000
v -18000.000 -5616.000 5961.983
v -18000.000 -5688.000 3500.000
v -18000.000 -5688.000 5925.270
v -18000.000 -5760.000 3500.000
v -18000.000 -5760.000 5889.899
v -18000.000 -5832.000 3500.000
v -18000.000 -5832.000 5851.555
v -18000.000 -5904.000 3500.000
v -18000.000 -5904.000 5803.638
v -18000.000 -5976.000 3500.000
v -18000.000 -5976.000 5733.739
v -18000.000 -6048.000 3500.000
v -18000.000 -6048.000 5687.584
v -18000.000 -6120.000 3500.000
v -18000.000 -6120.000 5675.864
v -18000.000 -6192.000 3500.000
v -18000.000 -6192.000 5675.141
v -18000.000 -6264.000 3500.000
v -18000.000 -6264.000 5685.990
v -18000.000 -6336.000 3500.000
v -18000.000 -6336.000 5699.053
v -18000.000 -6408.000 3500.000
v -18000.000 -6408.000 5698.318
v -18000.000 -6480.000 3500.000
v -18000.000 -6480.000 5735.407
v -18000.000 -6552.000 3500.000
v -18000.000 -6552.000 5809.402
v -18000.000 -6624.000 3500.000
v -18000.000 -6624.000 5876.646
v -18000.000 -6696.000 3500.000
v -18000.000 -6696.000 5913.250
v -18000.000 -6768.000 3500.000
v -18000.000 -6768.000 5933.546
v -18000.000 -6840.000 3500.000
v -18000.000 -6840.000 5951.709
v -18000.000 -6912.000 3500.000
v -18000.000 -6912.000 5961.196
v -18000.000 -6984.000 3500.000
v -18000.000 -6984.000 5931.850
v -18000.000 -7056.000 3500.000
v -18000.000 -7056.000 5765.633
v -18000.000 -7128.000 3500.000
v -18000.000 -7128.000 5639.266
v -18000.000 -7200.000 3500.000
v -18000.000 -7200.000 5509.018
v -18000.000 -7272.000 3500.000
v -18000.000 -7272.000 5471.994
v -18000.000 -7344.000 3500.000
v -18000.000 -7344.000 5448.080
v -18000.000 -7416.000 3500.000
v -18000.000 -7416.000 5423.713
v -18000.000 -7488.000 3500.000
v -18000.000 -7488.000 5389.088
v -18000.000 -7560.000 3500.000
v -18000.000 -7560.000 5373.942
v -18000.000 -7632.000 3500.000
v -18000.000 -7632.000 5381.177
v -18000.000 -7704.000 3500.000
v -18000.000 -7704.000 5401.917
v -18000.000 -7776.000 3500.000
v -18000.000 -7776.000 5420.172
v -18000.000 -7848.000 3500.000
v -18000.000 -7848.000 5438.500
v -18000.000 -7920.000 3500.000
v -18000.000 -7920.000 5487.166
v -18000.000 -7992.000 3500.000
v -18000.000 -7992.000 5560.605
v -18000.000 -8064.000 3500.000
v -18000.000 -8064.000 5624.740
v -18000.000 -8136.000 3500.000
v -18000.000 -8136.000 5670.091
v -18000.000 -8208.000 3500.000
v -18000.000 -8208.000 5739.937
v -18000.000 -8280.000 3500.000
v -18000.000 -8280.000 5770.908
v -18000.000 -8352.000 3500.000
v -18000.000 -8352.000 5752.073
v -18000.000 -8424.000 3500.000
v -18000.000 -8424.000 5707.938
v -18000.000 -8496.000 3500.000
v -18000.000 -8496.000 5681.362
v -18000.000 -8568.000 3500.000
v -18000.000 -8568.000 5671.340
v -18000.000 -8640.000 3500.000
v -18000.000 -8640.000 5665.668
v -18000.000 -8712.000 3500.000
v -18000.000 -8712.000 5655.826
v -18000.000 -8784.000 3500.000
v -18000.000 -8784.000 5634.896
v -18000.000 -8856.000 3500.000
v -18000.000 -8856.000 5595.807
v -18000.000 -8928.000 3500.000
v -18000.000 -8928.000 5520.895
v -18000.000 -9000.000 3500.000
v -18000.000 -9000.000 5408.015
v -18000.000 -9072.000 3500.000
v -18000.000 -9072.000 5315.495
v -18000.000 -9144.000 3500.000
v -18000.000 -9144.000 5256.751
v -18000.000 -9216.000 3500.000
v -18000.000 -9216.000 5215.167
v -18000.000 -9288.000 3500.000
v -18000.000 -9288.000 5157.838
v -18000.000 -9360.000 3500.000
v -18000.000 -9360.000 5140.281
v -18000.000 -9432.000 3500.000
v -18000.000 -9432.000 5082.275
v -18000.000 -9504.000 3500.000
v -18000.000 -9504.000 5073.671
v -18000.000 -9576.000 3500.000
v -18000.000 -9576.000 5024.558
v -18000.000 -9648.000 3500.000
v -18000.000 -9648.000 4983.313
v -18000.000 -9720.000 3500.000
v -18000.000 -9720.000 4939.446
v -18000.000 -9792.000 3500.000
v -18000.000 -9792.000 4872.839
v -18000.000 -9864.000 3500.000
v -18000.000 -9864.000 4845.687
v -18000.000 -9936.000 3500.000
v -18000.000 -9936.000 4830.526
v -18000.000 -10008.000 3500.000
v -18000.000 -10008.000 4806.140
v -18000.000 -10080.000 3500.000
v -18000.000 -10080.000 4783.458
v -18000.000 -10152.000 3500.000
v -18000.000 -10152.000 4763.415
v -18000.000 -10224.000 3500.000
v -18000.000 -10224.000 4730.007
v -18000.000 -10296.000 3500.000
v -18000.000 -10296.000 4681.933
v -18000.000 -10368.000 3500.000
v -18000.000 -10368.000 4630.784
v -18000.000 -10440.000 3500.000
v -18000.000 -10440.000 4598.266
v -18000.000 -10512.000 3500.000
v -18000.000 -10512.000 4593.006
v -18000.000 -10584.000 3500.000
v -18000.000 -10584.000 4586.505
v -18000.000 -10656.000 3500.000
v -18000.000 -10656.000 4574.353
v -18000.000 -10728.000 3500.000
v -18000.000 -10728.000 4555.738
v -18000.000 -10800.000 3500.000
v -18000.000 -10800.000 4540.447
v -18000.000 -10872.000 3500.000
v -18000.000 -10872.000 4525.948
v -18000.000 -10944.000 3500.000
v -18000.000 -10944.000 4509.208
v -18000.000 -11016.000 3500.000
v -18000.000 -11016.000 4495.771
v -18000.000 -11088.000 3500.000
v -18000.000 -11088.000 4490.671
v -18000.000 -11160.000 3500.000
v -18000.000 -11160.000 4532.824
v -18000.000 -11232.000 3500.000
v -18000.000 -11232.000 4570.249
v -18000.000 -11304.000 3500.000
v -18000.000 -11304.000 4571.391
v -18000.000 -11376.000 3500.000
v -18000.000 -11376.000 4619.294
v -18000.000 -11448.000 3500.000
v -18000.000 -11448.000 4592.885
v -18000.000 -11520.000 3500.000
v -18000.000 -11520.000 4589.365
v -18000.000 -11592.000 3500.000
v -18000.000 -11592.000 4549.021
v -18000.000 -11664.000 3500.000
v -18000.000 -11664.000 4492.649
v -18000.000 -11736.000 3500.000
v -18000.000 -11736.000 4424.998
v -18000.000 -11808.000 3500.000
v -18000.000 -11808.000 4412.072
v -18000.000 -11880.000 3500.000
v -18000.000 -11880.000 4370.921
v -18000.000 -11952.000 3500.000
v -18000.000 -11952.000 4292.380
v -18000.000 -12024.000 3500.000
v -18000.000 -12024.000 4271.886
v -18000.000 -12096.000 3500.000
v -18000.000 -12096.000 4253.059
v -18000.000 -12168.000 3500.000
v -18000.000 -12168.000 4237.322
v -18000.000 -12240.000 3500.000
v -18000.000 -12240.000 4233.532
v -18000.000 -12312.000 3500.000
v -18000.000 -12312.000 4231.809
v -18000.000 -12384.000 3500.000
v -18000.000 -12384.000 4235.320
v -18000.000 -12456.000 3500.000
v -18000.000 -12456.000 4236.311
v -18000.000 -12528.000 3500.000
v -18000.000 -12528.000 4232.345
v -18000.000 -12600.000 3500.000
v -18000.000 -12600.000 4229.325
v -18000.000 -12672.000 3500.000
v -18000.000 -12672.000 4224.426
v -18000.000 -12744.000 3500.000
v -18000.000 -12744.000 4227.280
v -18000.000 -12816.000 3500.000
v -18000.000 -12816.000 4221.783
v -18000.000 -12888.000 3500.000
v -18000.000 -12888.000 4212.067
v -18000.000 -12960.000 3500.000
v -18000.000 -12960.000 4196.063
v -18000.000 -13032.000 3500.000
v -18000.000 -13032.000 4185.988
v -18000.000 -13104.000 3500.000
v -18000.000 -13104.000 4180.250
v -18000.000 -13176.000 3500.000
v -18000.000 -13176.000 4176.885
v -18000.000 -13248.000 3500.000
v -18000.000 -13248.000 4179.348
v -18000.000 -13320.000 3500.000
v -18000.000 -13320.000 4186.511
v -18000.000 -13392.000 3500.000
v -18000.000 -13392.000 4184.185
v -18000.000 -13464.000 3500.000
v -18000.000 -13464.000 4178.184
v -18000.000 -13536.000 3500.000
v -18000.000 -13536.000 4167.892
v -18000.000 -13608.000 3500.000
v -18000.000 -13608.000 4163.853
v -18000.000 -13680.000 3500.000
v -18000.000 -13680.000 4158.749
v -18000.000 -13752.000 3500.000
v -18000.000 -13752.000 4145.169
v -18000.000 -13824.000 3500.000
v -18000.000 -13824.000 4138.439
v -18000.000 -13896.000 3500.000
v -18000.000 -13896.000 4133.639
v -18000.000 -13968.000 3500.000
v -18000.000 -13968.000 4133.716
v -18000.000 -14040.000 3500.000
v -18000.000 -14040.000 4119.102
v -18000.000 -14112.000 3500.000
v -18000.000 -14112.000 4117.022
v -18000.000 -14184.000 3500.000
v -18000.000 -14184.000 4105.005
v -18000.000 -14256.000 3500.000
v -18000.000 -14256.000 4098.173
v -18000.000 -14328.000 3500.000
v -18000.000 -14328.000 4100.805
v -18000.000 -14400.000 3500.000
v -18000.000 -14400.000 4093.434
v -18000.000 -14472.000 3500.000
v -18000.000 -14472.000 4095.482
v -18000.000 -14544.000 3500.000
v -18000.000 -14544.000 4094.335
v -18000.000 -14616.000 3500.000
v -18000.000 -14616.000 4099.463
v -18000.000 -14688.000 3500.000
v -18000.000 -14688.000 4093.427
v -18000.000 -14760.000 3500.000
v -18000.000 -14760.000 4104.164
v -18000.000 -14832.000 3500.000
v -18000.000 -14832.000 4106.107
v -18000.000 -14904.000 3500.000
v -18000.000 -14904.000 4107.915
v -18000.000 -14976.000 3500.000
v -18000.000 -14976.000 4106.226
v -18000.000 -15048.000 3500.000
v -18000.000 -15048.000 4101.432
v -18000.000 -15120.000 3500.000
v -18000.000 -15120.000 4102.245
v -18000.000 -15192.000 3500.000
v -18000.000 -15192.000 4086.579
v -18000.000 -15264.000 3500.000
v -18000.000 -15264.000 4092.333
v -18000.000 -15336.000 3500.000
v -18000.000 -15336.000 4077.457
v -18000.000 -15408.000 3500.000
v -18000.000 -15408.000 4091.086
v -18000.000 -15480.000 3500.000
v -18000.000 -15480.000 4093.775
v -18000.000 -15552.000 3500.000
v -18000.000 -15552.000 4087.836
v -18000.000 -15624.000 3500.000
v -18000.000 -15624.000 4087.648
v -18000.000 -15696.000 3500.000
v -18000.000 -15696.000 4088.340
v -18000.000 -15768.000 3500.000
v -18000.000 -15768.000 4092.495
v -18000.000 -15840.000 3500.000
v -18000.000 -15840.000 4087.785
v -18000.000 -15912.000 3500.000
v -18000.000 -15912.000 4110.621
v -18000.000 -15984.000 3500.000
v -18000.000 -15984.000 4093.136
v -18000.000 -16056.000 3500.000
v -18000.000 -16056.000 4091.301
v -18000.000 -16128.000 3500.000
v -18000.000 -16128.000 4091.782
v -18000.000 -16200.000 3500.000
v -18000.000 -16200.000 4092.145
v -18000.000 -16272.000 3500.000
v -18000.000 -16272.000 4094.757
v -18000.000 -16344.000 3500.000
v -18000.000 -16344.000 4101.233
v -18000.000 -16416.000 3500.000
v -18000.000 -16416.000 4101.827
v -18000.000 -16488.000 3500.000
v -18000.000 -16488.000 4104.827
v -18000.000 -16560.000 3500.000
v -18000.000 -16560.000 4124.403
v -18000.000 -16632.000 3500.000
v -18000.000 -16632.000 4115.867
v -18000.000 -16704.000 3500.000
v -18000.000 -16704.000 4102.538
v -18000.000 -16776.000 3500.000
v -18000.000 -16776.000 4101.937
v -18000.000 -16848.000 3500.000
v -18000.000 -16848.000 4102.598
v -18000.000 -16920.000 3500.000
v -18000.000 -16920.000 4103.881
v -18000.000 -16992.000 3500.000
v -18000.000 -16992.000 4110.898
v -18000.000 -17064.000 3500.000
v -18000.000 -17064.000 4120.965
v -18000.000 -17136.000 3500.000
v -18000.000 -17136.000 4118.917
v -18000.000 -17208.000 3500.000
v -18000.000 -17208.000 4119.619
v -18000.000 -17280.000 3500.000
v -18000.000 -17280.000 4126.500
v -18000.000 -17352.000 3500.000
v -18000.000 -17352.000 4127.446
v -18000.000 -17424.000 3500.000
v -18000.000 -17424.000 4131.268
v -18000.000 -17496.000 3500.000
v -18000.000 -17496.000 4132.506
v -18000.000 -17568.000 3500.000
v -18000.000 -17568.000 4131.537
v -18000.000 -17640.000 3500.000
v -18000.000 -17640.000 4135.060
v -18000.000 -17712.000 3500.000
v -18000.000 -17712.000 4135.060
v -18000.000 -17784.000 3500.000
v -18000.000 -17784.000 4140.142
v -18000.000 -17856.000 3500.000
v -18000.000 -17856.000 4146.783
v -18000.000 -17928.000 3500.000
v -18000.000 -17928.000 4148.422
v -18000.000 -18000.000 3500.000
v -18000.000 -18000.000 4148.107
v -18000.000 -18072.000 3500.000
v -18000.000 -18072.000 4154.758
v -18000.000 -18144.000 3500.000
v -18000.000 -18144.000 4159.718
v -18000.000 -18216.000 3500.000
v -18000.000 -18216.000 4165.177
v -18000.000 -18288.000 3500.000
v -18000.000 -18288.000 4169.012
v -18000.000 -18360.000 3500.000
v -18000.000 -18360.000 4167.688
v -18000.000 -18432.000 3500.000
v -18000.000 -18432.000 4162.880
v -18000.000 -18504.000 3500.000
v -18000.000 -18504.000 4165.653
v -18000.000 -18576.000 3500.000
v -18000.000 -18576.000 4174.375
v -18000.000 -18648.000 3500.000
v -18000.000 -18648.000 4196.490
v -18000.000 -18720.000 3500.000
v -18000.000 -18720.000 4209.038
v -18000.000 -18792.000 3500.000
v -18000.000 -18792.000 4204.547
v -18000.000 -18864.000 3500.000
v -18000.000 -18864.000 4204.406
v -18000.000 -18936.000 3500.000
v -18000.000 -18936.000 4206.460
v -18000.000 -19008.000 3500.000
v -18000.000 -19008.000 4224.811
v -18000.000 -19080.000 3500.000
v -18000.000 -19080.000 4243.978
v -18000.000 -19152.000 3500.000
v -18000.000 -19152.000 4257.500
v -18000.000 -19224.000 3500.000
v -18000.000 -19224.000 4244.822
v -18000.000 -19296.000 3500.000
v -18000.000 -19296.000 4261.644
v -18000.000 -19368.000 3500.000
v -18000.000 -19368.000 4241.396
v -18000.000 -19440.000 3500.000
v -18000.000 -19440.000 4241.216
v -18000.000 -19512.000 3500.000
v -18000.000 -19512.000 4258.770
v -18000.000 -19584.000 3500.000
v -18000.000 -19584.000 4322.302
v -18000.000 -19656.000 3500.000
v -18000.000 -19656.000 4407.375
v -18000.000 -19728.000 3500.000
v -18000.000 -19728.000 4488.332
v -18000.000 -19800.000 3500.000
v -18000.000 -19800.000 4548.782
v -18000.000 -19872.000 3500.000
v -18000.000 -19872.000 4536.351
v -18000.000 -19944.000 3500.000
v -18000.000 -19944.000 4495.107
v -18000.000 -20016.000 3500.000
v -18000.000 -20016.000 4442.029
v -18000.000 -20088.000 3500.000
v -18000.000 -20088.000 4379.056
v -18000.000 -20160.000 3500.000
v -18000.000 -20160.000 4327.656
v -18000.000 -20232.000 3500.000
v -18000.000 -20232.000 4330.073
v -18000.000 -20304.000 3500.000
v -18000.000 -20304.000 4311.688
v -18000.000 -20376.000 3500.000
v -18000.000 -20376.000 4298.177
v -18000.000 -20448.000 3500.000
v -18000.000 -20448.000 4291.562
v -18000.000 -20520.000 3500.000
v -18000.000 -20520.000 4302.372
v -18000.000 -20592.000 3500.000
v -18000.000 -20592.000 4309.097
v -18000.000 -20664.000 3500.000
v -18000.000 -20664.000 4319.422
v -18000.000 -20736.000 3500.000
v -18000.000 -20736.000 4325.973
v -18000.000 -20808.000 3500.000
v -18000.000 -20808.000 4327.442
v -18000.000 -20880.000 3500.000
v -18000.000 -20880.000 4334.824
v -18000.000 -20952.000 3500.000
v -18000.000 -20952.000 4330.399
v -18000.000 -21024.000 3500.000
v -18000.000 -21024.000 4332.571
v -18000.000 -21096.000 3500.000
v -18000.000 -21096.000 4328.554
v -18000.000 -21168.000 3500.000
v -18000.000 -21168.000 4331.189
v -18000.000 -21240.000 3500.000
v -18000.000 -21240.000 4335.130
v -18000.000 -21312.000 3500.000
v -18000.000 -21312.000 4331.669
v -18000.000 -21384.000 3500.000
v -18000.000 -21384.000 4341.240
v -18000.000 -21456.000 3500.000
v -18000.000 -21456.000 4342.269
v -18000.000 -21528.000 3500.000
v -18000.000 -21528.000 4348.804
v -18000.000 -21600.000 3500.000
v -18000.000 -21600.000 4353.472
v -18000.000 -21672.000 3500.000
v -18000.000 -21672.000 4355.507
v -18000.000 -21744.000 3500.000
v -18000.000 -21744.000 4360.331
v -18000.000 -21816.000 3500.000
v -18000.000 -21816.000 4362.294
v -18000.000 -21888.000 3500.000
v -18000.000 -21888.000 4368.453
v -18000.000 -21960.000 3500.000
v -18000.000 -21960.000 4369.259
v -18000.000 -22032.000 3500.000
v -18000.000 -22032.000 4372.001
v -18000.000 -22104.000 3500.000
v -18000.000 -22104.000 4380.044
v -18000.000 -22176.000 3500.000
v -18000.000 -22176.000 4386.453
v -18000.000 -22248.000 3500.000
v -18000.000 -22248.000 4395.838
v -18000.000 -22320.000 3500.000
v -18000.000 -22320.000 4400.314
v -18000.000 -22392.000 3500.000
v -18000.000 -22392.000 4399.427
v -18000.000 -22464.000 3500.000
v -18000.000 -22464.000 4408.271
v -18000.000 -22536.000 3500.000
v -18000.000 -22536.000 4421.186
v -18000.000 -22608.000 3500.000
v -18000.000 -22608.000 4435.095
v -18000.000 -22680.000 3500.000
v -18000.000 -22680.000 4445.536
v -18000.000 -22752.000 3500.000
v -18000.000 -22752.000 4465.074
v -18000.000 -22824.000 3500.000
v -18000.000 -22824.000 4484.875
v -18000.000 -22896.000 3500.000
v -18000.000 -22896.000 4515.751
v -18000.000 -22968.000 3500.000
v -18000.000 -22968.000 4594.493
v -18000.000 -23040.000 3500.000
v -18000.000 -23040.000 4667.079
v -18000.000 -23112.000 3500.000
v -18000.000 -23112.000 4721.378
v -18000.000 -23184.000 3500.000
v -18000.000 -23184.000 4778.912
v -18000.000 -23256.000 3500.000
v -18000.000 -23256.000 4856.766
v -18000.000 -23328.000 3500.000
v -18000.000 -23328.000 4911.125
v -18000.000 -23400.000 3500.000
v -18000.000 -23400.000 4903.058
v -18000.000 -23472.000 3500.000
v -18000.000 -23472.000 4893.791
v -18000.000 -23544.000 3500.000
v -18000.000 -23544.000 4926.503
v -18000.000 -23616.000 3500.000
v -18000.000 -23616.000 4967.067
v -18000.000 -23688.000 3500.000
v -18000.000 -23688.000 5029.235
v -18000.000 -23760.000 3500.000
v -18000.000 -23760.000 5125.100
v -18000.000 -23832.000 3500.000
v -18000.000 -23832.000 5222.005
v -18000.000 -23904.000 3500.000
v -18000.000 -23904.000 5274.765
v -18000.000 -23976.000 3500.000
v -18000.000 -23976.000 5322.996
v -18000.000 -24048.000 3500.000
v -18000.000 -24048.000 5360.244
v -18000.000 -24120.000 3500.000
v -18000.000 -24120.000 5402.380
v -18000.000 -24192.000 3500.000
v -18000.000 -24192.000 5455.815
v -18000.000 -24264.000 3500.000
v -18000.000 -24264.000 5509.281
v -18000.000 -24336.000 3500.000
v -18000.000 -24336.000 5556.554
v -18000.000 -24408.000 3500.000
v -18000.000 -24408.000 5631.582
f 1 2 3
f 1 3 4
f 2 5 6
f 2 6 3
f 5 7 8
f 5 8 6
f 7 9 10
f 7 10 8
f 9 11 12
f 9 12 10
f 11 13 14
f 11 14 12
f 13 15 16
f 13 16 14
f 15 17 18
f 15 18 16
f 17 19 20
f 17 20 18
f 19 21 22
f 19 22 20
f 21 23 24
f 21 24 22
f 23 25 26
f 23 26 24
f 25 27 28
f 25 28 26
f 27 29 30
f 27 30 28
f 29 31 32
f 29 32 30
f 31 33 34
f 31 34 32
f 33 35 36
f 33 36 34
f 35 37 38
f 35 38 36
f 37 39 40
f 37 40 38
f 39 41 42
f 39 42 40
f 41 43 44
f 41 44 42
f 43 45 46
f 43 46 44
f 45 47 48
f 45 48 46
f 47 49 50
f 47 50 48
f 49 51 52
f 49 52 50
f 51 53 54
f 51 54 52
f 53 55 56
f 53 56 54
f 55 57 58
f 55 58 56
f 57 59 60
f 57 60 58
f 59 61 62
f 59 62 60
f 61 63 64
f 61 64 62
f 63 65 66
f 63 66 64
f 65 67 68
f 65 68 66
f 67 69 70
f 67 70 68
f 69 71 72
f 69 72 70
f 71 73 74
f 71 74 72
f 73 75 76
f 73 76 74
f 75 77 78
f 75 78 76
f 77 79 80
f 77 80 78
f 79 81 82
f 79 82 80
f 81 83 84
f 81 84 82
f 83 85 86
f 83 86 84
f 85 87 88
f 85 88 86
f 87 89 90
f 87 90 88
f 89 91 92
f 89 92 90
f 91 93 94
f 91 94 92
f 93 95 96
f 93 96 94
f 95 97 98
f 95 98 96
f 97 99 100
f 97 100 98
f 99 101 102
f 99 102 100
f 101 103 104
f 101 104 102
f 103 105 106
f 103 106 104
f 105 107 108
f 105 108 106
f 107 109 110
f 107 110 108
f 109 111 112
f 109 112 110
f 111 113 114
f 111 114 112
f 113 115 116
f 113 116 114
f 115 117 118
f 115 118 116
f 117 119 120
f 117 120 118
f 119 121 122
f 119 122 120
f 121 123 124
f 121 124 122
f 123 125 126
f 123 126 124
f 125 127 128
f 125 128 126
f 127 129 130
f 127 130 128
f 129 131 132
f 129 132 130
f 131 133 134
f 131 134 132
f 133 135 136
f 133 136 134
f 135 137 138
f 135 138 136
f 137 139 140
f 137 140 138
f 139 141 142
f 139 142 140
f 141 143 144
f 141 144 142
f 143 145 146
f 143 146 144
f 145 147 148
f 145 148 146
f 147 149 150
f 147 150 148
f 149 151 152
f 149 152 150
f 151 153 154
f 151 154 152
f 153 155 156
f 153 156 154
f 155 157 158
f 155 158 156
f 157 159 160
f 157 160 158
f 159 161 162
f 159 162 160
f 161 163 164
f 161 164 162
f 163 165 166
f 163 166 164
f 165 167 168
f 165 168 166
f 167 169 170
f 167 170 168
f 169 171 172
f 169 172 170
f 171 173 174
f 171 174 172
f 173 175 176
f 173 176 174
f 175 177 178
f 175 178 176
f 177 179 180
f 177 180 178
f 179 181 182
f 179 182 180
f 181 183 184
f 181 184 182
f 183 185 186
f 183 186 184
f 185 187 188
f 185 188 186
f 187 189 190
f 187 190 188
f 189 191 192
f 189 192 190
f 191 193 194
f 191 194 192
f 193 195 196
f 193 196 194
f 195 197 198
f 195 198 196
f 197 199 200
f 197 200 198
f 199 201 202
f 199 202 200
f 201 203 204
f 201 204 202
f 203 205 206
f 203 206 204
f 205 207 208
f 205 208 206
f 207 209 210
f 207 210 208
f 209 211 212
f 209 212 210
f 211 213 214
f 211 214 212
f 213 215 216
f 213 216 214
f 215 217 218
f 215 218 216
f 217 219 220
f 217 220 218
f 219 221 222
f 219 222 220
f 221 223 224
f 221 224 222
f 223 225 226
f 223 226 224
f 225 227 228
f 225 228 226
f 227 229 230
f 227 230 228
f 229 231 232
f 229 232 230
f 231 233 234
f 231 234 232
f 233 235 236
f 233 236 234
f 235 237 238
f 235 238 236
f 237 239 240
f 237 240 238
f 239 241 242
f 239 242 240
f 241 243 244
f 241 244 242
f 243 245 246
f 243 246 244
f 245 247 248
f 245 248 246
f 247 249 250
f 247 250 248
f 249 251 252
f 249 252 250
f 251 253 254
f 251 254 252
f 253 255 256
f 253 256 254
f 255 257 258
f 255 258 256
f 257 259 260
f 257 260 258
f 259 261 262
f 259 262 260
f 261 263 264
f 261 264 262
f 263 265 266
f 263 266 264
f 265 267 268
f 265 268 266
f 267 269 270
f 267 270 268
f 269 271 272
f 269 272 270
f 271 273 274
f 271 274 272
f 273 275 276
f 273 276 274
f 275 277 278
f 275 278 276
f 277 279 280
f 277 280 278
f 279 281 282
f 279 282 280
f 281 283 284
f 281 284 282
f 283 285 286
f 283 286 284
f 285 287 288
f 285 288 286
f 287 289 290
f 287 290 288
f 289 291 292
f 289 292 290
f 291 293 294
f 291 294 292
f 293 295 296
f 293 296 294
f 295 297 298
f 295 298 296
f 297 299 300
f 297 300 298
f 299 301 302
f 299 302 300
f 301 303 304
f 301 304 302
f 303 305 306
f 303 306 304
f 305 307 308
f 305 308 306
f 307 309 310
f 307 310 308
f 309 311 312
f 309 312 310
f 311 313 314
f 311 314 312
f 313 315 316
f 313 316 314
f 315 317 318
f 315 318 316
f 317 319 320
f 317 320 318
f 319 321 322
f 319 322 320
f 321 323 324
f 321 324 322
f 323 325 326
f 323 326 324
f 325 327 328
f 325 328 326
f 327 329 330
f 327 330 328
f 329 331 332
f 329 332 330
f 331 333 334
f 331 334 332
f 333 335 336
f 333 336 334
f 335 337 338
f 335 338 336
f 337 339 340
f 337 340 338
f 339 341 342
f 339 342 340
f 341 343 344
f 341 344 342
f 343 345 346
f 343 346 344
f 345 347 348
f 345 348 346
f 347 349 350
f 347 350 348
f 349 351 352
f 349 352 350
f 351 353 354
f 351 354 352
f 353 355 356
f 353 356 354
f 355 357 358
f 355 358 356
f 357 359 360
f 357 360 358
f 359 361 362
f 359 362 360
f 361 363 364
f 361 364 362
f 363 365 366
f 363 366 364
f 365 367 368
f 365 368 366
f 367 369 370
f 367 370 368
f 369 371 372
f 369 372 370
f 371 373 374
f 371 374 372
f 373 375 376
f 373 376 374
f 375 377 378
f 375 378 376
f 377 379 380
f 377 380 378
f 379 381 382
f 379 382 380
f 381 383 384
f 381 384 382
f 383 385 386
f 383 386 384
f 385 387 388
f 385 388 386
f 387 389 390
f 387 390 388
f 389 391 392
f 389 392 390
f 391 393 394
f 391 394 392
f 393 395 396
f 393 396 394
f 395 397 398
f 395 398 396
f 397 399 400
f 397 400 398
f 399 401 402
f 399 402 400
f 401 403 404
f 401 404 402
f 403 405 406
f 403 406 404
f 405 407 408
f 405 408 406
f 407 409 410
f 407 410 408
f 409 411 412
f 409 412 410
f 411 413 414
f 411 414 412
f 413 415 416
f 413 416 414
f 415 417 418
f 415 418 416
f 417 419 420
f 417 420 418
f 419 421 422
f 419 422 420
f 421 423 424
f 421 424 422
f 423 425 426
f 423 426 424
f 425 427 428
f 425 428 426
f 427 429 430
f 427 430 428
f 429 431 432
f 429 432 430
f 431 433 434
f 431 434 432
f 433 435 436
f 433 436 434
f 435 437 438
f 435 438 436
f 437 439 440
f 437 440 438
f 439 441 442
f 439 442 440
f 441 443 444
f 441 444 442
f 443 445 446
f 443 446 444
f 445 447 448
f 445 448 446
f 447 449 450
f 447 450 448
f 449 451 452
f 449 452 450
f 451 453 454
f 451 454 452
f 453 455 456
f 453 456 454
f 455 457 458
f 455 458 456
f 457 459 460
f 457 460 458
f 459 461 462
f 459 462 460
f 461 463 464
f 461 464 462
f 463 465 466
f 463 466 464
f 465 467 468
f 465 468 466
f 467 469 470
f 467 470 468
f 469 471 472
f 469 472 470
f 471 473 474
f 471 474 472
f 473 475 476
f 473 476 474
f 475 477 478
f 475 478 476
f 477 479 480
f 477 480 478
f 479 481 482
f 479 482 480
f 481 483 484
f 481 484 482
f 483 485 486
f 483 486 484
f 485 487 488
f 485 488 486
f 487 489 490
f 487 490 488
f 489 491 492
f 489 492 490
f 491 493 494
f 491 494 492
f 493 495 496
f 493 496 494
f 495 497 498
f 495 498 496
f 497 499 500
f 497 500 498
f 499 501 502
f 499 502 500
f 501 503 504
f 501 504 502
f 503 505 506
f 503 506 504
f 505 507 508
f 505 508 506
f 507 509 510
f 507 510 508
f 509 511 512
f 509 512 510
f 511 513 514
f 511 514 512
f 513 515 516
f 513 516 514
f 515 517 518
f 515 518 516
f 517 519 520
f 517 520 518
f 519 521 522
f 519 522 520
f 521 523 524
f 521 524 522
f 523 525 526
f 523 526 524
f 525 527 528
f 525 528 526
f 527 529 530
f 527 530 528
f 529 531 532
f 529 532 530
f 531 533 534
f 531 534 532
f 533 535 536
f 533 536 534
f 535 537 538
f 535 538 536
f 537 539 540
f 537 540 538
f 539 541 542
f 539 542 540
f 541 543 544
f 541 544 542
f 543 545 546
f 543 546 544
f 545 547 548
f 545 548 546
f 547 549 550
f 547 550 548
f 549 551 552
f 549 552 550
f 551 553 554
f 551 554 552
f 553 555 556
f 553 556 554
f 555 557 558
f 555 558 556
f 557 559 560
f 557 560 558
f 559 561 562
f 559 562 560
f 561 563 564
f 561 564 562
f 563 565 566
f 563 566 564
f 565 567 568
f 565 568 566
f 567 569 570
f 567 570 568
f 569 571 572
f 569 572 570
f 571 573 574
f 571 574 572
f 573 575 576
f 573 576 574
f 575 577 578
f 575 578 576
f 577 579 580
f 577 580 578
f 579 581 582
f 579 582 580
f 581 583 584
f 581 584 582
f 583 585 586
f 583 586 584
f 585 587 588
f 585 588 586
f 587 589 590
f 587 590 588
f 589 591 592
f 589 592 590
f 591 593 594
f 591 594 592
f 593 595 596
f 593 596 594
f 595 597 598
f 595 598 596
f 597 599 600
f 597 600 598
f 599 601 602
f 599 602 600
f 601 603 604
f 601 604 602
f 603 605 606
f 603 606 604
f 605 607 608
f 605 608 606
f 607 609 610
f 607 610 608
f 609 611 612
f 609 612 610
f 611 613 614
f 611 614 612
f 613 615 616
f 613 616 614
f 615 617 618
f 615 618 616
f 617 619 620
f 617 620 618
f 619 621 622
f 619 622 620
f 621 623 624
f 621 624 622
f 623 625 626
f 623 626 624
f 625 627 628
f 625 628 626
f 627 629 630
f 627 630 628
f 629 631 632
f 629 632 630
f 631 633 634
f 631 634 632
f 633 635 636
f 633 636 634
f 635 637 638
f 635 638 636
f 637 639 640
f 637 640 638
f 639 641 642
f 639 642 640
f 641 643 644
f 641 644 642
f 643 645 646
f 643 646 644
f 645 647 648
f 645 648 646
f 647 649 650
f 647 650 648
f 649 651 652
f 649 652 650
f 651 653 654
f 651 654 652
f 653 655 656
f 653 656 654
f 655 657 658
f 655 658 656
f 657 659 660
f 657 660 658
f 659 661 662
f 659 662 660
f 661 663 664
f 661 664 662
f 663 665 666
f 663 666 664
f 665 667 668
f 665 668 666
f 667 669 670
f 667 670 668
f 669 671 672
f 669 672 670
f 671 673 674
f 671 674 672
f 673 675 676
f 673 676 674
f 675 677 678
f 675 678 676
f 677 679 680
f 677 680 678
f 679 681 682
f 679 682 680
f 681 683 684
f 681 684 682
f 683 685 686
f 683 686 684
f 685 687 688
f 685 688 686
f 687 689 690
f 687 690 688
f 689 691 692
f 689 692 690
f 691 693 694
f 691 694 692
f 693 695 696
f 693 696 694
f 695 697 698
f 695 698 696
f 697 699 700
f 697 700 698
f 699 701 702
f 699 702 700
f 701 703 704
f 701 704 702
f 703 705 706
f 703 706 704
f 705 707 708
f 705 708 706
f 707 709 710
f 707 710 708
f 709 711 712
f 709 712 710
f 711 713 714
f 711 714 712
f 713 715 716
f 713 716 714
f 715 717 718
f 715 718 716
f 717 719 720
f 717 720 718
f 719 721 722
f 719 722 720
f 721 723 724
f 721 724 722
f 723 725 726
f 723 726 724
f 725 727 728
f 725 728 726
f 727 729 730
f 727 730 728
f 729 731 732
f 729 732 730
f 731 733 734
f 731 734 732
f 733 735 736
f 733 736 734
f 735 737 738
f 735 738 736
f 737 739 740
f 737 740 738
f 739 741 742
f 739 742 740
f 741 743 744
f 741 744 742
f 743 745 746
f 743 746 744
f 745 747 748
f 745 748 746
f 747 749 750
f 747 750 748
f 749 751 752
f 749 752 750
f 751 753 754
f 751 754 752
f 753 755 756
f 753 756 754
f 755 757 758
f 755 758 756
f 757 759 760
f 757 760 758
f 759 761 762
f 759 762 760
f 761 763 764
f 761 764 762
f 763 765 766
f 763 766 764
f 765 767 768
f 765 768 766
f 767 769 770
f 767 770 768
f 769 771 772
f 769 772 770
f 771 773 774
f 771 774 772
f 773 775 776
f 773 776 774
f 775 777 778
f 775 778 776
f 777 779 780
f 777 780 778
f 779 781 782
f 779 782 780
f 781 783 784
f 781 784 782
f 783 785 786
f 783 786 784
f 785 787 788
f 785 788 786
f 787 789 790
f 787 790 788
f 789 791 792
f 789 792 790
f 791 793 794
f 791 794 792
f 793 795 796
f 793 796 794
f 795 797 798
f 795 798 796
f 797 799 800
f 797 800 798
f 799 801 802
f 799 802 800
f 801 803 804
f 801 804 802
f 803 805 806
f 803 806 804
f 805 807 808
f 805 808 806
f 807 809 810
f 807 810 808
f 809 811 812
f 809 812 810
f 811 813 814
f 811 814 812
f 813 815 816
f 813 816 814
f 815 817 818
f 815 818 816
f 817 819 820
f 817 820 818
f 819 821 822
f 819 822 820
f 821 823 824
f 821 824 822
f 823 825 826
f 823 826 824
f 825 827 828
f 825 828 826
f 827 829 830
f 827 830 828
f 829 831 832
f 829 832 830
f 831 833 834
f 831 834 832
f 833 835 836
f 833 836 834
f 835 837 838
f 835 838 836
f 837 839 840
f 837 840 838
f 839 841 842
f 839 842 840
f 841 843 844
f 841 844 842
f 843 845 846
f 843 846 844
f 845 847 848
f 845 848 846
f 847 849 850
f 847 850 848
f 849 851 852
f 849 852 850
f 851 853 854
f 851 854 852
f 853 855 856
f 853 856 854
f 855 857 858
f 855 858 856
f 857 859 860
f 857 860 858
f 859 861 862
f 859 862 860
f 861 863 864
f 861 864 862
f 863 865 866
f 863 866 864
f 865 867 868
f 865 868 866
f 867 869 870
f 867 870 868
f 869 871 872
f 869 872 870
f 871 873 874
f 871 874 872
f 873 875 876
f 873 876 874
f 875 877 878
f 875 878 876
f 877 879 880
f 877 880 878
f 879 881 882
f 879 882 880
f 881 883 884
f 881 884 882
f 883 885 886
f 883 886 884
f 885 887 888
f 885 888 886
f 887 889 890
f 887 890 888
f 889 891 892
f 889 892 890
f 891 893 894
f 891 894 892
f 893 895 896
f 893 896 894
f 895 897 898
f 895 898 896
f 897 899 900
f 897 900 898
f 899 901 902
f 899 902 900
f 901 903 904
f 901 904 902
f 903 905 906
f 903 906 904
f 905 907 908
f 905 908 906
f 907 909 910
f 907 910 908
f 909 911 912
f 909 912 910
f 911 913 914
f 911 914 912
f 913 915 916
f 913 916 914
f 915 917 918
f 915 918 916
f 917 919 920
f 917 920 918
f 919 921 922
f 919 922 920
f 921 923 924
f 921 924 922
f 923 925 926
f 923 926 924
f 925 927 928
f 925 928 926
f 927 929 930
f 927 930 928
f 929 931 932
f 929 932 930
f 931 933 934
f 931 934 932
f 933 935 936
f 933 936 934
f 935 937 938
f 935 938 936
f 937 939 940
f 937 940 938
f 939 941 942
f 939 942 940
f 941 943 944
f 941 944 942
f 943 945 946
f 943 946 944
f 945 947 948
f 945 948 946
f 947 949 950
f 947 950 948
f 949 951 952
f 949 952 950
f 951 953 954
f 951 954 952
f 953 955 956
f 953 956 954
f 955 957 958
f 955 958 956
f 957 959 960
f 957 960 958
f 959 961 962
f 959 962 960
f 961 963 964
f 961 964 962
f 963 965 966
f 963 966 964
f 965 967 968
f 965 968 966
f 967 969 970
f 967 970 968
f 969 971 972
f 969 972 970
f 971 973 974
f 971 974 972
f 973 975 976
f 973 976 974
f 975 977 978
f 975 978 976
f 977 979 980
f 977 980 978
f 979 981 982
f 979 982 980
f 981 983 984
f 981 984 982
f 983 985 986
f 983 986 984
f 985 987 988
f 985 988 986
f 987 989 990
f 987 990 988
f 989 991 992
f 989 992 990
f 991 993 994
f 991 994 992
f 993 995 996
f 993 996 994
f 995 997 998
f 995 998 996
f 997 999 1000
f 997 1000 998
f 999 1001 1002
f 999 1002 1000
f 1001 1003 1004
f 1001 1004 1002
f 1003 1005 1006
f 1003 1006 1004
f 1005 1007 1008
f 1005 1008 1006
f 1007 1009 1010
f 1007 1010 1008
f 1009 1011 1012
f 1009 1012 1010
f 1011 1013 1014
f 1011 1014 1012
f 1013 1015 1016
f 1013 1016 1014
f 1015 1017 1018
f 1015 1018 1016
f 1017 1019 1020
f 1017 1020 1018
f 1019 1021 1022
f 1019 1022 1020
f 1021 1023 1024
f 1021 1024 1022
f 1023 1025 1026
f 1023 1026 1024
f 1025 1027 1028
f 1025 1028 1026
f 1027 1029 1030
f 1027 1030 1028
f 1029 1031 1032
f 1029 1032 1030
f 1031 1033 1034
f 1031 1034 1032
f 1033 1035 1036
f 1033 1036 1034
f 1035 1037 1038
f 1035 1038 1036
f 1037 1039 1040
f 1037 1040 1038
f 1039 1041 1042
f 1039 1042 1040
f 1041 1043 1044
f 1041 1044 1042
f 1043 1045 1046
f 1043 1046 1044
f 1045 1047 1048
f 1045 1048 1046
f 1047 1049 1050
f 1047 1050 1048
f 1049 1051 1052
f 1049 1052 1050
f 1051 1053 1054
f 1051 1054 1052
f 1053 1055 1056
f 1053 1056 1054
f 1055 1057 1058
f 1055 1058 1056
f 1057 1059 1060
f 1057 1060 1058
f 1059 1061 1062
f 1059 1062 1060
f 1061 1063 1064
f 1061 1064 1062
f 1063 1065 1066
f 1063 1066 1064
f 1065 1067 1068
f 1065 1068 1066
f 1067 1069 1070
f 1067 1070 1068
f 1069 1071 1072
f 1069 1072 1070
f 1071 1073 1074
f 1071 1074 1072
f 1073 1075 1076
f 1073 1076 1074
f 1075 1077 1078
f 1075 1078 1076
f 1077 1079 1080
f 1077 1080 1078
f 1079 1081 1082
f 1079 1082 1080
f 1081 1083 1084
f 1081 1084 1082
f 1083 1085 1086
f 1083 1086 1084
f 1085 1087 1088
f 1085 1088 1086
f 1087 1089 1090
f 1087 1090 1088
f 1089 1091 1092
f 1089 1092 1090
f 1091 1093 1094
f 1091 1094 1092
f 1093 1095 1096
f 1093 1096 1094
f 1095 1097 1098
f 1095 1098 1096
f 1097 1099 1100
f 1097 1100 1098
f 1099 1101 1102
f 1099 1102 1100
f 1101 1103 1104
f 1101 1104 1102
f 1103 1105 1106
f 1103 1106 1104
f 1105 1107 1108
f 1105 1108 1106
f 1107 1109 1110
f 1107 1110 1108
f 1109 1111 1112
f 1109 1112 1110
f 1111 1113 1114
f 1111 1114 1112
f 1113 1115 1116
f 1113 1116 1114
f 1115 1117 1118
f 1115 1118 1116
f 1117 1119 1120
f 1117 1120 1118
f 1119 1121 1122
f 1119 1122 1120
f 1121 1123 1124
f 1121 1124 1122
f 1123 1125 1126
f 1123 1126 1124
f 1125 1127 1128
f 1125 1128 1126
f 1127 1129 1130
f 1127 1130 1128
f 1129 1131 1132
f 1129 1132 1130
f 1131 1133 1134
f 1131 1134 1132
f 1133 1135 1136
f 1133 1136 1134
f 1135 1137 1138
f 1135 1138 1136
f 1137 1139 1140
f 1137 1140 1138
f 1139 1141 1142
f 1139 1142 1140
f 1141 1143 1144
f 1141 1144 1142
f 1143 1145 1146
f 1143 1146 1144
f 1145 1147 1148
f 1145 1148 1146
f 1147 1149 1150
f 1147 1150 1148
f 1149 1151 1152
f 1149 1152 1150
f 1151 1153 1154
f 1151 1154 1152
f 1153 1155 1156
f 1153 1156 1154
f 1155 1157 1158
f 1155 1158 1156
f 1157 1159 1160
f 1157 1160 1158
f 1159 1161 1162
f 1159 1162 1160
f 1161 1163 1164
f 1161 1164 1162
f 1163 1165 1166
f 1163 1166 1164
f 1165 1167 1168
f 1165 1168 1166
f 1167 1169 1170
f 1167 1170 1168
f 1169 1171 1172
f 1169 1172 1170
f 1171 1173 1174
f 1171 1174 1172
f 1173 1175 1176
f 1173 1176 1174
f 1175 1177 1178
f 1175 1178 1176
f 1177 1179 1180
f 1177 1180 1178
f 1179 1181 1182
f 1179 1182 1180
f 1181 1183 1184
f 1181 1184 1182
f 1183 1185 1186
f 1183 1186 1184
f 1185 1187 1188
f 1185 1188 1186
f 1187 1189 1190
f 1187 1190 1188
f 1189 1191 1192
f 1189 1192 1190
f 1191 1193 1194
f 1191 1194 1192
f 1193 1195 1196
f 1193 1196 1194
f 1195 1197 1198
f 1195 1198 1196
f 1197 1199 1200
f 1197 1200 1198
f 1199 1201 1202
f 1199 1202 1200
f 1201 1203 1204
f 1201 1204 1202
f 1203 1205 1206
f 1203 1206 1204
f 1205 1207 1208
f 1205 1208 1206
f 1207 1209 1210
f 1207 1210 1208
f 1209 1211 1212
f 1209 1212 1210
f 1211 1213 1214
f 1211 1214 1212
f 1213 1215 1216
f 1213 1216 1214
f 1215 1217 1218
f 1215 1218 1216
f 1217 1219 1220
f 1217 1220 1218
f 1219 1221 1222
f 1219 1222 1220
f 1221 1223 1224
f 1221 1224 1222
f 1223 1225 1226
f 1223 1226 1224
f 1225 1227 1228
f 1225 1228 1226
f 1227 1229 1230
f 1227 1230 1228
f 1229 1231 1232
f 1229 1232 1230
f 1231 1233 1234
f 1231 1234 1232
f 1233 1235 1236
f 1233 1236 1234
f 1235 1237 1238
f 1235 1238 1236
f 1237 1239 1240
f 1237 1240 1238
f 1239 1241 1242
f 1239 1242 1240
f 1241 1243 1244
f 1241 1244 1242
f 1243 1245 1246
f 1243 1246 1244
f 1245 1247 1248
f 1245 1248 1246
f 1247 1249 1250
f 1247 1250 1248
f 1249 1251 1252
f 1249 1252 1250
f 1251 1253 1254
f 1251 1254 1252
f 1253 1255 1256
f 1253 1256 1254
f 1255 1257 1258
f 1255 1258 1256
f 1257 1259 1260
f 1257 1260 1258
f 1259 1261 1262
f 1259 1262 1260
f 1261 1263 1264
f 1261 1264 1262
f 1263 1265 1266
f 1263 1266 1264
f 1265 1267 1268
f 1265 1268 1266
f 1267 1269 1270
f 1267 1270 1268
f 1269 1271 1272
f 1269 1272 1270
f 1271 1273 1274
f 1271 1274 1272
f 1273 1275 1276
f 1273 1276 1274
f 1275 1277 1278
f 1275 1278 1276
f 1277 1279 1280
f 1277 1280 1278
f 1279 1281 1282
f 1279 1282 1280
f 1281 1283 1284
f 1281 1284 1282
f 1283 1285 1286
f 1283 1286 1284
f 1285 1287 1288
f 1285 1288 1286
f 1287 1289 1290
f 1287 1290 1288
f 1289 1291 1292
f 1289 1292 1290
f 1291 1293 1294
f 1291 1294 1292
f 1293 1295 1296
f 1293 1296 1294
f 1295 1297 1298
f 1295 1298 1296
f 1297 1299 1300
f 1297 1300 1298
f 1299 1301 1302
f 1299 1302 1300
f 1301 1303 1304
f 1301 1304 1302
f 1303 1305 1306
f 1303 1306 1304
f 1305 1307 1308
f 1305 1308 1306
f 1307 1309 1310
f 1307 1310 1308
f 1309 1311 1312
f 1309 1312 1310
f 1311 1313 1314
f 1311 1314 1312
f 1313 1315 1316
f 1313 1316 1314
f 1315 1317 1318
f 1315 1318 1316
f 1317 1319 1320
f 1317 1320 1318
f 1319 1321 1322
f 1319 1322 1320
f 1321 1323 1324
f 1321 1324 1322
f 1323 1325 1326
f 1323 1326 1324
f 1325 1327 1328
f 1325 1328 1326
f 1327 1329 1330
f 1327 1330 1328
f 1329 1331 1332
f 1329 1332 1330
f 1331 1333 1334
f 1331 1334 1332
f 1333 1335 1336
f 1333 1336 1334
f 1335 1337 1338
f 1335 1338 1336
f 1337 1339 1340
f 1337 1340 1338
f 1339 1341 1342
f 1339 1342 1340
f 1341 1343 1344
f 1341 1344 1342
f 1343 1345 1346
f 1343 1346 1344
f 1345 1347 1348
f 1345 1348 1346
f 1347 1349 1350
f 1347 1350 1348
f 1349 1351 1352
f 1349 1352 1350
f 1351 1353 1354
f 1351 1354 1352
f 1353 1355 1356
f 1353 1356 1354
f 1355 1357 1358
f 1355 1358 1356
f 1357 1359 1360
f 1357 1360 1358
f 1359 1361 1362
f 1359 1362 1360
f 1361 1363 1364
f 1361 1364 1362
f 1363 1365 1366
f 1363 1366 1364
f 1365 1367 1368
f 1365 1368 1366
f 1367 1369 1370
f 1367 1370 1368
f 1369 1371 1372
f 1369 1372 1370
f 1371 1373 1374
f 1371 1374 1372
f 1373 1375 1376
f 1373 1376 1374
f 1375 1377 1378
f 1375 1378 1376
f 1377 1379 1380
f 1377 1380 1378
f 1379 1381 1382
f 1379 1382 1380
f 1381 1383 1384
f 1381 1384 1382
f 1383 1385 1386
f 1383 1386 1384
f 1385 1387 1388
f 1385 1388 1386
f 1387 1389 1390
f 1387 1390 1388
f 1389 1391 1392
f 1389 1392 1390
f 1391 1393 1394
f 1391 1394 1392
f 1393 1395 1396
f 1393 1396 1394
f 1395 1397 1398
f 1395 1398 1396
f 1397 1399 1400
f 1397 1400 1398
f 1399 1401 1402
f 1399 1402 1400
f 1401 1403 1404
f 1401 1404 1402
f 1403 1405 1406
f 1403 1406 1404
f 1405 1407 1408
f 1405 1408 1406
f 1407 1409 1410
f 1407 1410 1408
f 1409 1411 1412
f 1409 1412 1410
f 1411 1413 1414
f 1411 1414 1412
f 1413 1415 1416
f 1413 1416 1414
f 1415 1417 1418
f 1415 1418 1416
f 1417 1419 1420
f 1417 1420 1418
f 1419 1421 1422
f 1419 1422 1420
f 1421 1423 1424
f 1421 1424 1422
f 1423 1425 1426
f 1423 1426 1424
f 1425 1427 1428
f 1425 1428 1426
f 1427 1429 1430
f 1427 1430 1428
f 1429 1431 1432
f 1429 1432 1430
f 1431 1433 1434
f 1431 1434 1432
f 1433 1435 1436
f 1433 1436 1434
f 1435 1437 1438
f 1435 1438 1436
f 1437 1439 1440
f 1437 1440 1438
f 1439 1441 1442
f 1439 1442 1440
f 1441 1443 1444
f 1441 1444 1442
f 1443 1445 1446
f 1443 1446 1444
f 1445 1447 1448
f 1445 1448 1446
f 1447 1449 1450
f 1447 1450 1448
f 1449 1451 1452
f 1449 1452 1450
f 1451 1453 1454
f 1451 1454 1452
f 1453 1455 1456
f 1453 1456 1454
f 1455 1457 1458
f 1455 1458 1456
f 1457 1459 1460
f 1457 1460 1458
f 1459 1461 1462
f 1459 1462 1460
f 1461 1463 1464
f 1461 1464 1462
f 1463 1465 1466
f 1463 1466 1464
f 1465 1467 1468
f 1465 1468 1466
f 1467 1469 1470
f 1467 1470 1468
f 1469 1471 1472
f 1469 1472 1470
f 1471 1473 1474
f 1471 1474 1472
f 1473 1475 1476
f 1473 1476 1474
f 1475 1477 1478
f 1475 1478 1476
f 1477 1479 1480
f 1477 1480 1478
f 1479 1481 1482
f 1479 1482 1480
f 1481 1483 1484
f 1481 1484 1482
f 1483 1485 1486
f 1483 1486 1484
f 1485 1487 1488
f 1485 1488 1486
f 1487 1489 1490
f 1487 1490 1488
f 1489 1491 1492
f 1489 1492 1490
f 1491 1493 1494
f 1491 1494 1492
f 1493 1495 1496
f 1493 1496 1494
f 1495 1497 1498
f 1495 1498 1496
f 1497 1499 1500
f 1497 1500 1498
f 1499 1501 1502
f 1499 1502 1500
f 1501 1503 1504
f 1501 1504 1502
f 1503 1505 1506
f 1503 1506 1504
f 1505 1507 1508
f 1505 1508 1506
f 1507 1509 1510
f 1507 1510 1508
f 1509 1511 1512
f 1509 1512 1510
f 1511 1513 1514
f 1511 1514 1512
f 1513 1515 1516
f 1513 1516 1514
f 1515 1517 1518
f 1515 1518 1516
f 1517 1519 1520
f 1517 1520 1518
f 1519 1521 1522
f 1519 1522 1520
f 1521 1523 1524
f 1521 1524 1522
f 1523 1525 1526
f 1523 1526 1524
f 1525 1527 1528
f 1525 1528 1526
f 1527 1529 1530
f 1527 1530 1528
f 1529 1531 1532
f 1529 1532 1530
f 1531 1533 1534
f 1531 1534 1532
f 1533 1535 1536
f 1533 1536 1534
f 1535 1537 1538
f 1535 1538 1536
f 1537 1539 1540
f 1537 1540 1538
f 1539 1541 1542
f 1539 1542 1540
f 1541 1543 1544
f 1541 1544 1542
f 1543 1545 1546
f 1543 1546 1544
f 1545 1547 1548
f 1545 1548 1546
f 1547 1549 1550
f 1547 1550 1548
f 1549 1551 1552
f 1549 1552 1550
f 1551 1553 1554
f 1551 1554 1552
f 1553 1555 1556
f 1553 1556 1554
f 1555 1557 1558
f 1555 1558 1556
f 1557 1559 1560
f 1557 1560 1558
f 1559 1561 1562
f 1559 1562 1560
f 1561 1563 1564
f 1561 1564 1562
f 1563 1565 1566
f 1563 1566 1564
f 1565 1567 1568
f 1565 1568 1566
f 1567 1569 1570
f 1567 1570 1568
f 1569 1571 1572
f 1569 1572 1570
f 1571 1573 1574
f 1571 1574 1572
f 1573 1575 1576
f 1573 1576 1574
f 1575 1577 1578
f 1575 1578 1576
f 1577 1579 1580
f 1577 1580 1578
f 1579 1581 1582
f 1579 1582 1580
f 1581 1583 1584
f 1581 1584 1582
f 1583 1585 1586
f 1583 1586 1584
f 1585 1587 1588
f 1585 1588 1586
f 1587 1589 1590
f 1587 1590 1588
f 1589 1591 1592
f 1589 1592 1590
f 1591 1593 1594
f 1591 1594 1592
f 1593 1595 1596
f 1593 1596 1594
f 1595 1597 1598
f 1595 1598 1596
f 1597 1599 1600
f 1597 1600 1598
f 1599 1601 1602
f 1599 1602 1600
f 1601 1603 1604
f 1601 1604 1602
f 1603 1605 1606
f 1603 1606 1604
f 1605 1607 1608
f 1605 1608 1606
f 1607 1609 1610
f 1607 1610 1608
f 1609 1611 1612
f 1609 1612 1610
f 1611 1613 1614
f 1611 1614 1612
f 1613 1615 1616
f 1613 1616 1614
f 1615 1617 1618
f 1615 1618 1616
f 1617 1619 1620
f 1617 1620 1618
f 1619 1621 1622
f 1619 1622 1620
f 1621 1623 1624
f 1621 1624 1622
f 1623 1625 1626
f 1623 1626 1624
f 1625 1627 1628
f 1625 1628 1626
f 1627 1629 1630
f 1627 1630 1628
f 1629 1631 1632
f 1629 1632 1630
f 1631 1633 1634
f 1631 1634 1632
f 1633 1635 1636
f 1633 1636 1634
f 1635 1637 1638
f 1635 1638 1636
f 1637 1639 1640
f 1637 1640 1638
f 1639 1641 1642
f 1639 1642 1640
f 1641 1643 1644
f 1641 1644 1642
f 1643 1645 1646
f 1643 1646 1644
f 1645 1647 1648
f 1645 1648 1646
f 1647 1649 1650
f 1647 1650 1648
f 1649 1651 1652
f 1649 1652 1650
f 1651 1653 1654
f 1651 1654 1652
f 1653 1655 1656
f 1653 1656 1654
f 1655 1657 1658
f 1655 1658 1656
f 1657 1659 1660
f 1657 1660 1658
f 1659 1661 1662
f 1659 1662 1660
f 1661 1663 1664
f 1661 1664 1662
f 1663 1665 1666
f 1663 1666 1664
f 1665 1667 1668
f 1665 1668 1666
f 1667 1669 1670
f 1667 1670 1668
f 1669 1671 1672
f 1669 1672 1670
f 1671 1673 1674
f 1671 1674 1672
f 1673 1675 1676
f 1673 1676 1674
f 1675 1677 1678
f 1675 1678 1676
f 1677 1679 1680
f 1677 1680 1678
f 1679 1681 1682
f 1679 1682 1680
f 1681 1683 1684
f 1681 1684 1682
f 1683 1685 1686
f 1683 1686 1684
f 1685 1687 1688
f 1685 1688 1686
f 1687 1689 1690
f 1687 1690 1688
f 1689 1691 1692
f 1689 1692 1690
f 1691 1693 1694
f 1691 1694 1692
f 1693 1695 1696
f 1693 1696 1694
f 1695 1697 1698
f 1695 1698 1696
f 1697 1699 1700
f 1697 1700 1698
f 1699 1701 1702
f 1699 1702 1700
f 1701 1703 1704
f 1701 1704 1702
f 1703 1705 1706
f 1703 1706 1704
f 1705 1707 1708
f 1705 1708 1706
f 1707 1709 1710
f 1707 1710 1708
f 1709 1711 1712
f 1709 1712 1710
f 1711 1713 1714
f 1711 1714 1712
f 1713 1715 1716
f 1713 1716 1714
f 1715 1717 1718
f 1715 1718 1716
f 1717 1719 1720
f 1717 1720 1718
f 1719 1721 1722
f 1719 1722 1720
f 1721 1723 1724
f 1721 1724 1722
f 1723 1725 1726
f 1723 1726 1724
f 1725 1727 1728
f 1725 1728 1726
f 1727 1729 1730
f 1727 1730 1728
f 1729 1731 1732
f 1729 1732 1730
f 1731 1733 1734
f 1731 1734 1732
f 1733 1735 1736
f 1733 1736 1734
f 1735 1737 1738
f 1735 1738 1736
f 1737 1739 1740
f 1737 1740 1738
f 1739 1741 1742
f 1739 1742 1740
f 1741 1743 1744
f 1741 1744 1742
f 1743 1745 1746
f 1743 1746 1744
f 1745 1747 1748
f 1745 1748 1746
f 1747 1749 1750
f 1747 1750 1748
f 1749 1751 1752
f 1749 1752 1750
f 1751 1753 1754
f 1751 1754 1752
f 1753 1755 1756
f 1753 1756 1754
f 1755 1757 1758
f 1755 1758 1756
f 1757 1759 1760
f 1757 1760 1758
f 1759 1761 1762
f 1759 1762 1760
f 1761 1763 1764
f 1761 1764 1762
f 1763 1765 1766
f 1763 1766 1764
f 1765 1767 1768
f 1765 1768 1766
f 1767 1769 1770
f 1767 1770 1768
f 1769 1771 1772
f 1769 1772 1770
f 1771 1773 1774
f 1771 1774 1772
f 1773 1775 1776
f 1773 1776 1774
f 1775 1777 1778
f 1775 1778 1776
f 1777 1779 1780
f 1777 1780 1778
f 1779 1781 1782
f 1779 1782 1780
f 1781 1783 1784
f 1781 1784 1782
f 1783 1785 1786
f 1783 1786 1784
f 1785 1787 1788
f 1785 1788 1786
f 1787 1789 1790
f 1787 1790 1788
f 1789 1791 1792
f 1789 1792 1790
f 1791 1793 1794
f 1791 1794 1792
f 1793 1795 1796
f 1793 1796 1794
f 1795 1797 1798
f 1795 1798 1796
f 1797 1799 1800
f 1797 1800 1798
f 1799 1801 1802
f 1799 1802 1800
f 1801 1803 1804
f 1801 1804 1802
f 1803 1805 1806
f 1803 1806 1804
f 1805 1807 1808
f 1805 1808 1806
f 1807 1809 1810
f 1807 1810 1808
f 1809 1811 1812
f 1809 1812 1810
f 1811 1813 1814
f 1811 1814 1812
f 1813 1815 1816
f 1813 1816 1814
f 1815 1817 1818
f 1815 1818 1816
f 1817 1819 1820
f 1817 1820 1818
f 1819 1821 1822
f 1819 1822 1820
f 1821 1823 1824
f 1821 1824 1822
f 1823 1825 1826
f 1823 1826 1824
f 1825 1827 1828
f 1825 1828 1826
f 1827 1829 1830
f 1827 1830 1828
f 1829 1831 1832
f 1829 1832 1830
f 1831 1833 1834
f 1831 1834 1832
f 1833 1835 1836
f 1833 1836 1834
f 1835 1837 1838
f 1835 1838 1836
f 1837 1839 1840
f 1837 1840 1838
f 1839 1841 1842
f 1839 1842 1840
f 1841 1843 1844
f 1841 1844 1842
f 1843 1845 1846
f 1843 1846 1844
f 1845 1847 1848
f 1845 1848 1846
f 1847 1849 1850
f 1847 1850 1848
f 1849 1851 1852
f 1849 1852 1850
f 1851 1853 1854
f 1851 1854 1852
f 1853 1855 1856
f 1853 1856 1854
f 1855 1857 1858
f 1855 1858 1856
f 1857 1859 1860
f 1857 1860 1858
f 1859 1861 1862
f 1859 1862 1860
f 1861 1863 1864
f 1861 1864 1862
f 1863 1865 1866
f 1863 1866 1864
f 1865 1867 1868
f 1865 1868 1866
f 1867 1869 1870
f 1867 1870 1868
f 1869 1871 1872
f 1869 1872 1870
f 1871 1873 1874
f 1871 1874 1872
f 1873 1875 1876
f 1873 1876 1874
f 1875 1877 1878
f 1875 1878 1876
f 1877 1879 1880
f 1877 1880 1878
f 1879 1881 1882
f 1879 1882 1880
f 1881 1883 1884
f 1881 1884 1882
f 1883 1885 1886
f 1883 1886 1884
f 1885 1887 1888
f 1885 1888 1886
f 1887 1889 1890
f 1887 1890 1888
f 1889 1891 1892
f 1889 1892 1890
f 1891 1893 1894
f 1891 1894 1892
f 1893 1895 1896
f 1893 1896 1894
f 1895 1897 1898
f 1895 1898 1896
f 1897 1899 1900
f 1897 1900 1898
f 1899 1901 1902
f 1899 1902 1900
f 1901 1903 1904
f 1901 1904 1902
f 1903 1905 1906
f 1903 1906 1904
f 1905 1907 1908
f 1905 1908 1906
f 1907 1909 1910
f 1907 1910 1908
f 1909 1911 1912
f 1909 1912 1910
f 1911 1913 1914
f 1911 1914 1912
f 1913 1915 1916
f 1913 1916 1914
f 1915 1917 1918
f 1915 1918 1916
f 1917 1919 1920
f 1917 1920 1918
f 1919 1921 1922
f 1919 1922 1920
f 1921 1923 1924
f 1921 1924 1922
f 1923 1925 1926
f 1923 1926 1924
f 1925 1927 1928
f 1925 1928 1926
f 1927 1929 1930
f 1927 1930 1928
f 1929 1931 1932
f 1929 1932 1930
f 1931 1933 1934
f 1931 1934 1932
f 1933 1935 1936
f 1933 1936 1934
f 1935 1937 1938
f 1935 1938 1936
f 1937 1939 1940
f 1937 1940 1938
f 1939 1941 1942
f 1939 1942 1940
f 1941 1943 1944
f 1941 1944 1942
f 1943 1945 1946
f 1943 1946 1944
f 1945 1947 1948
f 1945 1948 1946
f 1947 1949 1950
f 1947 1950 1948
f 1949 1951 1952
f 1949 1952 1950
f 1951 1953 1954
f 1951 1954 1952
f 1953 1955 1956
f 1953 1956 1954
f 1955 1957 1958
f 1955 1958 1956
f 1957 1959 1960
f 1957 1960 1958
f 1959 1961 1962
f 1959 1962 1960
f 1961 1963 1964
f 1961 1964 1962
f 1963 1965 1966
f 1963 1966 1964
f 1965 1967 1968
f 1965 1968 1966
f 1967 1969 1970
f 1967 1970 1968
f 1969 1971 1972
f 1969 1972 1970
f 1971 1973 1974
f 1971 1974 1972
f 1973 1975 1976
f 1973 1976 1974
f 1975 1977 1978
f 1975 1978 1976
f 1977 1979 1980
f 1977 1980 1978
f 1979 1981 1982
f 1979 1982 1980
f 1981 1983 1984
f 1981 1984 1982
f 1983 1985 1986
f 1983 1986 1984
f 1985 1987 1988
f 1985 1988 1986
f 1987 1989 1990
f 1987 1990 1988
f 1989 1991 1992
f 1989 1992 1990
f 1991 1993 1994
f 1991 1994 1992
f 1993 1995 1996
f 1993 1996 1994
f 1995 1997 1998
f 1995 1998 1996
f 1997 1999 2000
f 1997 2000 1998
f 1999 2001 2002
f 1999 2002 2000
f 2001 2003 2004
f 2001 2004 2002
f 2003 2005 2006
f 2003 2006 2004
f 2005 2007 2008
f 2005 2008 2006
f 2007 2009 2010
f 2007 2010 2008
f 2009 2011 2012
f 2009 2012 2010
f 2011 2013 2014
f 2011 2014 2012
f 2013 2015 2016
f 2013 2016 2014
f 2015 2017 2018
f 2015 2018 2016
f 2017 2019 2020
f 2017 2020 2018
f 2019 2021 2022
f 2019 2022 2020
f 2021 2023 2024
f 2021 2024 2022
f 2023 2025 2026
f 2023 2026 2024
f 2025 2027 2028
f 2025 2028 2026
f 2027 2029 2030
f 2027 2030 2028
f 2029 2031 2032
f 2029 2032 2030
f 2031 2033 2034
f 2031 2034 2032
f 2033 2035 2036
f 2033 2036 2034
f 2035 2037 2038
f 2035 2038 2036
f 2037 2039 2040
f 2037 2040 2038
f 2039 2041 2042
f 2039 2042 2040
f 2041 2043 2044
f 2041 2044 2042
f 2043 2045 2046
f 2043 2046 2044
f 2045 2047 2048
f 2045 2048 2046
f 2047 2049 2050
f 2047 2050 2048
f 2049 2051 2052
f 2049 2052 2050
f 2051 2053 2054
f 2051 2054 2052
f 2053 2055 2056
f 2053 2056 2054
f 2055 2057 2058
f 2055 2058 2056
f 2057 2059 2060
f 2057 2060 2058
f 2059 2061 2062
f 2059 2062 2060
f 2061 2063 2064
f 2061 2064 2062
f 2063 2065 2066
f 2063 2066 2064
f 2065 2067 2068
f 2065 2068 2066
f 2067 2069 2070
f 2067 2070 2068
f 2069 2071 2072
f 2069 2072 2070
f 2071 2073 2074
f 2071 2074 2072
f 2073 2075 2076
f 2073 2076 2074
f 2075 2077 2078
f 2075 2078 2076
f 2077 2079 2080
f 2077 2080 2078
f 2079 2081 2082
f 2079 2082 2080
f 2081 2083 2084
f 2081 2084 2082
f 2083 2085 2086
f 2083 2086 2084
f 2085 2087 2088
f 2085 2088 2086
f 2087 2089 2090
f 2087 2090 2088
f 2089 2091 2092
f 2089 2092 2090
f 2091 2093 2094
f 2091 2094 2092
f 2093 2095 2096
f 2093 2096 2094
f 2095 2097 2098
f 2095 2098 2096
f 2097 2099 2100
f 2097 2100 2098
f 2099 2101 2102
f 2099 2102 2100
f 2101 2103 2104
f 2101 2104 2102
f 2103 2105 2106
f 2103 2106 2104
f 2105 2107 2108
f 2105 2108 2106
f 2107 2109 2110
f 2107 2110 2108
f 2109 2111 2112
f 2109 2112 2110
f 2111 2113 2114
f 2111 2114 2112
f 2113 2115 2116
f 2113 2116 2114
f 2115 2117 2118
f 2115 2118 2116
f 2117 2119 2120
f 2117 2120 2118
f 2119 2121 2122
f 2119 2122 2120
f 2121 2123 2124
f 2121 2124 2122
f 2123 2125 2126
f 2123 2126 2124
f 2125 2127 2128
f 2125 2128 2126
f 2127 2129 2130
f 2127 2130 2128
f 2129 2131 2132
f 2129 2132 2130
f 2131 2133 2134
f 2131 2134 2132
f 2133 2135 2136
f 2133 2136 2134
f 2135 2137 2138
f 2135 2138 2136
f 2137 2139 2140
f 2137 2140 2138
f 2139 2141 2142
f 2139 2142 2140
f 2141 2143 2144
f 2141 2144 2142
f 2143 2145 2146
f 2143 2146 2144
f 2145 2147 2148
f 2145 2148 2146
f 2147 2149 2150
f 2147 2150 2148
f 2149 2151 2152
f 2149 2152 2150
f 2151 2153 2154
f 2151 2154 2152
f 2153 2155 2156
f 2153 2156 2154
f 2155 2157 2158
f 2155 2158 2156
f 2157 2159 2160
f 2157 2160 2158
f 2159 2161 2162
f 2159 2162 2160
f 2161 2163 2164
f 2161 2164 2162
f 2163 2165 2166
f 2163 2166 2164
f 2165 2167 2168
f 2165 2168 2166
f 2167 2169 2170
f 2167 2170 2168
f 2169 2171 2172
f 2169 2172 2170
f 2171 2173 2174
f 2171 2174 2172
f 2173 2175 2176
f 2173 2176 2174
f 2175 2177 2178
f 2175 2178 2176
f 2177 2179 2180
f 2177 2180 2178
f 2179 2181 2182
f 2179 2182 2180
f 2181 2183 2184
f 2181 2184 2182
f 2183 2185 2186
f 2183 2186 2184
f 2185 2187 2188
f 2185 2188 2186
f 2187 2189 2190
f 2187 2190 2188
f 2189 2191 2192
f 2189 2192 2190
f 2191 2193 2194
f 2191 2194 2192
f 2193 2195 2196
f 2193 2196 2194
f 2195 2197 2198
f 2195 2198 2196
f 2197 2199 2200
f 2197 2200 2198
f 2199 2201 2202
f 2199 2202 2200
f 2201 2203 2204
f 2201 2204 2202
f 2203 2205 2206
f 2203 2206 2204
f 2205 2207 2208
f 2205 2208 2206
f 2207 2209 2210
f 2207 2210 2208
f 2209 2211 2212
f 2209 2212 2210
f 2211 2213 2214
f 2211 2214 2212
f 2213 2215 2216
f 2213 2216 2214
f 2215 2217 2218
f 2215 2218 2216
f 2217 2219 2220
f 2217 2220 2218
f 2219 2221 2222
f 2219 2222 2220
f 2221 2223 2224
f 2221 2224 2222
f 2223 2225 2226
f 2223 2226 2224
f 2225 2227 2228
f 2225 2228 2226
f 2227 2229 2230
f 2227 2230 2228
f 2229 2231 2232
f 2229 2232 2230
f 2231 2233 2234
f 2231 2234 2232
f 2233 2235 2236
f 2233 2236 2234
f 2235 2237 2238
f 2235 2238 2236
f 2237 2239 2240
f 2237 2240 2238
f 2239 2241 2242
f 2239 2242 2240
f 2241 2243 2244
f 2241 2244 2242
f 2243 2245 2246
f 2243 2246 2244
f 2245 2247 2248
f 2245 2248 2246
f 2247 2249 2250
f 2247 2250 2248
f 2249 2251 2252
f 2249 2252 2250
f 2251 2253 2254
f 2251 2254 2252
f 2253 2255 2256
f 2253 2256 2254
f 2255 2257 2258
f 2255 2258 2256
f 2257 2259 2260
f 2257 2260 2258
f 2259 2261 2262
f 2259 2262 2260
f 2261 2263 2264
f 2261 2264 2262
f 2263 2265 2266
f 2263 2266 2264
f 2265 2267 2268
f 2265 2268 2266
f 2267 2269 2270
f 2267 2270 2268
f 2269 2271 2272
f 2269 2272 2270
f 2271 2273 2274
f 2271 2274 2272
f 2273 2275 2276
f 2273 2276 2274
f 2275 2277 2278
f 2275 2278 2276
f 2277 2279 2280
f 2277 2280 2278
f 2279 2281 2282
f 2279 2282 2280
f 2281 2283 2284
f 2281 2284 2282
f 2283 2285 2286
f 2283 2286 2284
f 2285 2287 2288
f 2285 2288 2286
f 2287 2289 2290
f 2287 2290 2288
f 2289 2291 2292
f 2289 2292 2290
f 2291 2293 2294
f 2291 2294 2292
f 2293 2295 2296
f 2293 2296 2294
f 2295 2297 2298
f 2295 2298 2296
f 2297 2299 2300
f 2297 2300 2298
f 2299 2301 2302
f 2299 2302 2300
f 2301 2303 2304
f 2301 2304 2302
f 2303 2305 2306
f 2303 2306 2304
f 2305 2307 2308
f 2305 2308 2306
f 2307 2309 2310
f 2307 2310 2308
f 2309 2311 2312
f 2309 2312 2310
f 2311 2313 2314
f 2311 2314 2312
f 2313 2315 2316
f 2313 2316 2314
f 2315 2317 2318
f 2315 2318 2316
f 2317 2319 2320
f 2317 2320 2318
f 2319 2321 2322
f 2319 2322 2320
f 2321 2323 2324
f 2321 2324 2322
f 2323 2325 2326
f 2323 2326 2324
f 2325 2327 2328
f 2325 2328 2326
f 2327 2329 2330
f 2327 2330 2328
f 2329 2331 2332
f 2329 2332 2330
f 2331 2333 2334
f 2331 2334 2332
f 2333 2335 2336
f 2333 2336 2334
f 2335 2337 2338
f 2335 2338 2336
f 2337 2339 2340
f 2337 2340 2338
f 2339 2341 2342
f 2339 2342 2340
f 2341 2343 2344
f 2341 2344 2342
f 2343 2345 2346
f 2343 2346 2344
f 2345 2347 2348
f 2345 2348 2346
f 2347 2349 2350
f 2347 2350 2348
f 2349 2351 2352
f 2349 2352 2350
f 2351 2353 2354
f 2351 2354 2352
f 2353 2355 2356
f 2353 2356 2354
f 2355 2357 2358
f 2355 2358 2356
f 2357 2359 2360
f 2357 2360 2358
f 2359 2361 2362
f 2359 2362 2360
f 2361 2363 2364
f 2361 2364 2362
f 2363 2365 2366
f 2363 2366 2364
f 2365 2367 2368
f 2365 2368 2366
f 2367 2369 2370
f 2367 2370 2368
f 2369 2371 2372
f 2369 2372 2370
f 2371 2373 2374
f 2371 2374 2372
f 2373 2375 2376
f 2373 2376 2374
f 2375 2377 2378
f 2375 2378 2376
f 2377 2379 2380
f 2377 2380 2378
f 2379 2381 2382
f 2379 2382 2380
f 2381 2383 2384
f 2381 2384 2382
f 2383 2385 2386
f 2383 2386 2384
f 2385 2387 2388
f 2385 2388 2386
f 2387 2389 2390
f 2387 2390 2388
f 2389 2391 2392
f 2389 2392 2390
f 2391 2393 2394
f 2391 2394 2392
f 2393 2395 2396
f 2393 2396 2394
f 2395 2397 2398
f 2395 2398 2396
f 2397 2399 2400
f 2397 2400 2398
f 2399 2401 2402
f 2399 2402 2400
f 2401 2403 2404
f 2401 2404 2402
f 2403 2405 2406
f 2403 2406 2404
f 2405 2407 2408
f 2405 2408 2406
f 2407 2409 2410
f 2407 2410 2408
f 2409 2411 2412
f 2409 2412 2410
f 2411 2413 2414
f 2411 2414 2412
f 2413 2415 2416
f 2413 2416 2414
f 2415 2417 2418
f 2415 2418 2416
f 2417 2419 2420
f 2417 2420 2418
f 2419 2421 2422
f 2419 2422 2420
f 2421 2423 2424
f 2421 2424 2422
f 2423 2425 2426
f 2423 2426 2424
f 2425 2427 2428
f 2425 2428 2426
f 2427 2429 2430
f 2427 2430 2428
f 2429 2431 2432
f 2429 2432 2430
f 2431 2433 2434
f 2431 2434 2432
f 2433 2435 2436
f 2433 2436 2434
f 2435 2437 2438
f 2435 2438 2436
f 2437 2439 2440
f 2437 2440 2438
f 2439 2441 2442
f 2439 2442 2440
f 2441 2443 2444
f 2441 2444 2442
f 2443 2445 2446
f 2443 2446 2444
f 2445 2447 2448
f 2445 2448 2446
f 2447 2449 2450
f 2447 2450 2448
f 2449 2451 2452
f 2449 2452 2450
f 2451 2453 2454
f 2451 2454 2452
f 2453 2455 2456
f 2453 2456 2454
f 2455 2457 2458
f 2455 2458 2456
f 2457 2459 2460
f 2457 2460 2458
f 2459 2461 2462
f 2459 2462 2460
f 2461 2463 2464
f 2461 2464 2462
f 2463 2465 2466
f 2463 2466 2464
f 2465 2467 2468
f 2465 2468 2466
f 2467 2469 2470
f 2467 2470 2468
f 2469 2471 2472
f 2469 2472 2470
f 2471 2473 2474
f 2471 2474 2472
f 2473 2475 2476
f 2473 2476 2474
f 2475 2477 2478
f 2475 2478 2476
f 2477 2479 2480
f 2477 2480 2478
f 2479 2481 2482
f 2479 2482 2480
f 2481 2483 2484
f 2481 2484 2482
f 2483 2485 2486
f 2483 2486 2484
f 2485 2487 2488
f 2485 2488 2486
f 2487 2489 2490
f 2487 2490 2488
f 2489 2491 2492
f 2489 2492 2490
f 2491 2493 2494
f 2491 2494 2492
f 2493 2495 2496
f 2493 2496 2494
f 2495 2497 2498
f 2495 2498 2496
f 2497 2499 2500
f 2497 2500 2498
f 2499 2501 2502
f 2499 2502 2500
f 2501 2503 2504
f 2501 2504 2502
f 2503 2505 2506
f 2503 2506 2504
f 2505 2507 2508
f 2505 2508 2506
f 2507 2509 2510
f 2507 2510 2508
f 2509 2511 2512
f 2509 2512 2510
f 2511 2513 2514
f 2511 2514 2512
f 2513 2515 2516
f 2513 2516 2514
f 2515 2517 2518
f 2515 2518 2516
f 2517 2519 2520
f 2517 2520 2518
f 2519 2521 2522
f 2519 2522 2520
f 2521 2523 2524
f 2521 2524 2522
f 2523 2525 2526
f 2523 2526 2524
f 2525 2527 2528
f 2525 2528 2526
f 2527 2529 2530
f 2527 2530 2528
f 2529 2531 2532
f 2529 2532 2530
f 2531 2533 2534
f 2531 2534 2532
f 2533 2535 2536
f 2533 2536 2534
f 2535 2537 2538
f 2535 2538 2536
f 2537 2539 2540
f 2537 2540 2538
f 2539 2541 2542
f 2539 2542 2540
f 2541 2543 2544
f 2541 2544 2542
f 2543 2545 2546
f 2543 2546 2544
f 2545 2547 2548
f 2545 2548 2546
f 2547 2549 2550
f 2547 2550 2548
f 2549 2551 2552
f 2549 2552 2550
f 2551 2553 2554
f 2551 2554 2552
f 2553 2555 2556
f 2553 2556 2554
f 2555 2557 2558
f 2555 2558 2556
f 2557 2559 2560
f 2557 2560 2558
f 2559 2561 2562
f 2559 2562 2560
f 2561 2563 2564
f 2561 2564 2562
f 2563 2565 2566
f 2563 2566 2564
f 2565 2567 2568
f 2565 2568 2566
f 2567 2569 2570
f 2567 2570 2568
f 2569 2571 2572
f 2569 2572 2570
f 2571 2573 2574
f 2571 2574 2572
f 2573 2575 2576
f 2573 2576 2574
f 2575 2577 2578
f 2575 2578 2576
f 2577 2579 2580
f 2577 2580 2578
f 2579 2581 2582
f 2579 2582 2580
f 2581 2583 2584
f 2581 2584 2582
f 2583 2585 2586
f 2583 2586 2584
f 2585 2587 2588
f 2585 2588 2586
f 2587 2589 2590
f 2587 2590 2588
f 2589 2591 2592
f 2589 2592 2590
f 2591 2593 2594
f 2591 2594 2592
f 2593 2595 2596
f 2593 2596 2594
f 2595 2597 2598
f 2595 2598 2596
f 2597 2599 2600
f 2597 2600 2598
f 2599 2601 2602
f 2599 2602 2600
f 2601 2603 2604
f 2601 2604 2602
f 2603 2605 2606
f 2603 2606 2604
f 2605 2607 2608
f 2605 2608 2606
f 2607 2609 2610
f 2607 2610 2608
f 2609 2611 2612
f 2609 2612 2610
f 2611 2613 2614
f 2611 2614 2612
f 2613 2615 2616
f 2613 2616 2614
f 2615 2617 2618
f 2615 2618 2616
f 2617 2619 2620
f 2617 2620 2618
f 2619 2621 2622
f 2619 2622 2620
f 2621 2623 2624
f 2621 2624 2622
f 2623 2625 2626
f 2623 2626 2624
f 2625 2627 2628
f 2625 2628 2626
f 2627 2629 2630
f 2627 2630 2628
f 2629 2631 2632
f 2629 2632 2630
f 2631 2633 2634
f 2631 2634 2632
f 2633 2635 2636
f 2633 2636 2634
f 2635 2637 2638
f 2635 2638 2636
f 2637 2639 2640
f 2637 2640 2638
f 2639 2641 2642
f 2639 2642 2640
f 2641 2643 2644
f 2641 2644 2642
f 2643 2645 2646
f 2643 2646 2644
f 2645 2647 2648
f 2645 2648 2646
f 2647 2649 2650
f 2647 2650 2648
f 2649 2651 2652
f 2649 2652 2650
f 2651 2653 2654
f 2651 2654 2652
f 2653 2655 2656
f 2653 2656 2654
f 2655 2657 2658
f 2655 2658 2656
f 2657 2659 2660
f 2657 2660 2658
f 2659 2661 2662
f 2659 2662 2660
f 2661 2663 2664
f 2661 2664 2662
f 2663 2665 2666
f 2663 2666 2664
f 2665 2667 2668
f 2665 2668 2666
f 2667 2669 2670
f 2667 2670 2668
f 2669 2671 2672
f 2669 2672 2670
f 2671 2673 2674
f 2671 2674 2672
f 2673 2675 2676
f 2673 2676 2674
f 2675 2677 2678
f 2675 2678 2676
f 2677 2679 2680
f 2677 2680 2678
f 2679 2681 2682
f 2679 2682 2680
f 2681 2683 2684
f 2681 2684 2682
f 2683 2685 2686
f 2683 2686 2684
f 2685 2687 2688
f 2685 2688 2686
f 2687 2689 2690
f 2687 2690 2688
f 2689 2691 2692
f 2689 2692 2690
f 2691 2693 2694
f 2691 2694 2692
f 2693 2695 2696
f 2693 2696 2694
f 2695 2697 2698
f 2695 2698 2696
f 2697 2699 2700
f 2697 2700 2698
f 2699 2701 2702
f 2699 2702 2700
f 2701 2703 2704
f 2701 2704 2702
f 2703 2705 2706
f 2703 2706 2704
f 2705 2707 2708
f 2705 2708 2706
f 2707 2709 2710
f 2707 2710 2708
f 2709 2711 2712
f 2709 2712 2710
f 2711 2713 2714
f 2711 2714 2712
f 2713 2715 2716
f 2713 2716 2714
f 2715 2717 2718
f 2715 2718 2716
f 2717 2719 2720
f 2717 2720 2718
f 2719 2721 2722
f 2719 2722 2720
f 2721 2723 2724
f 2721 2724 2722
f 2723 2725 2726
f 2723 2726 2724
f 2725 2727 2728
f 2725 2728 2726
f 2727 2729 2730
f 2727 2730 2728
f 2729 2731 2732
f 2729 2732 2730
f 2731 2733 2734
f 2731 2734 2732
f 2733 2735 2736
f 2733 2736 2734
f 2735 2737 2738
f 2735 2738 2736
f 2737 2739 2740
f 2737 2740 2738
f 2739 2741 2742
f 2739 2742 2740
f 2741 2743 2744
f 2741 2744 2742
f 2743 2745 2746
f 2743 2746 2744
f 2745 2747 2748
f 2745 2748 2746
f 2747 2749 2750
f 2747 2750 2748
f 2749 2751 2752
f 2749 2752 2750
f 2751 2753 2754
f 2751 2754 2752
f 2753 2755 2756
f 2753 2756 2754
f 2755 2757 2758
f 2755 2758 2756
f 2757 2759 2760
f 2757 2760 2758
f 2759 2761 2762
f 2759 2762 2760
f 2761 2763 2764
f 2761 2764 2762
f 2763 2765 2766
f 2763 2766 2764
f 2765 2767 2768
f 2765 2768 2766
f 2767 2769 2770
f 2767 2770 2768
f 2769 2771 2772
f 2769 2772 2770
f 2771 2773 2774
f 2771 2774 2772
f 2773 2775 2776
f 2773 2776 2774
f 2775 2777 2778
f 2775 2778 2776
f 2777 2779 2780
f 2777 2780 2778
f 2779 2781 2782
f 2779 2782 2780
f 2781 2783 2784
f 2781 2784 2782
f 2783 2785 2786
f 2783 2786 2784
f 2785 2787 2788
f 2785 2788 2786
f 2787 2789 2790
f 2787 2790 2788
f 2789 2791 2792
f 2789 2792 2790
f 2791 2793 2794
f 2791 2794 2792
f 2793 2795 2796
f 2793 2796 2794
f 2795 2797 2798
f 2795 2798 2796
f 2797 2799 2800
f 2797 2800 2798
f 2799 2801 2802
f 2799 2802 2800
f 2801 2803 2804
f 2801 2804 2802
f 2803 2805 2806
f 2803 2806 2804
f 2805 2807 2808
f 2805 2808 2806
f 2807 2809 2810
f 2807 2810 2808
f 2809 2811 2812
f 2809 2812 2810
f 2811 2813 2814
f 2811 2814 2812
f 2813 2815 2816
f 2813 2816 2814
f 2815 2817 2818
f 2815 2818 2816
f 2817 2819 2820
f 2817 2820 2818
f 2819 2821 2822
f 2819 2822 2820
f 2821 2823 2824
f 2821 2824 2822
f 2823 2825 2826
f 2823 2826 2824
f 2825 2827 2828
f 2825 2828 2826
f 2827 2829 2830
f 2827 2830 2828
f 2829 2831 2832
f 2829 2832 2830
f 2831 2833 2834
f 2831 2834 2832
f 2833 2835 2836
f 2833 2836 2834
f 2835 2837 2838
f 2835 2838 2836
f 2837 2839 2840
f 2837 2840 2838
f 2839 2841 2842
f 2839 2842 2840
f 2841 2843 2844
f 2841 2844 2842
f 2843 2845 2846
f 2843 2846 2844
f 2845 2847 2848
f 2845 2848 2846
f 2847 2849 2850
f 2847 2850 2848
f 2849 2851 2852
f 2849 2852 2850
f 2851 2853 2854
f 2851 2854 2852
f 2853 2855 2856
f 2853 2856 2854
f 2855 2857 2858
f 2855 2858 2856
f 2857 2859 2860
f 2857 2860 2858
f 2859 2861 2862
f 2859 2862 2860
f 2861 2863 2864
f 2861 2864 2862
f 2863 2865 2866
f 2863 2866 2864
f 2865 2867 2868
f 2865 2868 2866
f 2867 2869 2870
f 2867 2870 2868
f 2869 2871 2872
f 2869 2872 2870
f 2871 2873 2874
f 2871 2874 2872
f 2873 2875 2876
f 2873 2876 2874
f 2875 2877 2878
f 2875 2878 2876
f 2877 2879 2880
f 2877 2880 2878
f 2879 2881 2882
f 2879 2882 2880
f 2881 2883 2884
f 2881 2884 2882
f 2883 2885 2886
f 2883 2886 2884
f 2885 2887 2888
f 2885 2888 2886
f 2887 2889 2890
f 2887 2890 2888
f 2889 2891 2892
f 2889 2892 2890
f 2891 2893 2894
f 2891 2894 2892
f 2893 2895 2896
f 2893 2896 2894
f 2895 2897 2898
f 2895 2898 2896
f 2897 2899 2900
f 2897 2900 2898
f 2899 2901 2902
f 2899 2902 2900
f 2901 2903 2904
f 2901 2904 2902
f 2903 2905 2906
f 2903 2906 2904
f 2905 2907 2908
f 2905 2908 2906
f 2907 2909 2910
f 2907 2910 2908
f 2909 2911 2912
f 2909 2912 2910
f 2911 2913 2914
f 2911 2914 2912
f 2913 2915 2916
f 2913 2916 2914
f 2915 2917 2918
f 2915 2918 2916
f 2917 2919 2920
f 2917 2920 2918
f 2919 2921 2922
f 2919 2922 2920
f 2921 2923 2924
f 2921 2924 2922
f 2923 2925 2926
f 2923 2926 2924
f 2925 2927 2928
f 2925 2928 2926
f 2927 2929 2930
f 2927 2930 2928
f 2929 2931 2932
f 2929 2932 2930
f 2931 2933 2934
f 2931 2934 2932
f 2933 2935 2936
f 2933 2936 2934
f 2935 2937 2938
f 2935 2938 2936
f 2937 2939 2940
f 2937 2940 2938
f 2939 2941 2942
f 2939 2942 2940
f 2941 2943 2944
f 2941 2944 2942
f 2943 2945 2946
f 2943 2946 2944
f 2945 2947 2948
f 2945 2948 2946
f 2947 2949 2950
f 2947 2950 2948
f 2949 2951 2952
f 2949 2952 2950
f 2951 2953 2954
f 2951 2954 2952
f 2953 2955 2956
f 2953 2956 2954
f 2955 2957 2958
f 2955 2958 2956
f 2957 2959 2960
f 2957 2960 2958
f 2959 2961 2962
f 2959 2962 2960
f 2961 2963 2964
f 2961 2964 2962
f 2963 2965 2966
f 2963 2966 2964
f 2965 2967 2968
f 2965 2968 2966
f 2967 2969 2970
f 2967 2970 2968
f 2969 2971 2972
f 2969 2972 2970
f 2971 2973 2974
f 2971 2974 2972
f 2973 2975 2976
f 2973 2976 2974
f 2975 2977 2978
f 2975 2978 2976
f 2977 2979 2980
f 2977 2980 2978
f 2979 2981 2982
f 2979 2982 2980
f 2981 2983 2984
f 2981 2984 2982
f 2983 2985 2986
f 2983 2986 2984
f 2985 2987 2988
f 2985 2988 2986
f 2987 2989 2990
f 2987 2990 2988
f 2989 2991 2992
f 2989 2992 2990
f 2991 2993 2994
f 2991 2994 2992
f 2993 2995 2996
f 2993 2996 2994
f 2995 2997 2998
f 2995 2998 2996
f 2997 2999 3000
f 2997 3000 2998
f 2999 3001 3002
f 2999 3002 3000
f 3001 3003 3004
f 3001 3004 3002
f 3003 3005 3006
f 3003 3006 3004
f 3005 3007 3008
f 3005 3008 3006
f 3007 3009 3010
f 3007 3010 3008
f 3009 3011 3012
f 3009 3012 3010
f 3011 3013 3014
f 3011 3014 3012
f 3013 3015 3016
f 3013 3016 3014
f 3015 3017 3018
f 3015 3018 3016
f 3017 3019 3020
f 3017 3020 3018
f 3019 3021 3022
f 3019 3022 3020
f 3021 3023 3024
f 3021 3024 3022
f 3023 3025 3026
f 3023 3026 3024
f 3025 3027 3028
f 3025 3028 3026
f 3027 3029 3030
f 3027 3030 3028
f 3029 3031 3032
f 3029 3032 3030
f 3031 3033 3034
f 3031 3034 3032
f 3033 3035 3036
f 3033 3036 3034
f 3035 3037 3038
f 3035 3038 3036
f 3037 3039 3040
f 3037 3040 3038
f 3039 3041 3042
f 3039 3042 3040
f 3041 3043 3044
f 3041 3044 3042
f 3043 3045 3046
f 3043 3046 3044
f 3045 3047 3048
f 3045 3048 3046
f 3047 3049 3050
f 3047 3050 3048
f 3049 3051 3052
f 3049 3052 3050
f 3051 3053 3054
f 3051 3054 3052
f 3053 3055 3056
f 3053 3056 3054
f 3055 3057 3058
f 3055 3058 3056
f 3057 3059 3060
f 3057 3060 3058
f 3059 3061 3062
f 3059 3062 3060
f 3061 3063 3064
f 3061 3064 3062
f 3063 3065 3066
f 3063 3066 3064
f 3065 3067 3068
f 3065 3068 3066
f 3067 3069 3070
f 3067 3070 3068
f 3069 3071 3072
f 3069 3072 3070
f 3071 3073 3074
f 3071 3074 3072
f 3073 3075 3076
f 3073 3076 3074
f 3075 3077 3078
f 3075 3078 3076
f 3077 3079 3080
f 3077 3080 3078
f 3079 3081 3082
f 3079 3082 3080
f 3081 3083 3084
f 3081 3084 3082
f 3083 3085 3086
f 3083 3086 3084
f 3085 3087 3088
f 3085 3088 3086
f 3087 3089 3090
f 3087 3090 3088
f 3089 3091 3092
f 3089 3092 3090
f 3091 3093 3094
f 3091 3094 3092
f 3093 3095 3096
f 3093 3096 3094
f 3095 3097 3098
f 3095 3098 3096
f 3097 3099 3100
f 3097 3100 3098
f 3099 3101 3102
f 3099 3102 3100
f 3101 3103 3104
f 3101 3104 3102
f 3103 3105 3106
f 3103 3106 3104
f 3105 3107 3108
f 3105 3108 3106
f 3107 3109 3110
f 3107 3110 3108
f 3109 3111 3112
f 3109 3112 3110
f 3111 3113 3114
f 3111 3114 3112
f 3113 3115 3116
f 3113 3116 3114
f 3115 3117 3118
f 3115 3118 3116
f 3117 3119 3120
f 3117 3120 3118
f 3119 3121 3122
f 3119 3122 3120
f 3121 3123 3124
f 3121 3124 3122
f 3123 3125 3126
f 3123 3126 3124
f 3125 3127 3128
f 3125 3128 3126
f 3127 3129 3130
f 3127 3130 3128
f 3129 3131 3132
f 3129 3132 3130
f 3131 3133 3134
f 3131 3134 3132
f 3133 3135 3136
f 3133 3136 3134
f 3135 3137 3138
f 3135 3138 3136
f 3137 3139 3140
f 3137 3140 3138
f 3139 3141 3142
f 3139 3142 3140
f 3141 3143 3144
f 3141 3144 3142
f 3143 3145 3146
f 3143 3146 3144
f 3145 3147 3148
f 3145 3148 3146
f 3147 3149 3150
f 3147 3150 3148
f 3149 3151 3152
f 3149 3152 3150
f 3151 3153 3154
f 3151 3154 3152
f 3153 3155 3156
f 3153 3156 3154
f 3155 3157 3158
f 3155 3158 3156
f 3157 3159 3160
f 3157 3160 3158
f 3159 3161 3162
f 3159 3162 3160
f 3161 3163 3164
f 3161 3164 3162
f 3163 3165 3166
f 3163 3166 3164
f 3165 3167 3168
f 3165 3168 3166
f 3167 3169 3170
f 3167 3170 3168
f 3169 3171 3172
f 3169 3172 3170
f 3171 3173 3174
f 3171 3174 3172
f 3173 3175 3176
f 3173 3176 3174
f 3175 3177 3178
f 3175 3178 3176
f 3177 3179 3180
f 3177 3180 3178
f 3179 3181 3182
f 3179 3182 3180
f 3181 3183 3184
f 3181 3184 3182
f 3183 3185 3186
f 3183 3186 3184
f 3185 3187 3188
f 3185 3188 3186
f 3187 3189 3190
f 3187 3190 3188
f 3189 3191 3192
f 3189 3192 3190
f 3191 3193 3194
f 3191 3194 3192
f 3193 3195 3196
f 3193 3196 3194
f 3195 3197 3198
f 3195 3198 3196
f 3197 3199 3200
f 3197 3200 3198
f 3199 3201 3202
f 3199 3202 3200
f 3201 3203 3204
f 3201 3204 3202
f 3203 3205 3206
f 3203 3206 3204
f 3205 3207 3208
f 3205 3208 3206
f 3207 3209 3210
f 3207 3210 3208
f 3209 3211 3212
f 3209 3212 3210
f 3211 3213 3214
f 3211 3214 3212
f 3213 3215 3216
f 3213 3216 3214
f 3215 3217 3218
f 3215 3218 3216
f 3217 3219 3220
f 3217 3220 3218
f 3219 3221 3222
f 3219 3222 3220
f 3221 3223 3224
f 3221 3224 3222
f 3223 3225 3226
f 3223 3226 3224
f 3225 3227 3228
f 3225 3228 3226
f 3227 3229 3230
f 3227 3230 3228
f 3229 3231 3232
f 3229 3232 3230
f 3231 3233 3234
f 3231 3234 3232
f 3233 3235 3236
f 3233 3236 3234
f 3235 3237 3238
f 3235 3238 3236
f 3237 3239 3240
f 3237 3240 3238
f 3239 3241 3242
f 3239 3242 3240
f 3241 3243 3244
f 3241 3244 3242
f 3243 3245 3246
f 3243 3246 3244
f 3245 3247 3248
f 3245 3248 3246
f 3247 3249 3250
f 3247 3250 3248
f 3249 3251 3252
f 3249 3252 3250
f 3251 3253 3254
f 3251 3254 3252
f 3253 3255 3256
f 3253 3256 3254
f 3255 3257 3258
f 3255 3258 3256
f 3257 3259 3260
f 3257 3260 3258
f 3259 3261 3262
f 3259 3262 3260
f 3261 3263 3264
f 3261 3264 3262
f 3263 3265 3266
f 3263 3266 3264
f 3265 3267 3268
f 3265 3268 3266
f 3267 3269 3270
f 3267 3270 3268
f 3269 3271 3272
f 3269 3272 3270
f 3271 3273 3274
f 3271 3274 3272
f 3273 3275 3276
f 3273 3276 3274
f 3275 3277 3278
f 3275 3278 3276
f 3277 3279 3280
f 3277 3280 3278
f 3279 3281 3282
f 3279 3282 3280
f 3281 3283 3284
f 3281 3284 3282
f 3283 3285 3286
f 3283 3286 3284
f 3285 3287 3288
f 3285 3288 3286
f 3287 3289 3290
f 3287 3290 3288
f 3289 3291 3292
f 3289 3292 3290
f 3291 3293 3294
f 3291 3294 3292
f 3293 3295 3296
f 3293 3296 3294
f 3295 3297 3298
f 3295 3298 3296
f 3297 3299 3300
f 3297 3300 3298
f 3299 3301 3302
f 3299 3302 3300
f 3301 3303 3304
f 3301 3304 3302
f 3303 3305 3306
f 3303 3306 3304
f 3305 3307 3308
f 3305 3308 3306
f 3307 3309 3310
f 3307 3310 3308
f 3309 3311 3312
f 3309 3312 3310
f 3311 3313 3314
f 3311 3314 3312
f 3313 3315 3316
f 3313 3316 3314
f 3315 3317 3318
f 3315 3318 3316
f 3317 3319 3320
f 3317 3320 3318
f 3319 3321 3322
f 3319 3322 3320
f 3321 3323 3324
f 3321 3324 3322
f 3323 3325 3326
f 3323 3326 3324
f 3325 3327 3328
f 3325 3328 3326
f 3327 3329 3330
f 3327 3330 3328
f 3329 3331 3332
f 3329 3332 3330
f 3331 3333 3334
f 3331 3334 3332
f 3333 3335 3336
f 3333 3336 3334
f 3335 3337 3338
f 3335 3338 3336
f 3337 3339 3340
f 3337 3340 3338
f 3339 3341 3342
f 3339 3342 3340
f 3341 3343 3344
f 3341 3344 3342
f 3343 3345 3346
f 3343 3346 3344
f 3345 3347 3348
f 3345 3348 3346
f 3347 3349 3350
f 3347 3350 3348
f 3349 3351 3352
f 3349 3352 3350
f 3351 3353 3354
f 3351 3354 3352
f 3353 3355 3356
f 3353 3356 3354
f 3355 3357 3358
f 3355 3358 3356
f 3357 3359 3360
f 3357 3360 3358
f 3359 3361 3362
f 3359 3362 3360
f 3361 3363 3364
f 3361 3364 3362
f 3363 3365 3366
f 3363 3366 3364
f 3365 3367 3368
f 3365 3368 3366
f 3367 3369 3370
f 3367 3370 3368
f 3369 3371 3372
f 3369 3372 3370
f 3371 3373 3374
f 3371 3374 3372
f 3373 3375 3376
f 3373 3376 3374
f 3375 3377 3378
f 3375 3378 3376
f 3377 3379 3380
f 3377 3380 3378
f 3379 3381 3382
f 3379 3382 3380
f 3381 3383 3384
f 3381 3384 3382
f 3383 3385 3386
f 3383 3386 3384
f 3385 3387 3388
f 3385 3388 3386
f 3387 3389 3390
f 3387 3390 3388
f 3389 3391 3392
f 3389 3392 3390
f 3391 3393 3394
f 3391 3394 3392
f 3393 3395 3396
f 3393 3396 3394
f 3395 3397 3398
f 3395 3398 3396
f 3397 3399 3400
f 3397 3400 3398
f 3399 3401 3402
f 3399 3402 3400
f 3401 3403 3404
f 3401 3404 3402
f 3403 3405 3406
f 3403 3406 3404
f 3405 3407 3408
f 3405 3408 3406
f 3407 3409 3410
f 3407 3410 3408
f 3409 3411 3412
f 3409 3412 3410
f 3411 3413 3414
f 3411 3414 3412
f 3413 3415 3416
f 3413 3416 3414
f 3415 3417 3418
f 3415 3418 3416
f 3417 3419 3420
f 3417 3420 3418
f 3419 3421 3422
f 3419 3422 3420
f 3421 3423 3424
f 3421 3424 3422
f 3423 3425 3426
f 3423 3426 3424
f 3425 3427 3428
f 3425 3428 3426
f 3427 3429 3430
f 3427 3430 3428
f 3429 3431 3432
f 3429 3432 3430
f 3431 3433 3434
f 3431 3434 3432
f 3433 3435 3436
f 3433 3436 3434
f 3435 3437 3438
f 3435 3438 3436
f 3437 3439 3440
f 3437 3440 3438
f 3439 3441 3442
f 3439 3442 3440
f 3441 3443 3444
f 3441 3444 3442
f 3443 3445 3446
f 3443 3446 3444
f 3445 3447 3448
f 3445 3448 3446
f 3447 3449 3450
f 3447 3450 3448
f 3449 3451 3452
f 3449 3452 3450
f 3451 3453 3454
f 3451 3454 3452
f 3453 3455 3456
f 3453 3456 3454
f 3455 3457 3458
f 3455 3458 3456
f 3457 3459 3460
f 3457 3460 3458
f 3459 3461 3462
f 3459 3462 3460
f 3461 3463 3464
f 3461 3464 3462
f 3463 3465 3466
f 3463 3466 3464
f 3465 3467 3468
f 3465 3468 3466
f 3467 3469 3470
f 3467 3470 3468
f 3469 3471 3472
f 3469 3472 3470
f 3471 3473 3474
f 3471 3474 3472
f 3473 3475 3476
f 3473 3476 3474
f 3475 3477 3478
f 3475 3478 3476
f 3477 3479 3480
f 3477 3480 3478
f 3479 3481 3482
f 3479 3482 3480
f 3481 3483 3484
f 3481 3484 3482
f 3483 3485 3486
f 3483 3486 3484
f 3485 3487 3488
f 3485 3488 3486
f 3487 3489 3490
f 3487 3490 3488
f 3489 3491 3492
f 3489 3492 3490
f 3491 3493 3494
f 3491 3494 3492
f 3493 3495 3496
f 3493 3496 3494
f 3495 3497 3498
f 3495 3498 3496
f 3497 3499 3500
f 3497 3500 3498
f 3499 3501 3502
f 3499 3502 3500
f 3501 3503 3504
f 3501 3504 3502
f 3503 3505 3506
f 3503 3506 3504
f 3505 3507 3508
f 3505 3508 3506
f 3507 3509 3510
f 3507 3510 3508
f 3509 3511 3512
f 3509 3512 3510
f 3511 3513 3514
f 3511 3514 3512
f 3513 3515 3516
f 3513 3516 3514
f 3515 3517 3518
f 3515 3518 3516
f 3517 3519 3520
f 3517 3520 3518
f 3519 3521 3522
f 3519 3522 3520
f 3521 3523 3524
f 3521 3524 3522
f 3523 3525 3526
f 3523 3526 3524
f 3525 3527 3528
f 3525 3528 3526
f 3527 3529 3530
f 3527 3530 3528
f 3529 3531 3532
f 3529 3532 3530
f 3531 3533 3534
f 3531 3534 3532
f 3533 3535 3536
f 3533 3536 3534
f 3535 3537 3538
f 3535 3538 3536
f 3537 3539 3540
f 3537 3540 3538
f 3539 3541 3542
f 3539 3542 3540
f 3541 3543 3544
f 3541 3544 3542
f 3543 3545 3546
f 3543 3546 3544
f 3545 3547 3548
f 3545 3548 3546
f 3547 3549 3550
f 3547 3550 3548
f 3549 3551 3552
f 3549 3552 3550
f 3551 3553 3554
f 3551 3554 3552
f 3553 3555 3556
f 3553 3556 3554
f 3555 3557 3558
f 3555 3558 3556
f 3557 3559 3560
f 3557 3560 3558
f 3559 3561 3562
f 3559 3562 3560
f 3561 3563 3564
f 3561 3564 3562
f 3563 3565 3566
f 3563 3566 3564
f 3565 3567 3568
f 3565 3568 3566
f 3567 3569 3570
f 3567 3570 3568
f 3569 3571 3572
f 3569 3572 3570
f 3571 3573 3574
f 3571 3574 3572
f 3573 3575 3576
f 3573 3576 3574
f 3575 3577 3578
f 3575 3578 3576
f 3577 3579 3580
f 3577 3580 3578
f 3579 3581 3582
f 3579 3582 3580
f 3581 3583 3584
f 3581 3584 3582
f 3583 3585 3586
f 3583 3586 3584
f 3585 3587 3588
f 3585 3588 3586
f 3587 3589 3590
f 3587 3590 3588
f 3589 3591 3592
f 3589 3592 3590
f 3591 3593 3594
f 3591 3594 3592
f 3593 3595 3596
f 3593 3596 3594
f 3595 3597 3598
f 3595 3598 3596
f 3597 3599 3600
f 3597 3600 3598
f 3599 3601 3602
f 3599 3602 3600
f 3601 3603 3604
f 3601 3604 3602
f 3603 3605 3606
f 3603 3606 3604
f 3605 3607 3608
f 3605 3608 3606
f 3607 3609 3610
f 3607 3610 3608
f 3609 3611 3612
f 3609 3612 3610
f 3611 3613 3614
f 3611 3614 3612
f 3613 3615 3616
f 3613 3616 3614
f 3615 3617 3618
f 3615 3618 3616
f 3617 3619 3620
f 3617 3620 3618
f 3619 3621 3622
f 3619 3622 3620
f 3621 3623 3624
f 3621 3624 3622
f 3623 3625 3626
f 3623 3626 3624
f 3625 3627 3628
f 3625 3628 3626
f 3627 3629 3630
f 3627 3630 3628
f 3629 3631 3632
f 3629 3632 3630
f 3631 3633 3634
f 3631 3634 3632
f 3633 3635 3636
f 3633 3636 3634
f 3635 3637 3638
f 3635 3638 3636
f 3637 3639 3640
f 3637 3640 3638
f 3639 3641 3642
f 3639 3642 3640
f 3641 3643 3644
f 3641 3644 3642
f 3643 3645 3646
f 3643 3646 3644
f 3645 3647 3648
f 3645 3648 3646
f 3647 3649 3650
f 3647 3650 3648
f 3649 3651 3652
f 3649 3652 3650
f 3651 3653 3654
f 3651 3654 3652
f 3653 3655 3656
f 3653 3656 3654
f 3655 3657 3658
f 3655 3658 3656
f 3657 3659 3660
f 3657 3660 3658
f 3659 3661 3662
f 3659 3662 3660
f 3661 3663 3664
f 3661 3664 3662
f 3663 3665 3666
f 3663 3666 3664
f 3665 3667 3668
f 3665 3668 3666
f 3667 3669 3670
f 3667 3670 3668
f 3669 3671 3672
f 3669 3672 3670
f 3671 3673 3674
f 3671 3674 3672
f 3673 3675 3676
f 3673 3676 3674
f 3675 3677 3678
f 3675 3678 3676
f 3677 3679 3680
f 3677 3680 3678
f 3679 3681 3682
f 3679 3682 3680
f 3681 3683 3684
f 3681 3684 3682
f 3683 3685 3686
f 3683 3686 3684
f 3685 3687 3688
f 3685 3688 3686
f 3687 3689 3690
f 3687 3690 3688
f 3689 3691 3692
f 3689 3692 3690
f 3691 3693 3694
f 3691 3694 3692
f 3693 3695 3696
f 3693 3696 3694
f 3695 3697 3698
f 3695 3698 3696
f 3697 3699 3700
f 3697 3700 3698
f 3699 3701 3702
f 3699 3702 3700
f 3701 3703 3704
f 3701 3704 3702
f 3703 3705 3706
f 3703 3706 3704
f 3705 3707 3708
f 3705 3708 3706
f 3707 3709 3710
f 3707 3710 3708
f 3709 3711 3712
f 3709 3712 3710
f 3711 3713 3714
f 3711 3714 3712
f 3713 3715 3716
f 3713 3716 3714
f 3715 3717 3718
f 3715 3718 3716
f 3717 3719 3720
f 3717 3720 3718
f 3719 3721 3722
f 3719 3722 3720
f 3721 3723 3724
f 3721 3724 3722
f 3723 3725 3726
f 3723 3726 3724
f 3725 3727 3728
f 3725 3728 3726
f 3727 3729 3730
f 3727 3730 3728
f 3729 3731 3732
f 3729 3732 3730
f 3731 3733 3734
f 3731 3734 3732
f 3733 3735 3736
f 3733 3736 3734
f 3735 3737 3738
f 3735 3738 3736
f 3737 3739 3740
f 3737 3740 3738
f 3739 3741 3742
f 3739 3742 3740
f 3741 3743 3744
f 3741 3744 3742
f 3743 3745 3746
f 3743 3746 3744
f 3745 3747 3748
f 3745 3748 3746
f 3747 3749 3750
f 3747 3750 3748
f 3749 3751 3752
f 3749 3752 3750
f 3751 3753 3754
f 3751 3754 3752
f 3753 3755 3756
f 3753 3756 3754
f 3755 3757 3758
f 3755 3758 3756
f 3757 3759 3760
f 3757 3760 3758
f 3759 3761 3762
f 3759 3762 3760
f 3761 3763 3764
f 3761 3764 3762
f 3763 3765 3766
f 3763 3766 3764
f 3765 3767 3768
f 3765 3768 3766
f 3767 3769 3770
f 3767 3770 3768
f 3769 3771 3772
f 3769 3772 3770
f 3771 3773 3774
f 3771 3774 3772
f 3773 3775 3776
f 3773 3776 3774
f 3775 3777 3778
f 3775 3778 3776
f 3777 3779 3780
f 3777 3780 3778
f 3779 3781 3782
f 3779 3782 3780
f 3781 3783 3784
f 3781 3784 3782
f 3783 3785 3786
f 3783 3786 3784
f 3785 3787 3788
f 3785 3788 3786
f 3787 3789 3790
f 3787 3790 3788
f 3789 3791 3792
f 3789 3792 3790
f 3791 3793 3794
f 3791 3794 3792
f 3793 3795 3796
f 3793 3796 3794
f 3795 3797 3798
f 3795 3798 3796
f 3797 3799 3800
f 3797 3800 3798
f 3799 3801 3802
f 3799 3802 3800
f 3801 3803 3804
f 3801 3804 3802
f 3803 3805 3806
f 3803 3806 3804
f 3805 3807 3808
f 3805 3808 3806
f 3807 3809 3810
f 3807 3810 3808
f 3809 3811 3812
f 3809 3812 3810
f 3811 3813 3814
f 3811 3814 3812
f 3813 3815 3816
f 3813 3816 3814
f 3815 3817 3818
f 3815 3818 3816
f 3817 3819 3820
f 3817 3820 3818
f 3819 3821 3822
f 3819 3822 3820
f 3821 3823 3824
f 3821 3824 3822
f 3823 3825 3826
f 3823 3826 3824
f 3825 3827 3828
f 3825 3828 3826
f 3827 3829 3830
f 3827 3830 3828
f 3829 3831 3832
f 3829 3832 3830
f 3831 3833 3834
f 3831 3834 3832
f 3833 3835 3836
f 3833 3836 3834
f 3835 3837 3838
f 3835 3838 3836
f 3837 3839 3840
f 3837 3840 3838
f 3839 3841 3842
f 3839 3842 3840
f 3841 3843 3844
f 3841 3844 3842
f 3843 3845 3846
f 3843 3846 3844
f 3845 3847 3848
f 3845 3848 3846
f 3847 3849 3850
f 3847 3850 3848
f 3849 3851 3852
f 3849 3852 3850
f 3851 3853 3854
f 3851 3854 3852
f 3853 3855 3856
f 3853 3856 3854
f 3855 3857 3858
f 3855 3858 3856
f 3857 3859 3860
f 3857 3860 3858
f 3859 3861 3862
f 3859 3862 3860
f 3861 3863 3864
f 3861 3864 3862
f 3863 3865 3866
f 3863 3866 3864
f 3865 3867 3868
f 3865 3868 3866
f 3867 3869 3870
f 3867 3870 3868
f 3869 3871 3872
f 3869 3872 3870
f 3871 3873 3874
f 3871 3874 3872
f 3873 3875 3876
f 3873 3876 3874
f 3875 3877 3878
f 3875 3878 3876
f 3877 3879 3880
f 3877 3880 3878
f 3879 3881 3882
f 3879 3882 3880
f 3881 3883 3884
f 3881 3884 3882
f 3883 3885 3886
f 3883 3886 3884
f 3885 3887 3888
f 3885 3888 3886
f 3887 3889 3890
f 3887 3890 3888
f 3889 3891 3892
f 3889 3892 3890
f 3891 3893 3894
f 3891 3894 3892
f 3893 3895 3896
f 3893 3896 3894
f 3895 3897 3898
f 3895 3898 3896
f 3897 3899 3900
f 3897 3900 3898
f 3899 3901 3902
f 3899 3902 3900
f 3901 3903 3904
f 3901 3904 3902
f 3903 3905 3906
f 3903 3906 3904
f 3905 3907 3908
f 3905 3908 3906
f 3907 3909 3910
f 3907 3910 3908
f 3909 3911 3912
f 3909 3912 3910
f 3911 3913 3914
f 3911 3914 3912
f 3913 3915 3916
f 3913 3916 3914
f 3915 3917 3918
f 3915 3918 3916
f 3917 3919 3920
f 3917 3920 3918
f 3919 3921 3922
f 3919 3922 3920
f 3921 3923 3924
f 3921 3924 3922
f 3923 3925 3926
f 3923 3926 3924
f 3925 3927 3928
f 3925 3928 3926
f 3927 3929 3930
f 3927 3930 3928
f 3929 3931 3932
f 3929 3932 3930
f 3931 3933 3934
f 3931 3934 3932
f 3933 3935 3936
f 3933 3936 3934
f 3935 3937 3938
f 3935 3938 3936
f 3937 3939 3940
f 3937 3940 3938
f 3939 3941 3942
f 3939 3942 3940
f 3941 3943 3944
f 3941 3944 3942
f 3943 3945 3946
f 3943 3946 3944
f 3945 3947 3948
f 3945 3948 3946
f 3947 3949 3950
f 3947 3950 3948
f 3949 3951 3952
f 3949 3952 3950
f 3951 3953 3954
f 3951 3954 3952
f 3953 3955 3956
f 3953 3956 3954
f 3955 3957 3958
f 3955 3958 3956
f 3957 3959 3960
f 3957 3960 3958
f 3959 3961 3962
f 3959 3962 3960
f 3961 3963 3964
f 3961 3964 3962
f 3963 3965 3966
f 3963 3966 3964
f 3965 3967 3968
f 3965 3968 3966
f 3967 3969 3970
f 3967 3970 3968
f 3969 3971 3972
f 3969 3972 3970
f 3971 3973 3974
f 3971 3974 3972
f 3973 3975 3976
f 3973 3976 3974
f 3975 3977 3978
f 3975 3978 3976
f 3977 3979 3980
f 3977 3980 3978
f 3979 3981 3982
f 3979 3982 3980
f 3981 3983 3984
f 3981 3984 3982
f 3983 3985 3986
f 3983 3986 3984
f 3985 3987 3988
f 3985 3988 3986
f 3987 3989 3990
f 3987 3990 3988
f 3989 3991 3992
f 3989 3992 3990
f 3991 3993 3994
f 3991 3994 3992
f 3993 3995 3996
f 3993 3996 3994
f 3995 3997 3998
f 3995 3998 3996
f 3997 3999 4000
f 3997 4000 3998
f 3999 4001 4002
f 3999 4002 4000
f 4001 4003 4004
f 4001 4004 4002
f 4003 4005 4006
f 4003 4006 4004
f 4005 4007 4008
f 4005 4008 4006
f 4007 4009 4010
f 4007 4010 4008
f 4009 4011 4012
f 4009 4012 4010
f 4011 4013 4014
f 4011 4014 4012
f 4013 4015 4016
f 4013 4016 4014
f 4015 4017 4018
f 4015 4018 4016
f 4017 4019 4020
f 4017 4020 4018
f 4019 4021 4022
f 4019 4022 4020
f 4021 4023 4024
f 4021 4024 4022
f 4023 4025 4026
f 4023 4026 4024
f 4025 4027 4028
f 4025 4028 4026
f 4027 4029 4030
f 4027 4030 4028
f 4029 4031 4032
f 4029 4032 4030
f 4031 4033 4034
f 4031 4034 4032
f 4033 4035 4036
f 4033 4036 4034
f 4035 4037 4038
f 4035 4038 4036
f 4037 4039 4040
f 4037 4040 4038
f 4039 4041 4042
f 4039 4042 4040
f 4041 4043 4044
f 4041 4044 4042
f 4043 4045 4046
f 4043 4046 4044
f 4045 4047 4048
f 4045 4048 4046
f 4047 4049 4050
f 4047 4050 4048
f 4049 4051 4052
f 4049 4052 4050
f 4051 4053 4054
f 4051 4054 4052
f 4053 4055 4056
f 4053 4056 4054
f 4055 4057 4058
f 4055 4058 4056
f 4057 4059 4060
f 4057 4060 4058
f 4059 4061 4062
f 4059 4062 4060
f 4061 4063 4064
f 4061 4064 4062
f 4063 4065 4066
f 4063 4066 4064
f 4065 4067 4068
f 4065 4068 4066
f 4067 4069 4070
f 4067 4070 4068
f 4069 4071 4072
f 4069 4072 4070
f 4071 4073 4074
f 4071 4074 4072
f 4073 4075 4076
f 4073 4076 4074
f 4075 4077 4078
f 4075 4078 4076
f 4077 4079 4080
f 4077 4080 4078
f 4079 4081 4082
f 4079 4082 4080
f 4081 4083 4084
f 4081 4084 4082
f 4083 4085 4086
f 4083 4086 4084
f 4085 4087 4088
f 4085 4088 4086
f 4087 4089 4090
f 4087 4090 4088
f 4089 4091 4092
f 4089 4092 4090
f 4091 4093 4094
f 4091 4094 4092
f 4093 4095 4096
f 4093 4096 4094
f 4095 1 4
f 4095 4 4096
f 1 2049 1025
f 1 3073 2049
v -18000.000 -24481.000 4000.000
v -17928.000 -24481.000 4000.000
v -17856.000 -24481.000 4000.000
v -17784.000 -24481.000 4000.000
v -17712.000 -24481.000 4000.000
v -17640.000 -24481.000 4000.000
v -17568.000 -24481.000 4000.000
v -17496.000 -24481.000 4000.000
v -17424.000 -24481.000 4000.000
v -17352.000 -24481.000 4000.000
v -17280.000 -24481.000 4000.000
v -17208.000 -24481.000 4000.000
v -17136.000 -24481.000 4000.000
v -17064.000 -24481.000 4000.000
v -16992.000 -24481.000 4000.000
v -16920.000 -24481.000 4000.000
v -16848.000 -24481.000 4000.000
v -16776.000 -24481.000 4000.000
v -16704.000 -24481.000 4000.000
v -16632.000 -24481.000 4000.000
v -16560.000 -24481.000 4000.000
v -16488.000 -24481.000 4000.000
v -16416.000 -24481.000 4000.000
v -16344.000 -24481.000 4000.000
v -16272.000 -24481.000 4000.000
v -16200.000 -24481.000 4000.000
v -16128.000 -24481.000 4000.000
v -16056.000 -24481.000 4000.000
v -15984.000 -24481.000 4000.000
v -15912.000 -24481.000 4000.000
v -15840.000 -24481.000 4000.000
v -15768.000 -24481.000 4000.000
v -15696.000 -24481.000 4000.000
v -15624.000 -24481.000 4000.000
v -15552.000 -24481.000 4000.000
v -15480.000 -24481.000 4000.000
v -15408.000 -24481.000 4000.000
v -15336.000 -24481.000 4000.000
v -15264.000 -24481.000 4000.000
v -15192.000 -24481.000 4000.000
v -15120.000 -24481.000 4000.000
v -15048.000 -24481.000 4000.000
v -14976.000 -24481.000 4000.000
v -14904.000 -24481.000 4000.000
v -14832.000 -24481.000 4000.000
v -14760.000 -24481.000 4000.000
v -14688.000 -24481.000 4000.000
v -14616.000 -24481.000 4000.000
v -14544.000 -24481.000 4000.000
v -14472.000 -24481.000 4000.000
v -14400.000 -24481.000 4000.000
v -14328.000 -24481.000 4000.000
v -14256.000 -24481.000 4000.000
v -14184.000 -24481.000 4000.000
v -14112.000 -24481.000 4000.000
v -14040.000 -24481.000 4000.000
v -13968.000 -24481.000 4000.000
v -13896.000 -24481.000 4000.000
v -13824.000 -24481.000 4000.000
v -13752.000 -24481.000 4000.000
v -13680.000 -24481.000 4000.000
v -13608.000 -24481.000 4000.000
v -13536.000 -24481.000 4000.000
v -13464.000 -24481.000 4000.000
v -13392.000 -24481.000 4000.000
v -13320.000 -24481.000 4000.000
v -13248.000 -24481.000 4000.000
v -13176.000 -24481.000 4000.000
v -13104.000 -24481.000 4000.000
v -13032.000 -24481.000 4000.000
v -12960.000 -24481.000 4000.000
v -12888.000 -24481.000 4000.000
v -12816.000 -24481.000 4000.000
v -12744.000 -24481.000 4000.000
v -12672.000 -24481.000 4000.000
v -12600.000 -24481.000 4000.000
v -12528.000 -24481.000 4000.000
v -12456.000 -24481.000 4000.000
v -12384.000 -24481.000 4000.000
v -12312.000 -24481.000 4000.000
v -12240.000 -24481.000 4000.000
v -12168.000 -24481.000 4000.000
v -12096.000 -24481.000 4000.000
v -12024.000 -24481.000 4000.000
v -11952.000 -24481.000 4000.000
v -11880.000 -24481.000 4000.000
v -11808.000 -24481.000 4000.000
v -11736.000 -24481.000 4000.000
v -11664.000 -24481.000 4000.000
v -11592.000 -24481.000 4000.000
v -11520.000 -24481.000 4000.000
v -11448.000 -24481.000 4000.000
v -11376.000 -24481.000 4000.000
v -11304.000 -24481.000 4000.000
v -11232.000 -24481.000 4000.000
v -11160.000 -24481.000 4000.000
v -11088.000 -24481.000 4000.000
v -11016.000 -24481.000 4000.000
v -10944.000 -24481.000 4000.000
v -10872.000 -24481.000 4000.000
v -10800.000 -24481.000 4000.000
v -10728.000 -24481.000 4000.000
v -10656.000 -24481.000 4000.000
v -10584.000 -24481.000 4000.000
v -10512.000 -24481.000 4000.000
v -10440.000 -24481.000 4000.000
v -10368.000 -24481.000 4000.000
v -10296.000 -24481.000 4000.000
v -10224.000 -24481.000 4000.000
v -10152.000 -24481.000 4000.000
v -10080.000 -24481.000 4000.000
v -10008.000 -24481.000 4000.000
v -9936.000 -24481.000 4000.000
v -9864.000 -24481.000 4000.000
v -9792.000 -24481.000 4000.000
v -9720.000 -24481.000 4000.000
v -9648.000 -24481.000 4000.000
v -9576.000 -24481.000 4000.000
v -9504.000 -24481.000 4000.000
v -9432.000 -24481.000 4000.000
v -9360.000 -24481.000 4000.000
v -9288.000 -24481.000 4000.000
v -9216.000 -24481.000 4000.000
v -9144.000 -24481.000 4000.000
v -9072.000 -24481.000 4000.000
v -9000.000 -24481.000 4000.000
v -8928.000 -24481.000 4000.000
v -8856.000 -24481.000 4000.000
v -8784.000 -24481.000 4000.000
v -8712.000 -24481.000 4000.000
v -8640.000 -24481.000 4000.000
v -8568.000 -24481.000 4000.000
v -8496.000 -24481.000 4000.000
v -8424.000 -24481.000 4000.000
v -8352.000 -24481.000 4000.000
v -8280.000 -24481.000 4000.000
v -8208.000 -24481.000 4000.000
v -8136.000 -24481.000 4000.000
v -8064.000 -24481.000 4000.000
v -7992.000 -24481.000 4000.000
v -7920.000 -24481.000 4000.000
v -7848.000 -24481.000 4000.000
v -7776.000 -24481.000 4000.000
v -7704.000 -24481.000 4000.000
v -7632.000 -24481.000 4000.000
v -7560.000 -24481.000 4000.000
v -7488.000 -24481.000 4000.000
v -7416.000 -24481.000 4000.000
v -7344.000 -24481.000 4000.000
v -7272.000 -24481.000 4000.000
v -7200.000 -24481.000 4000.000
v -7128.000 -24481.000 4000.000
v -7056.000 -24481.000 4000.000
v -6984.000 -24481.000 4000.000
v -6912.000 -24481.000 4000.000
v -6840.000 -24481.000 4000.000
v -6768.000 -24481.000 4000.000
v -6696.000 -24481.000 4000.000
v -6624.000 -24481.000 4000.000
v -6552.000 -24481.000 4000.000
v -6480.000 -24481.000 4000.000
v -6408.000 -24481.000 4000.000
v -6336.000 -24481.000 4000.000
v -6264.000 -24481.000 4000.000
v -6192.000 -24481.000 4000.000
v -6120.000 -24481.000 4000.000
v -6048.000 -24481.000 4000.000
v -5976.000 -24481.000 4000.000
v -5904.000 -24481.000 4000.000
v -5832.000 -24481.000 4000.000
v -5760.000 -24481.000 4000.000
v -5688.000 -24481.000 4000.000
v -5616.000 -24481.000 4000.000
v -5544.000 -24481.000 4000.000
v -5472.000 -24481.000 4000.000
v -5400.000 -24481.000 4000.000
v -5328.000 -24481.000 4000.000
v -5256.000 -24481.000 4000.000
v -5184.000 -24481.000 4000.000
v -5112.000 -24481.000 4000.000
v -5040.000 -24481.000 4000.000
v -4968.000 -24481.000 4000.000
v -4896.000 -24481.000 4000.000
v -4824.000 -24481.000 4000.000
v -4752.000 -24481.000 4000.000
v -4680.000 -24481.000 4000.000
v -4608.000 -24481.000 4000.000
v -4536.000 -24481.000 4000.000
v -4464.000 -24481.000 4000.000
v -4392.000 -24481.000 4000.000
v -4320.000 -24481.000 4000.000
v -4248.000 -24481.000 4000.000
v -4176.000 -24481.000 4000.000
v -4104.000 -24481.000 4000.000
v -4032.000 -24481.000 4000.000
v -3960.000 -24481.000 4000.000
v -3888.000 -24481.000 4000.000
v -3816.000 -24481.000 4000.000
v -3744.000 -24481.000 4000.000
v -3672.000 -24481.000 4000.000
v -3600.000 -24481.000 4000.000
v -3528.000 -24481.000 4000.000
v -3456.000 -24481.000 4000.000
v -3384.000 -24481.000 4000.000
v -3312.000 -24481.000 4000.000
v -3240.000 -24481.000 4000.000
v -3168.000 -24481.000 4000.000
v -3096.000 -24481.000 4000.000
v -3024.000 -24481.000 4000.000
v -2952.000 -24481.000 4000.000
v -2880.000 -24481.000 4000.000
v -2808.000 -24481.000 4000.000
v -2736.000 -24481.000 4000.000
v -2664.000 -24481.000 4000.000
v -2592.000 -24481.000 4000.000
v -2520.000 -24481.000 4000.000
v -2448.000 -24481.000 4000.000
v -2376.000 -24481.000 4000.000
v -2304.000 -24481.000 4000.000
v -2232.000 -24481.000 4000.000
v -2160.000 -24481.000 4000.000
v -2088.000 -24481.000 4000.000
v -2016.000 -24481.000 4000.000
v -1944.000 -24481.000 4000.000
v -1872.000 -24481.000 4000.000
v -1800.000 -24481.000 4000.000
v -1728.000 -24481.000 4000.000
v -1656.000 -24481.000 4000.000
v -1584.000 -24481.000 4000.000
v -1512.000 -24481.000 4000.000
v -1440.000 -24481.000 4000.000
v -1368.000 -24481.000 4000.000
v -1296.000 -24481.000 4000.000
v -1224.000 -24481.000 4000.000
v -1152.000 -24481.000 4000.000
v -1080.000 -24481.000 4000.000
v -1008.000 -24481.000 4000.000
v -936.000 -24481.000 4000.000
v -864.000 -24481.000 4000.000
v -792.000 -24481.000 4000.000
v -720.000 -24481.000 4000.000
v -648.000 -24481.000 4000.000
v -576.000 -24481.000 4000.000
v -504.000 -24481.000 4000.000
v -432.000 -24481.000 4000.000
v -360.000 -24481.000 4000.000
v -288.000 -24481.000 4000.000
v -216.000 -24481.000 4000.000
v -144.000 -24481.000 4000.000
v -72.000 -24481.000 4000.000
v 0.000 -24481.000 4000.000
v 72.000 -24481.000 4000.000
v 144.000 -24481.000 4000.000
v 216.000 -24481.000 4000.000
v 288.000 -24481.000 4000.000
v 360.000 -24481.000 4000.000
v 432.000 -24481.000 4000.000
v 504.000 -24481.000 4000.000
v 576.000 -24481.000 4000.000
v 648.000 -24481.000 4000.000
v 720.000 -24481.000 4000.000
v 792.000 -24481.000 4000.000
v 864.000 -24481.000 4000.000
v 936.000 -24481.000 4000.000
v 1008.000 -24481.000 4000.000
v 1080.000 -24481.000 4000.000
v 1152.000 -24481.000 4000.000
v 1224.000 -24481.000 4000.000
v 1296.000 -24481.000 4000.000
v 1368.000 -24481.000 4000.000
v 1440.000 -24481.000 4000.000
v 1512.000 -24481.000 4000.000
v 1584.000 -24481.000 4000.000
v 1656.000 -24481.000 4000.000
v 1728.000 -24481.000 4000.000
v 1800.000 -24481.000 4000.000
v 1872.000 -24481.000 4000.000
v 1944.000 -24481.000 4000.000
v 2016.000 -24481.000 4000.000
v 2088.000 -24481.000 4000.000
v 2160.000 -24481.000 4000.000
v 2232.000 -24481.000 4000.000
v 2304.000 -24481.000 4000.000
v 2376.000 -24481.000 4000.000
v 2448.000 -24481.000 4000.000
v 2520.000 -24481.000 4000.000
v 2592.000 -24481.000 4000.000
v 2664.000 -24481.000 4000.000
v 2736.000 -24481.000 4000.000
v 2808.000 -24481.000 4000.000
v 2880.000 -24481.000 4000.000
v 2952.000 -24481.000 4000.000
v 3024.000 -24481.000 4000.000
v 3096.000 -24481.000 4000.000
v 3168.000 -24481.000 4000.000
v 3240.000 -24481.000 4000.000
v 3312.000 -24481.000 4000.000
v 3384.000 -24481.000 4000.000
v 3456.000 -24481.000 4000.000
v 3528.000 -24481.000 4000.000
v 3600.000 -24481.000 4000.000
v 3672.000 -24481.000 4000.000
v 3744.000 -24481.000 4000.000
v 3816.000 -24481.000 4000.000
v 3888.000 -24481.000 4000.000
v 3960.000 -24481.000 4000.000
v 4032.000 -24481.000 4000.000
v 4104.000 -24481.000 4000.000
v 4176.000 -24481.000 4000.000
v 4248.000 -24481.000 4000.000
v 4320.000 -24481.000 4000.000
v 4392.000 -24481.000 4000.000
v 4464.000 -24481.000 4000.000
v 4536.000 -24481.000 4000.000
v 4608.000 -24481.000 4000.000
v 4680.000 -24481.000 4000.000
v 4752.000 -24481.000 4000.000
v 4824.000 -24481.000 4000.000
v 4896.000 -24481.000 4000.000
v 4968.000 -24481.000 4000.000
v 5040.000 -24481.000 4000.000
v 5112.000 -24481.000 4000.000
v 5184.000 -24481.000 4000.000
v 5256.000 -24481.000 4000.000
v 5328.000 -24481.000 4000.000
v 5400.000 -24481.000 4000.000
v 5472.000 -24481.000 4000.000
v 5544.000 -24481.000 4000.000
v 5616.000 -24481.000 4000.000
v 5688.000 -24481.000 4000.000
v 5760.000 -24481.000 4000.000
v 5832.000 -24481.000 4000.000
v 5904.000 -24481.000 4000.000
v 5976.000 -24481.000 4000.000
v 6048.000 -24481.000 4000.000
v 6120.000 -24481.000 4000.000
v 6192.000 -24481.000 4000.000
v 6264.000 -24481.000 4000.000
v 6336.000 -24481.000 4000.000
v 6408.000 -24481.000 4000.000
v 6480.000 -24481.000 4000.000
v 6552.000 -24481.000 4000.000
v 6624.000 -24481.000 4000.000
v 6696.000 -24481.000 4000.000
v 6768.000 -24481.000 4000.000
v 6840.000 -24481.000 4000.000
v 6912.000 -24481.000 4000.000
v 6984.000 -24481.000 4000.000
v 7056.000 -24481.000 4000.000
v 7128.000 -24481.000 4000.000
v 7200.000 -24481.000 4000.000
v 7272.000 -24481.000 4000.000
v 7344.000 -24481.000 4000.000
v 7416.000 -24481.000 4000.000
v 7488.000 -24481.000 4000.000
v 7560.000 -24481.000 4000.000
v 7632.000 -24481.000 4000.000
v 7704.000 -24481.000 4000.000
v 7776.000 -24481.000 4000.000
v 7848.000 -24481.000 4000.000
v 7920.000 -24481.000 4000.000
v 7992.000 -24481.000 4000.000
v 8064.000 -24481.000 4000.000
v 8136.000 -24481.000 4000.000
v 8208.000 -24481.000 4000.000
v 8280.000 -24481.000 4000.000
v 8352.000 -24481.000 4000.000
v 8424.000 -24481.000 4000.000
v 8496.000 -24481.000 4000.000
v 8568.000 -24481.000 4000.000
v 8640.000 -24481.000 4000.000
v 8712.000 -24481.000 4000.000
v 8784.000 -24481.000 4000.000
v 8856.000 -24481.000 4000.000
v 8928.000 -24481.000 4000.000
v 9000.000 -24481.000 4000.000
v 9072.000 -24481.000 4000.000
v 9144.000 -24481.000 4000.000
v 9216.000 -24481.000 4000.000
v 9288.000 -24481.000 4000.000
v 9360.000 -24481.000 4000.000
v 9432.000 -24481.000 4000.000
v 9504.000 -24481.000 4000.000
v 9576.000 -24481.000 4000.000
v 9648.000 -24481.000 4000.000
v 9720.000 -24481.000 4000.000
v 9792.000 -24481.000 4000.000
v 9864.000 -24481.000 4000.000
v 9936.000 -24481.000 4000.000
v 10008.000 -24481.000 4000.000
v 10080.000 -24481.000 4000.000
v 10152.000 -24481.000 4000.000
v 10224.000 -24481.000 4000.000
v 10296.000 -24481.000 4000.000
v 10368.000 -24481.000 4000.000
v 10440.000 -24481.000 4000.000
v 10512.000 -24481.000 4000.000
v 10584.000 -24481.000 4000.000
v 10656.000 -24481.000 4000.000
v 10728.000 -24481.000 4000.000
v 10800.000 -24481.000 4000.000
v 10872.000 -24481.000 4000.000
v 10944.000 -24481.000 4000.000
v 11016.000 -24481.000 4000.000
v 11088.000 -24481.000 4000.000
v 11160.000 -24481.000 4000.000
v 11232.000 -24481.000 4000.000
v 11304.000 -24481.000 4000.000
v 11376.000 -24481.000 4000.000
v 11448.000 -24481.000 4000.000
v 11520.000 -24481.000 4000.000
v 11592.000 -24481.000 4000.000
v 11664.000 -24481.000 4000.000
v 11736.000 -24481.000 4000.000
v 11808.000 -24481.000 4000.000
v 11880.000 -24481.000 4000.000
v 11952.000 -24481.000 4000.000
v 12024.000 -24481.000 4000.000
v 12096.000 -24481.000 4000.000
v 12168.000 -24481.000 4000.000
v 12240.000 -24481.000 4000.000
v 12312.000 -24481.000 4000.000
v 12384.000 -24481.000 4000.000
v 12456.000 -24481.000 4000.000
v 12528.000 -24481.000 4000.000
v 12600.000 -24481.000 4000.000
v 12672.000 -24481.000 4000.000
v 12744.000 -24481.000 4000.000
v 12816.000 -24481.000 4000.000
v 12888.000 -24481.000 4000.000
v 12960.000 -24481.000 4000.000
v 13032.000 -24481.000 4000.000
v 13104.000 -24481.000 4000.000
v 13176.000 -24481.000 4000.000
v 13248.000 -24481.000 4000.000
v 13320.000 -24481.000 4000.000
v 13392.000 -24481.000 4000.000
v 13464.000 -24481.000 4000.000
v 13536.000 -24481.000 4000.000
v 13608.000 -24481.000 4000.000
v 13680.000 -24481.000 4000.000
v 13752.000 -24481.000 4000.000
v 13824.000 -24481.000 4000.000
v 13896.000 -24481.000 4000.000
v 13968.000 -24481.000 4000.000
v 14040.000 -24481.000 4000.000
v 14112.000 -24481.000 4000.000
v 14184.000 -24481.000 4000.000
v 14256.000 -24481.000 4000.000
v 14328.000 -24481.000 4000.000
v 14400.000 -24481.000 4000.000
v 14472.000 -24481.000 4000.000
v 14544.000 -24481.000 4000.000
v 14616.000 -24481.000 4000.000
v 14688.000 -24481.000 4000.000
v 14760.000 -24481.000 4000.000
v 14832.000 -24481.000 4000.000
v 14904.000 -24481.000 4000.000
v 14976.000 -24481.000 4000.000
v 15048.000 -24481.000 4000.000
v 15120.000 -24481.000 4000.000
v 15192.000 -24481.000 4000.000
v 15264.000 -24481.000 4000.000
v 15336.000 -24481.000 4000.000
v 15408.000 -24481.000 4000.000
v 15480.000 -24481.000 4000.000
v 15552.000 -24481.000 4000.000
v 15624.000 -24481.000 4000.000
v 15696.000 -24481.000 4000.000
v 15768.000 -24481.000 4000.000
v 15840.000 -24481.000 4000.000
v 15912.000 -24481.000 4000.000
v 15984.000 -24481.000 4000.000
v 16056.000 -24481.000 4000.000
v 16128.000 -24481.000 4000.000
v 16200.000 -24481.000 4000.000
v 16272.000 -24481.000 4000.000
v 16344.000 -24481.000 4000.000
v 16416.000 -24481.000 4000.000
v 16488.000 -24481.000 4000.000
v 16560.000 -24481.000 4000.000
v 16632.000 -24481.000 4000.000
v 16704.000 -24481.000 4000.000
v 16776.000 -24481.000 4000.000
v 16848.000 -24481.000 4000.000
v 16920.000 -24481.000 4000.000
v 16992.000 -24481.000 4000.000
v 17064.000 -24481.000 4000.000
v 17136.000 -24481.000 4000.000
v 17208.000 -24481.000 4000.000
v 17280.000 -24481.000 4000.000
v 17352.000 -24481.000 4000.000
v 17424.000 -24481.000 4000.000
v 17496.000 -24481.000 4000.000
v 17568.000 -24481.000 4000.000
v 17640.000 -24481.000 4000.000
v 17712.000 -24481.000 4000.000
v 17784.000 -24481.000 4000.000
v 17856.000 -24481.000 4000.000
v 17928.000 -24481.000 4000.000
v 18000.000 -24481.000 4000.000
v 18072.000 -24481.000 4000.000
v 18144.000 -24481.000 4000.000
v 18216.000 -24481.000 4000.000
v 18288.000 -24481.000 4000.000
v 18360.000 -24481.000 4000.000
v 18432.000 -24481.000 4000.000
v 18504.000 -24481.000 4000.000
v 18576.000 -24481.000 4000.000
v 18648.000 -24481.000 4000.000
v 18720.000 -24481.000 4000.000
v 18792.000 -24481.000 4000.000
v 18864.000 -24481.000 4000.000
l 4097 4098 4099 4100 4101 4102 4103 4104 4105 4106 4107 4108 4109 4110 4111 4112 4113 4114 4115 4116 4117 4118 4119 4120 4121 4122 4123 4124 4125 4126 4127 4128 4129 4130 4131 4132 4133 4134 4135 4136 4137 4138 4139 4140 4141 4142 4143 4144 4145 4146 4147 4148 4149 4150 4151 4152 4153 4154 4155 4156 4157 4158 4159 4160 4161 4162 4163 4164 4165 4166 4167 4168 4169 4170 4171 4172 4173 4174 4175 4176 4177 4178 4179 4180 4181 4182 4183 4184 4185 4186 4187 4188 4189 4190 4191 4192 4193 4194 4195 4196 4197 4198 4199 4200 4201 4202 4203 4204 4205 4206 4207 4208 4209 4210 4211 4212 4213 4214 4215 4216 4217 4218 4219 4220 4221 4222 4223 4224 4225 4226 4227 4228 4229 4230 4231 4232 4233 4234 4235 4236 4237 4238 4239 4240 4241 4242 4243 4244 4245 4246 4247 4248 4249 4250 4251 4252 4253 4254 4255 4256 4257 4258 4259 4260 4261 4262 4263 4264 4265 4266 4267 4268 4269 4270 4271 4272 4273 4274 4275 4276 4277 4278 4279 4280 4281 4282 4283 4284 4285 4286 4287 4288 4289 4290 4291 4292 4293 4294 4295 4296 4297 4298 4299 4300 4301 4302 4303 4304 4305 4306 4307 4308 4309 4310 4311 4312 4313 4314 4315 4316 4317 4318 4319 4320 4321 4322 4323 4324 4325 4326 4327 4328 4329 4330 4331 4332 4333 4334 4335 4336 4337 4338 4339 4340 4341 4342 4343 4344 4345 4346 4347 4348 4349 4350 4351 4352 4353 4354 4355 4356 4357 4358 4359 4360 4361 4362 4363 4364 4365 4366 4367 4368 4369 4370 4371 4372 4373 4374 4375 4376 4377 4378 4379 4380 4381 4382 4383 4384 4385 4386 4387 4388 4389 4390 4391 4392 4393 4394 4395 4396 4397 4398 4399 4400 4401 4402 4403 4404 4405 4406 4407 4408 4409 4410 4411 4412 4413 4414 4415 4416 4417 4418 4419 4420 4421 4422 4423 4424 4425 4426 4427 4428 4429 4430 4431 4432 4433 4434 4435 4436 4437 4438 4439 4440 4441 4442 4443 4444 4445 4446 4447 4448 4449 4450 4451 4452 4453 4454 4455 4456 4457 4458 4459 4460 4461 4462 4463 4464 4465 4466 4467 4468 4469 4470 4471 4472 4473 4474 4475 4476 4477 4478 4479 4480 4481 4482 4483 4484 4485 4486 4487 4488 4489 4490 4491 4492 4493 4494 4495 4496 4497 4498 4499 4500 4501 4502 4503 4504 4505 4506 4507 4508 4509 4510 4511 4512 4513 4514 4515 4516 4517 4518 4519 4520 4521 4522 4523 4524 4525 4526 4527 4528 4529 4530 4531 4532 4533 4534 4535 4536 4537 4538 4539 4540 4541 4542 4543 4544 4545 4546 4547 4548 4549 4550 4551 4552 4553 4554 4555 4556 4557 4558 4559 4560 4561 4562 4563 4564 4565 4566 4567 4568 4569 4570 4571 4572 4573 4574 4575 4576 4577 4578 4579 4580 4581 4582 4583 4584 4585 4586 4587 4588 4589 4590 4591 4592 4593 4594 4595 4596 4597 4598 4599 4600 4601 4602 4603 4604 4605 4606 4607 4608 4609
v -18000.000 -24481.000 4500.000
v -17928.000 -24481.000 4500.000
v -17856.000 -24481.000 4500.000
v -17784.000 -24481.000 4500.000
v -17712.000 -24481.000 4500.000
v -17640.000 -24481.000 4500.000
v -17568.000 -24481.000 4500.000
v -17496.000 -24481.000 4500.000
v -17424.000 -24481.000 4500.000
v -17352.000 -24481.000 4500.000
v -17280.000 -24481.000 4500.000
v -17208.000 -24481.000 4500.000
v -17136.000 -24481.000 4500.000
v -17064.000 -24481.000 4500.000
v -16992.000 -24481.000 4500.000
v -16920.000 -24481.000 4500.000
v -16848.000 -24481.000 4500.000
v -16776.000 -24481.000 4500.000
v -16704.000 -24481.000 4500.000
v -16632.000 -24481.000 4500.000
v -16560.000 -24481.000 4500.000
v -16488.000 -24481.000 4500.000
v -16416.000 -24481.000 4500.000
v -16344.000 -24481.000 4500.000
v -16272.000 -24481.000 4500.000
v -16200.000 -24481.000 4500.000
v -16128.000 -24481.000 4500.000
v -16056.000 -24481.000 4500.000
v -15984.000 -24481.000 4500.000
v -15912.000 -24481.000 4500.000
v -15840.000 -24481.000 4500.000
v -15768.000 -24481.000 4500.000
v -15696.000 -24481.000 4500.000
v -15624.000 -24481.000 4500.000
v -15552.000 -24481.000 4500.000
v -15480.000 -24481.000 4500.000
v -15408.000 -24481.000 4500.000
v -15336.000 -24481.000 4500.000
v -15264.000 -24481.000 4500.000
v -15192.000 -24481.000 4500.000
v -15120.000 -24481.000 4500.000
v -15048.000 -24481.000 4500.000
v -14976.000 -24481.000 4500.000
v -14904.000 -24481.000 4500.000
v -14832.000 -24481.000 4500.000
v -14760.000 -24481.000 4500.000
v -14688.000 -24481.000 4500.000
v -14616.000 -24481.000 4500.000
v -14544.000 -24481.000 4500.000
v -14472.000 -24481.000 4500.000
v -14400.000 -24481.000 4500.000
v -14328.000 -24481.000 4500.000
v -14256.000 -24481.000 4500.000
v -14184.000 -24481.000 4500.000
v -14112.000 -24481.000 4500.000
v -14040.000 -24481.000 4500.000
v -13968.000 -24481.000 4500.000
v -13896.000 -24481.000 4500.000
v -13824.000 -24481.000 4500.000
v -13752.000 -24481.000 4500.000
v -13680.000 -24481.000 4500.000
v -13608.000 -24481.000 4500.000
v -13536.000 -24481.000 4500.000
v -13464.000 -24481.000 4500.000
v -13392.000 -24481.000 4500.000
v -13320.000 -24481.000 4500.000
v -13248.000 -24481.000 4500.000
v -13176.000 -24481.000 4500.000
v -13104.000 -24481.000 4500.000
v -13032.000 -24481.000 4500.000
v -12960.000 -24481.000 4500.000
v -12888.000 -24481.000 4500.000
v -12816.000 -24481.000 4500.000
v -12744.000 -24481.000 4500.000
v -12672.000 -24481.000 4500.000
v -12600.000 -24481.000 4500.000
v -12528.000 -24481.000 4500.000
v -12456.000 -24481.000 4500.000
v -12384.000 -24481.000 4500.000
v -12312.000 -24481.000 4500.000
v -12240.000 -24481.000 4500.000
v -12168.000 -24481.000 4500.000
v -12096.000 -24481.000 4500.000
v -12024.000 -24481.000 4500.000
v -11952.000 -24481.000 4500.000
v -11880.000 -24481.000 4500.000
v -11808.000 -24481.000 4500.000
v -11736.000 -24481.000 4500.000
v -11664.000 -24481.000 4500.000
v -11592.000 -24481.000 4500.000
v -11520.000 -24481.000 4500.000
v -11448.000 -24481.000 4500.000
v -11376.000 -24481.000 4500.000
v -11304.000 -24481.000 4500.000
v -11232.000 -24481.000 4500.000
v -11160.000 -24481.000 4500.000
v -11088.000 -24481.000 4500.000
v -11016.000 -24481.000 4500.000
v -10944.000 -24481.000 4500.000
v -10872.000 -24481.000 4500.000
v -10800.000 -24481.000 4500.000
v -10728.000 -24481.000 4500.000
v -10656.000 -24481.000 4500.000
v -10584.000 -24481.000 4500.000
v -10512.000 -24481.000 4500.000
v -10440.000 -24481.000 4500.000
v -10368.000 -24481.000 4500.000
v -10296.000 -24481.000 4500.000
v -10224.000 -24481.000 4500.000
v -10152.000 -24481.000 4500.000
v -10080.000 -24481.000 4500.000
v -10008.000 -24481.000 4500.000
v -9936.000 -24481.000 4500.000
v -9864.000 -24481.000 4500.000
v -9792.000 -24481.000 4500.000
v -9720.000 -24481.000 4500.000
v -9648.000 -24481.000 4500.000
v -9576.000 -24481.000 4500.000
v -9504.000 -24481.000 4500.000
v -9432.000 -24481.000 4500.000
v -9360.000 -24481.000 4500.000
v -9288.000 -24481.000 4500.000
v -9216.000 -24481.000 4500.000
v -9144.000 -24481.000 4500.000
v -9072.000 -24481.000 4500.000
v -9000.000 -24481.000 4500.000
v -8928.000 -24481.000 4500.000
v -8856.000 -24481.000 4500.000
v -8784.000 -24481.000 4500.000
v -8712.000 -24481.000 4500.000
v -8640.000 -24481.000 4500.000
v -8568.000 -24481.000 4500.000
v -8496.000 -24481.000 4500.000
v -8424.000 -24481.000 4500.000
v -8352.000 -24481.000 4500.000
v -8280.000 -24481.000 4500.000
v -8208.000 -24481.000 4500.000
v -8136.000 -24481.000 4500.000
v -8064.000 -24481.000 4500.000
v -7992.000 -24481.000 4500.000
v -7920.000 -24481.000 4500.000
v -7848.000 -24481.000 4500.000
v -7776.000 -24481.000 4500.000
v -7704.000 -24481.000 4500.000
v -7632.000 -24481.000 4500.000
v -7560.000 -24481.000 4500.000
v -7488.000 -24481.000 4500.000
v -7416.000 -24481.000 4500.000
v -7344.000 -24481.000 4500.000
v -7272.000 -24481.000 4500.000
v -7200.000 -24481.000 4500.000
v -7128.000 -24481.000 4500.000
v -7056.000 -24481.000 4500.000
v -6984.000 -24481.000 4500.000
v -6912.000 -24481.000 4500.000
v -6840.000 -24481.000 4500.000
v -6768.000 -24481.000 4500.000
v -6696.000 -24481.000 4500.000
v -6624.000 -24481.000 4500.000
v -6552.000 -24481.000 4500.000
v -6480.000 -24481.000 4500.000
v -6408.000 -24481.000 4500.000
v -6336.000 -24481.000 4500.000
v -6264.000 -24481.000 4500.000
v -6192.000 -24481.000 4500.000
v -6120.000 -24481.000 4500.000
v -6048.000 -24481.000 4500.000
v -5976.000 -24481.000 4500.000
v -5904.000 -24481.000 4500.000
v -5832.000 -24481.000 4500.000
v -5760.000 -24481.000 4500.000
v -5688.000 -24481.000 4500.000
v -5616.000 -24481.000 4500.000
v -5544.000 -24481.000 4500.000
v -5472.000 -24481.000 4500.000
v -5400.000 -24481.000 4500.000
v -5328.000 -24481.000 4500.000
v -5256.000 -24481.000 4500.000
v -5184.000 -24481.000 4500.000
v -5112.000 -24481.000 4500.000
v -5040.000 -24481.000 4500.000
v -4968.000 -24481.000 4500.000
v -4896.000 -24481.000 4500.000
v -4824.000 -24481.000 4500.000
v -4752.000 -24481.000 4500.000
v -4680.000 -24481.000 4500.000
v -4608.000 -24481.000 4500.000
v -4536.000 -24481.000 4500.000
v -4464.000 -24481.000 4500.000
v -4392.000 -24481.000 4500.000
v -4320.000 -24481.000 4500.000
v -4248.000 -24481.000 4500.000
v -4176.000 -24481.000 4500.000
v -4104.000 -24481.000 4500.000
v -4032.000 -24481.000 4500.000
v -3960.000 -24481.000 4500.000
v -3888.000 -24481.000 4500.000
v -3816.000 -24481.000 4500.000
v -3744.000 -24481.000 4500.000
v -3672.000 -24481.000 4500.000
v -3600.000 -24481.000 4500.000
v -3528.000 -24481.000 4500.000
v -3456.000 -24481.000 4500.000
v -3384.000 -24481.000 4500.000
v -3312.000 -24481.000 4500.000
v -3240.000 -24481.000 4500.000
v -3168.000 -24481.000 4500.000
v -3096.000 -24481.000 4500.000
v -3024.000 -24481.000 4500.000
v -2952.000 -24481.000 4500.000
v -2880.000 -24481.000 4500.000
v -2808.000 -24481.000 4500.000
v -2736.000 -24481.000 4500.000
v -2664.000 -24481.000 4500.000
v -2592.000 -24481.000 4500.000
v -2520.000 -24481.000 4500.000
v -2448.000 -24481.000 4500.000
v -2376.000 -24481.000 4500.000
v -2304.000 -24481.000 4500.000
v -2232.000 -24481.000 4500.000
v -2160.000 -24481.000 4500.000
v -2088.000 -24481.000 4500.000
v -2016.000 -24481.000 4500.000
v -1944.000 -24481.000 4500.000
v -1872.000 -24481.000 4500.000
v -1800.000 -24481.000 4500.000
v -1728.000 -24481.000 4500.000
v -1656.000 -24481.000 4500.000
v -1584.000 -24481.000 4500.000
v -1512.000 -24481.000 4500.000
v -1440.000 -24481.000 4500.000
v -1368.000 -24481.000 4500.000
v -1296.000 -24481.000 4500.000
v -1224.000 -24481.000 4500.000
v -1152.000 -24481.000 4500.000
v -1080.000 -24481.000 4500.000
v -1008.000 -24481.000 4500.000
v -936.000 -24481.000 4500.000
v -864.000 -24481.000 4500.000
v -792.000 -24481.000 4500.000
v -720.000 -24481.000 4500.000
v -648.000 -24481.000 4500.000
v -576.000 -24481.000 4500.000
v -504.000 -24481.000 4500.000
v -432.000 -24481.000 4500.000
v -360.000 -24481.000 4500.000
v -288.000 -24481.000 4500.000
v -216.000 -24481.000 4500.000
v -144.000 -24481.000 4500.000
v -72.000 -24481.000 4500.000
v 0.000 -24481.000 4500.000
v 72.000 -24481.000 4500.000
v 144.000 -24481.000 4500.000
v 216.000 -24481.000 4500.000
v 288.000 -24481.000 4500.000
v 360.000 -24481.000 4500.000
v 432.000 -24481.000 4500.000
v 504.000 -24481.000 4500.000
v 576.000 -24481.000 4500.000
v 648.000 -24481.000 4500.000
v 720.000 -24481.000 4500.000
v 792.000 -24481.000 4500.000
v 864.000 -24481.000 4500.000
v 936.000 -24481.000 4500.000
v 1008.000 -24481.000 4500.000
v 1080.000 -24481.000 4500.000
v 1152.000 -24481.000 4500.000
v 1224.000 -24481.000 4500.000
v 1296.000 -24481.000 4500.000
v 1368.000 -24481.000 4500.000
v 1440.000 -24481.000 4500.000
v 1512.000 -24481.000 4500.000
v 1584.000 -24481.000 4500.000
v 1656.000 -24481.000 4500.000
v 1728.000 -24481.000 4500.000
v 1800.000 -24481.000 4500.000
v 1872.000 -24481.000 4500.000
v 1944.000 -24481.000 4500.000
v 2016.000 -24481.000 4500.000
v 2088.000 -24481.000 4500.000
v 2160.000 -24481.000 4500.000
v 2232.000 -24481.000 4500.000
v 2304.000 -24481.000 4500.000
v 2376.000 -24481.000 4500.000
v 2448.000 -24481.000 4500.000
v 2520.000 -24481.000 4500.000
v 2592.000 -24481.000 4500.000
v 2664.000 -24481.000 4500.000
v 2736.000 -24481.000 4500.000
v 2808.000 -24481.000 4500.000
v 2880.000 -24481.000 4500.000
v 2952.000 -24481.000 4500.000
v 3024.000 -24481.000 4500.000
v 3096.000 -24481.000 4500.000
v 3168.000 -24481.000 4500.000
v 3240.000 -24481.000 4500.000
v 3312.000 -24481.000 4500.000
v 3384.000 -24481.000 4500.000
v 3456.000 -24481.000 4500.000
v 3528.000 -24481.000 4500.000
v 3600.000 -24481.000 4500.000
v 3672.000 -24481.000 4500.000
v 3744.000 -24481.000 4500.000
v 3816.000 -24481.000 4500.000
v 3888.000 -24481.000 4500.000
v 3960.000 -24481.000 4500.000
v 4032.000 -24481.000 4500.000
v 4104.000 -24481.000 4500.000
v 4176.000 -24481.000 4500.000
v 4248.000 -24481.000 4500.000
v 4320.000 -24481.000 4500.000
v 4392.000 -24481.000 4500.000
v 4464.000 -24481.000 4500.000
v 4536.000 -24481.000 4500.000
v 4608.000 -24481.000 4500.000
v 4680.000 -24481.000 4500.000
v 4752.000 -24481.000 4500.000
v 4824.000 -24481.000 4500.000
v 4896.000 -24481.000 4500.000
v 4968.000 -24481.000 4500.000
v 5040.000 -24481.000 4500.000
v 5112.000 -24481.000 4500.000
v 5184.000 -24481.000 4500.000
v 5256.000 -24481.000 4500.000
v 5328.000 -24481.000 4500.000
v 5400.000 -24481.000 4500.000
v 5472.000 -24481.000 4500.000
v 5544.000 -24481.000 4500.000
v 5616.000 -24481.000 4500.000
v 5688.000 -24481.000 4500.000
v 5760.000 -24481.000 4500.000
v 5832.000 -24481.000 4500.000
v 5904.000 -24481.000 4500.000
v 5976.000 -24481.000 4500.000
v 6048.000 -24481.000 4500.000
v 6120.000 -24481.000 4500.000
v 6192.000 -24481.000 4500.000
v 6264.000 -24481.000 4500.000
v 6336.000 -24481.000 4500.000
v 6408.000 -24481.000 4500.000
v 6480.000 -24481.000 4500.000
v 6552.000 -24481.000 4500.000
v 6624.000 -24481.000 4500.000
v 6696.000 -24481.000 4500.000
v 6768.000 -24481.000 4500.000
v 6840.000 -24481.000 4500.000
v 6912.000 -24481.000 4500.000
v 6984.000 -24481.000 4500.000
v 7056.000 -24481.000 4500.000
v 7128.000 -24481.000 4500.000
v 7200.000 -24481.000 4500.000
v 7272.000 -24481.000 4500.000
v 7344.000 -24481.000 4500.000
v 7416.000 -24481.000 4500.000
v 7488.000 -24481.000 4500.000
v 7560.000 -24481.000 4500.000
v 7632.000 -24481.000 4500.000
v 7704.000 -24481.000 4500.000
v 7776.000 -24481.000 4500.000
v 7848.000 -24481.000 4500.000
v 7920.000 -24481.000 4500.000
v 7992.000 -24481.000 4500.000
v 8064.000 -24481.000 4500.000
v 8136.000 -24481.000 4500.000
v 8208.000 -24481.000 4500.000
v 8280.000 -24481.000 4500.000
v 8352.000 -24481.000 4500.000
v 8424.000 -24481.000 4500.000
v 8496.000 -24481.000 4500.000
v 8568.000 -24481.000 4500.000
v 8640.000 -24481.000 4500.000
v 8712.000 -24481.000 4500.000
v 8784.000 -24481.000 4500.000
v 8856.000 -24481.000 4500.000
v 8928.000 -24481.000 4500.000
v 9000.000 -24481.000 4500.000
v 9072.000 -24481.000 4500.000
v 9144.000 -24481.000 4500.000
v 9216.000 -24481.000 4500.000
v 9288.000 -24481.000 4500.000
v 9360.000 -24481.000 4500.000
v 9432.000 -24481.000 4500.000
v 9504.000 -24481.000 4500.000
v 9576.000 -24481.000 4500.000
v 9648.000 -24481.000 4500.000
v 9720.000 -24481.000 4500.000
v 9792.000 -24481.000 4500.000
v 9864.000 -24481.000 4500.000
v 9936.000 -24481.000 4500.000
v 10008.000 -24481.000 4500.000
v 10080.000 -24481.000 4500.000
v 10152.000 -24481.000 4500.000
v 10224.000 -24481.000 4500.000
v 10296.000 -24481.000 4500.000
v 10368.000 -24481.000 4500.000
v 10440.000 -24481.000 4500.000
v 10512.000 -24481.000 4500.000
v 10584.000 -24481.000 4500.000
v 10656.000 -24481.000 4500.000
v 10728.000 -24481.000 4500.000
v 10800.000 -24481.000 4500.000
v 10872.000 -24481.000 4500.000
v 10944.000 -24481.000 4500.000
v 11016.000 -24481.000 4500.000
v 11088.000 -24481.000 4500.000
v 11160.000 -24481.000 4500.000
v 11232.000 -24481.000 4500.000
v 11304.000 -24481.000 4500.000
v 11376.000 -24481.000 4500.000
v 11448.000 -24481.000 4500.000
v 11520.000 -24481.000 4500.000
v 11592.000 -24481.000 4500.000
v 11664.000 -24481.000 4500.000
v 11736.000 -24481.000 4500.000
v 11808.000 -24481.000 4500.000
v 11880.000 -24481.000 4500.000
v 11952.000 -24481.000 4500.000
v 12024.000 -24481.000 4500.000
v 12096.000 -24481.000 4500.000
v 12168.000 -24481.000 4500.000
v 12240.000 -24481.000 4500.000
v 12312.000 -24481.000 4500.000
v 12384.000 -24481.000 4500.000
v 12456.000 -24481.000 4500.000
v 12528.000 -24481.000 4500.000
v 12600.000 -24481.000 4500.000
v 12672.000 -24481.000 4500.000
v 12744.000 -24481.000 4500.000
v 12816.000 -24481.000 4500.000
v 12888.000 -24481.000 4500.000
v 12960.000 -24481.000 4500.000
v 13032.000 -24481.000 4500.000
v 13104.000 -24481.000 4500.000
v 13176.000 -24481.000 4500.000
v 13248.000 -24481.000 4500.000
v 13320.000 -24481.000 4500.000
v 13392.000 -24481.000 4500.000
v 13464.000 -24481.000 4500.000
v 13536.000 -24481.000 4500.000
v 13608.000 -24481.000 4500.000
v 13680.000 -24481.000 4500.000
v 13752.000 -24481.000 4500.000
v 13824.000 -24481.000 4500.000
v 13896.000 -24481.000 4500.000
v 13968.000 -24481.000 4500.000
v 14040.000 -24481.000 4500.000
v 14112.000 -24481.000 4500.000
v 14184.000 -24481.000 4500.000
v 14256.000 -24481.000 4500.000
v 14328.000 -24481.000 4500.000
v 14400.000 -24481.000 4500.000
v 14472.000 -24481.000 4500.000
v 14544.000 -24481.000 4500.000
v 14616.000 -24481.000 4500.000
v 14688.000 -24481.000 4500.000
v 14760.000 -24481.000 4500.000
v 14832.000 -24481.000 4500.000
v 14904.000 -24481.000 4500.000
v 14976.000 -24481.000 4500.000
v 15048.000 -24481.000 4500.000
v 15120.000 -24481.000 4500.000
v 15192.000 -24481.000 4500.000
v 15264.000 -24481.000 4500.000
v 15336.000 -24481.000 4500.000
v 15408.000 -24481.000 4500.000
v 15480.000 -24481.000 4500.000
v 15552.000 -24481.000 4500.000
v 15624.000 -24481.000 4500.000
v 15696.000 -24481.000 4500.000
v 15768.000 -24481.000 4500.000
v 15840.000 -24481.000 4500.000
v 15912.000 -24481.000 4500.000
v 15984.000 -24481.000 4500.000
v 16056.000 -24481.000 4500.000
v 16128.000 -24481.000 4500.000
v 16200.000 -24481.000 4500.000
v 16272.000 -24481.000 4500.000
v 16344.000 -24481.000 4500.000
v 16416.000 -24481.000 4500.000
v 16488.000 -24481.000 4500.000
v 16560.000 -24481.000 4500.000
v 16632.000 -24481.000 4500.000
v 16704.000 -24481.000 4500.000
v 16776.000 -24481.000 4500.000
v 16848.000 -24481.000 4500.000
v 16920.000 -24481.000 4500.000
v 16992.000 -24481.000 4500.000
v 17064.000 -24481.000 4500.000
v 17136.000 -24481.000 4500.000
v 17208.000 -24481.000 4500.000
v 17280.000 -24481.000 4500.000
v 17352.000 -24481.000 4500.000
v 17424.000 -24481.000 4500.000
v 17496.000 -24481.000 4500.000
v 17568.000 -24481.000 4500.000
v 17640.000 -24481.000 4500.000
v 17712.000 -24481.000 4500.000
v 17784.000 -24481.000 4500.000
v 17856.000 -24481.000 4500.000
v 17928.000 -24481.000 4500.000
v 18000.000 -24481.000 4500.000
v 18072.000 -24481.000 4500.000
v 18144.000 -24481.000 4500.000
v 18216.000 -24481.000 4500.000
v 18288.000 -24481.000 4500.000
v 18360.000 -24481.000 4500.000
v 18432.000 -24481.000 4500.000
v 18504.000 -24481.000 4500.000
v 18576.000 -24481.000 4500.000
v 18648.000 -24481.000 4500.000
v 18720.000 -24481.000 4500.000
v 18792.000 -24481.000 4500.000
v 18864.000 -24481.000 4500.000
l 4610 4611 4612 4613 4614 4615 4616 4617 4618 4619 4620 4621 4622 4623 4624 4625 4626 4627 4628 4629 4630 4631 4632 4633 4634 4635 4636 4637 4638 4639 4640 4641 4642 4643 4644 4645 4646 4647 4648 4649 4650 4651 4652 4653 4654 4655 4656 4657 4658 4659 4660 4661 4662 4663 4664 4665 4666 4667 4668 4669 4670 4671 4672 4673 4674 4675 4676 4677 4678 4679 4680 4681 4682 4683 4684 4685 4686 4687 4688 4689 4690 4691 4692 4693 4694 4695 4696 4697 4698 4699 4700 4701 4702 4703 4704 4705 4706 4707 4708 4709 4710 4711 4712 4713 4714 4715 4716 4717 4718 4719 4720 4721 4722 4723 4724 4725 4726 4727 4728 4729 4730 4731 4732 4733 4734 4735 4736 4737 4738 4739 4740 4741 4742 4743 4744 4745 4746 4747 4748 4749 4750 4751 4752 4753 4754 4755 4756 4757 4758 4759 4760 4761 4762 4763 4764 4765 4766 4767 4768 4769 4770 4771 4772 4773 4774 4775 4776 4777 4778 4779 4780 4781 4782 4783 4784 4785 4786 4787 4788 4789 4790 4791 4792 4793 4794 4795 4796 4797 4798 4799 4800 4801 4802 4803 4804 4805 4806 4807 4808 4809 4810 4811 4812 4813 4814 4815 4816 4817 4818 4819 4820 4821 4822 4823 4824 4825 4826 4827 4828 4829 4830 4831 4832 4833 4834 4835 4836 4837 4838 4839 4840 4841 4842 4843 4844 4845 4846 4847 4848 4849 4850 4851 4852 4853 4854 4855 4856 4857 4858 4859 4860 4861 4862 4863 4864 4865 4866 4867 4868 4869 4870 4871 4872 4873 4874 4875 4876 4877 4878 4879 4880 4881 4882 4883 4884 4885 4886 4887 4888 4889 4890 4891 4892 4893 4894 4895 4896 4897 4898 4899 4900 4901 4902 4903 4904 4905 4906 4907 4908 4909 4910 4911 4912 4913 4914 4915 4916 4917 4918 4919 4920 4921 4922 4923 4924 4925 4926 4927 4928 4929 4930 4931 4932 4933 4934 4935 4936 4937 4938 4939 4940 4941 4942 4943 4944 4945 4946 4947 4948 4949 4950 4951 4952 4953 4954 4955 4956 4957 4958 4959 4960 4961 4962 4963 4964 4965 4966 4967 4968 4969 4970 4971 4972 4973 4974 4975 4976 4977 4978 4979 4980 4981 4982 4983 4984 4985 4986 4987 4988 4989 4990 4991 4992 4993 4994 4995 4996 4997 4998 4999 5000 5001 5002 5003 5004 5005 5006 5007 5008 5009 5010 5011 5012 5013 5014 5015 5016 5017 5018 5019 5020 5021 5022 5023 5024 5025 5026 5027 5028 5029 5030 5031 5032 5033 5034 5035 5036 5037 5038 5039 5040 5041 5042 5043 5044 5045 5046 5047 5048 5049 5050 5051 5052 5053 5054 5055 5056 5057 5058 5059 5060 5061 5062 5063 5064 5065 5066 5067 5068 5069 5070 5071 5072 5073 5074 5075 5076 5077 5078 5079 5080 5081 5082 5083 5084 5085 5086 5087 5088 5089 5090 5091 5092 5093 5094 5095 5096 5097 5098 5099 5100 5101 5102 5103 5104 5105 5106 5107 5108 5109 5110 5111 5112 5113 5114 5115 5116 5117 5118 5119 5120 5121 5122
v -18000.000 -24481.000 5000.000
v -17928.000 -24481.000 5000.000
v -17856.000 -24481.000 5000.000
v -17784.000 -24481.000 5000.000
v -17712.000 -24481.000 5000.000
v -17640.000 -24481.000 5000.000
v -17568.000 -24481.000 5000.000
v -17496.000 -24481.000 5000.000
v -17424.000 -24481.000 5000.000
v -17352.000 -24481.000 5000.000
v -17280.000 -24481.000 5000.000
v -17208.000 -24481.000 5000.000
v -17136.000 -24481.000 5000.000
v -17064.000 -24481.000 5000.000
l 5123 5124 5125 5126 5127 5128 5129 5130 5131 5132 5133 5134 5135 5136
v -13536.000 -24481.000 5000.000
v -13464.000 -24481.000 5000.000
v -13392.000 -24481.000 5000.000
v -13320.000 -24481.000 5000.000
v -13248.000 -24481.000 5000.000
v -13176.000 -24481.000 5000.000
v -13104.000 -24481.000 5000.000
v -13032.000 -24481.000 5000.000
v -12960.000 -24481.000 5000.000
v -12888.000 -24481.000 5000.000
v -12816.000 -24481.000 5000.000
v -12744.000 -24481.000 5000.000
v -12672.000 -24481.000 5000.000
v -12600.000 -24481.000 5000.000
v -12528.000 -24481.000 5000.000
v -12456.000 -24481.000 5000.000
v -12384.000 -24481.000 5000.000
v -12312.000 -24481.000 5000.000
v -12240.000 -24481.000 5000.000
v -12168.000 -24481.000 5000.000
v -12096.000 -24481.000 5000.000
v -12024.000 -24481.000 5000.000
v -11952.000 -24481.000 5000.000
v -11880.000 -24481.000 5000.000
v -11808.000 -24481.000 5000.000
v -11736.000 -24481.000 5000.000
v -11664.000 -24481.000 5000.000
v -11592.000 -24481.000 5000.000
v -11520.000 -24481.000 5000.000
v -11448.000 -24481.000 5000.000
v -11376.000 -24481.000 5000.000
v -11304.000 -24481.000 5000.000
v -11232.000 -24481.000 5000.000
v -11160.000 -24481.000 5000.000
v -11088.000 -24481.000 5000.000
v -11016.000 -24481.000 5000.000
v -10944.000 -24481.000 5000.000
v -10872.000 -24481.000 5000.000
v -10800.000 -24481.000 5000.000
v -10728.000 -24481.000 5000.000
v -10656.000 -24481.000 5000.000
v -10584.000 -24481.000 5000.000
v -10512.000 -24481.000 5000.000
v -10440.000 -24481.000 5000.000
v -10368.000 -24481.000 5000.000
v -10296.000 -24481.000 5000.000
v -10224.000 -24481.000 5000.000
v -10152.000 -24481.000 5000.000
v -10080.000 -24481.000 5000.000
v -10008.000 -24481.000 5000.000
v -9936.000 -24481.000 5000.000
v -9864.000 -24481.000 5000.000
v -9792.000 -24481.000 5000.000
v -9720.000 -24481.000 5000.000
v -9648.000 -24481.000 5000.000
v -9576.000 -24481.000 5000.000
v -9504.000 -24481.000 5000.000
v -9432.000 -24481.000 5000.000
v -9360.000 -24481.000 5000.000
v -9288.000 -24481.000 5000.000
v -9216.000 -24481.000 5000.000
v -9144.000 -24481.000 5000.000
v -9072.000 -24481.000 5000.000
v -9000.000 -24481.000 5000.000
v -8928.000 -24481.000 5000.000
v -8856.000 -24481.000 5000.000
v -8784.000 -24481.000 5000.000
v -8712.000 -24481.000 5000.000
v -8640.000 -24481.000 5000.000
v -8568.000 -24481.000 5000.000
v -8496.000 -24481.000 5000.000
v -8424.000 -24481.000 5000.000
v -8352.000 -24481.000 5000.000
v -8280.000 -24481.000 5000.000
v -8208.000 -24481.000 5000.000
v -8136.000 -24481.000 5000.000
v -8064.000 -24481.000 5000.000
v -7992.000 -24481.000 5000.000
v -7920.000 -24481.000 5000.000
v -7848.000 -24481.000 5000.000
v -7776.000 -24481.000 5000.000
l 5137 5138 5139 5140 5141 5142 5143 5144 5145 5146 5147 5148 5149 5150 5151 5152 5153 5154 5155 5156 5157 5158 5159 5160 5161 5162 5163 5164 5165 5166 5167 5168 5169 5170 5171 5172 5173 5174 5175 5176 5177 5178 5179 5180 5181 5182 5183 5184 5185 5186 5187 5188 5189 5190 5191 5192 5193 5194 5195 5196 5197 5198 5199 5200 5201 5202 5203 5204 5205 5206 5207 5208 5209 5210 5211 5212 5213 5214 5215 5216 5217
v -7488.000 -24481.000 5000.000
v -7416.000 -24481.000 5000.000
v -7344.000 -24481.000 5000.000
v -7272.000 -24481.000 5000.000
v -7200.000 -24481.000 5000.000
v -7128.000 -24481.000 5000.000
v -7056.000 -24481.000 5000.000
v -6984.000 -24481.000 5000.000
v -6912.000 -24481.000 5000.000
v -6840.000 -24481.000 5000.000
v -6768.000 -24481.000 5000.000
v -6696.000 -24481.000 5000.000
v -6624.000 -24481.000 5000.000
v -6552.000 -24481.000 5000.000
v -6480.000 -24481.000 5000.000
v -6408.000 -24481.000 5000.000
v -6336.000 -24481.000 5000.000
v -6264.000 -24481.000 5000.000
v -6192.000 -24481.000 5000.000
v -6120.000 -24481.000 5000.000
v -6048.000 -24481.000 5000.000
v -5976.000 -24481.000 5000.000
v -5904.000 -24481.000 5000.000
v -5832.000 -24481.000 5000.000
v -5760.000 -24481.000 5000.000
v -5688.000 -24481.000 5000.000
v -5616.000 -24481.000 5000.000
v -5544.000 -24481.000 5000.000
v -5472.000 -24481.000 5000.000
v -5400.000 -24481.000 5000.000
v -5328.000 -24481.000 5000.000
v -5256.000 -24481.000 5000.000
v -5184.000 -24481.000 5000.000
v -5112.000 -24481.000 5000.000
v -5040.000 -24481.000 5000.000
v -4968.000 -24481.000 5000.000
v -4896.000 -24481.000 5000.000
v -4824.000 -24481.000 5000.000
v -4752.000 -24481.000 5000.000
v -4680.000 -24481.000 5000.000
v -4608.000 -24481.000 5000.000
v -4536.000 -24481.000 5000.000
v -4464.000 -24481.000 5000.000
v -4392.000 -24481.000 5000.000
v -4320.000 -24481.000 5000.000
v -4248.000 -24481.000 5000.000
v -4176.000 -24481.000 5000.000
v -4104.000 -24481.000 5000.000
v -4032.000 -24481.000 5000.000
v -3960.000 -24481.000 5000.000
v -3888.000 -24481.000 5000.000
v -3816.000 -24481.000 5000.000
v -3744.000 -24481.000 5000.000
v -3672.000 -24481.000 5000.000
v -3600.000 -24481.000 5000.000
v -3528.000 -24481.000 5000.000
v -3456.000 -24481.000 5000.000
v -3384.000 -24481.000 5000.000
v -3312.000 -24481.000 5000.000
v -3240.000 -24481.000 5000.000
v -3168.000 -24481.000 5000.000
v -3096.000 -24481.000 5000.000
v -3024.000 -24481.000 5000.000
v -2952.000 -24481.000 5000.000
v -2880.000 -24481.000 5000.000
v -2808.000 -24481.000 5000.000
v -2736.000 -24481.000 5000.000
v -2664.000 -24481.000 5000.000
v -2592.000 -24481.000 5000.000
v -2520.000 -24481.000 5000.000
v -2448.000 -24481.000 5000.000
v -2376.000 -24481.000 5000.000
v -2304.000 -24481.000 5000.000
v -2232.000 -24481.000 5000.000
v -2160.000 -24481.000 5000.000
v -2088.000 -24481.000 5000.000
v -2016.000 -24481.000 5000.000
v -1944.000 -24481.000 5000.000
v -1872.000 -24481.000 5000.000
v -1800.000 -24481.000 5000.000
v -1728.000 -24481.000 5000.000
v -1656.000 -24481.000 5000.000
v -1584.000 -24481.000 5000.000
v -1512.000 -24481.000 5000.000
v -1440.000 -24481.000 5000.000
v -1368.000 -24481.000 5000.000
v -1296.000 -24481.000 5000.000
v -1224.000 -24481.000 5000.000
v -1152.000 -24481.000 5000.000
v -1080.000 -24481.000 5000.000
v -1008.000 -24481.000 5000.000
v -936.000 -24481.000 5000.000
v -864.000 -24481.000 5000.000
v -792.000 -24481.000 5000.000
v -720.000 -24481.000 5000.000
v -648.000 -24481.000 5000.000
l 5218 5219 5220 5221 5222 5223 5224 5225 5226 5227 5228 5229 5230 5231 5232 5233 5234 5235 5236 5237 5238 5239 5240 5241 5242 5243 5244 5245 5246 5247 5248 5249 5250 5251 5252 5253 5254 5255 5256 5257 5258 5259 5260 5261 5262 5263 5264 5265 5266 5267 5268 5269 5270 5271 5272 5273 5274 5275 5276 5277 5278 5279 5280 5281 5282 5283 5284 5285 5286 5287 5288 5289 5290 5291 5292 5293 5294 5295 5296 5297 5298 5299 5300 5301 5302 5303 5304 5305 5306 5307 5308 5309 5310 5311 5312 5313
v 2160.000 -24481.000 5000.000
v 2232.000 -24481.000 5000.000
v 2304.000 -24481.000 5000.000
v 2376.000 -24481.000 5000.000
v 2448.000 -24481.000 5000.000
v 2520.000 -24481.000 5000.000
v 2592.000 -24481.000 5000.000
v 2664.000 -24481.000 5000.000
v 2736.000 -24481.000 5000.000
v 2808.000 -24481.000 5000.000
v 2880.000 -24481.000 5000.000
v 2952.000 -24481.000 5000.000
v 3024.000 -24481.000 5000.000
v 3096.000 -24481.000 5000.000
v 3168.000 -24481.000 5000.000
v 3240.000 -24481.000 5000.000
v 3312.000 -24481.000 5000.000
v 3384.000 -24481.000 5000.000
v 3456.000 -24481.000 5000.000
v 3528.000 -24481.000 5000.000
v 3600.000 -24481.000 5000.000
v 3672.000 -24481.000 5000.000
v 3744.000 -24481.000 5000.000
v 3816.000 -24481.000 5000.000
v 3888.000 -24481.000 5000.000
v 3960.000 -24481.000 5000.000
v 4032.000 -24481.000 5000.000
v 4104.000 -24481.000 5000.000
v 4176.000 -24481.000 5000.000
v 4248.000 -24481.000 5000.000
v 4320.000 -24481.000 5000.000
v 4392.000 -24481.000 5000.000
v 4464.000 -24481.000 5000.000
v 4536.000 -24481.000 5000.000
v 4608.000 -24481.000 5000.000
v 4680.000 -24481.000 5000.000
v 4752.000 -24481.000 5000.000
v 4824.000 -24481.000 5000.000
v 4896.000 -24481.000 5000.000
v 4968.000 -24481.000 5000.000
v 5040.000 -24481.000 5000.000
v 5112.000 -24481.000 5000.000
v 5184.000 -24481.000 5000.000
v 5256.000 -24481.000 5000.000
v 5328.000 -24481.000 5000.000
v 5400.000 -24481.000 5000.000
v 5472.000 -24481.000 5000.000
v 5544.000 -24481.000 5000.000
v 5616.000 -24481.000 5000.000
v 5688.000 -24481.000 5000.000
v 5760.000 -24481.000 5000.000
v 5832.000 -24481.000 5000.000
v 5904.000 -24481.000 5000.000
v 5976.000 -24481.000 5000.000
v 6048.000 -24481.000 5000.000
v 6120.000 -24481.000 5000.000
v 6192.000 -24481.000 5000.000
v 6264.000 -24481.000 5000.000
v 6336.000 -24481.000 5000.000
v 6408.000 -24481.000 5000.000
v 6480.000 -24481.000 5000.000
v 6552.000 -24481.000 5000.000
v 6624.000 -24481.000 5000.000
v 6696.000 -24481.000 5000.000
v 6768.000 -24481.000 5000.000
v 6840.000 -24481.000 5000.000
v 6912.000 -24481.000 5000.000
v 6984.000 -24481.000 5000.000
v 7056.000 -24481.000 5000.000
v 7128.000 -24481.000 5000.000
v 7200.000 -24481.000 5000.000
v 7272.000 -24481.000 5000.000
l 5314 5315 5316 5317 5318 5319 5320 5321 5322 5323 5324 5325 5326 5327 5328 5329 5330 5331 5332 5333 5334 5335 5336 5337 5338 5339 5340 5341 5342 5343 5344 5345 5346 5347 5348 5349 5350 5351 5352 5353 5354 5355 5356 5357 5358 5359 5360 5361 5362 5363 5364 5365 5366 5367 5368 5369 5370 5371 5372 5373 5374 5375 5376 5377 5378 5379 5380 5381 5382 5383 5384 5385
v 9936.000 -24481.000 5000.000
v 10008.000 -24481.000 5000.000
v 10080.000 -24481.000 5000.000
v 10152.000 -24481.000 5000.000
v 10224.000 -24481.000 5000.000
v 10296.000 -24481.000 5000.000
v 10368.000 -24481.000 5000.000
v 10440.000 -24481.000 5000.000
v 10512.000 -24481.000 5000.000
v 10584.000 -24481.000 5000.000
v 10656.000 -24481.000 5000.000
v 10728.000 -24481.000 5000.000
v 10800.000 -24481.000 5000.000
v 10872.000 -24481.000 5000.000
v 10944.000 -24481.000 5000.000
v 11016.000 -24481.000 5000.000
v 11088.000 -24481.000 5000.000
v 11160.000 -24481.000 5000.000
v 11232.000 -24481.000 5000.000
v 11304.000 -24481.000 5000.000
v 11376.000 -24481.000 5000.000
v 11448.000 -24481.000 5000.000
v 11520.000 -24481.000 5000.000
v 11592.000 -24481.000 5000.000
v 11664.000 -24481.000 5000.000
v 11736.000 -24481.000 5000.000
v 11808.000 -24481.000 5000.000
v 11880.000 -24481.000 5000.000
v 11952.000 -24481.000 5000.000
v 12024.000 -24481.000 5000.000
v 12096.000 -24481.000 5000.000
v 12168.000 -24481.000 5000.000
v 12240.000 -24481.000 5000.000
v 12312.000 -24481.000 5000.000
v 12384.000 -24481.000 5000.000
v 12456.000 -24481.000 5000.000
v 12528.000 -24481.000 5000.000
v 12600.000 -24481.000 5000.000
v 12672.000 -24481.000 5000.000
v 12744.000 -24481.000 5000.000
v 12816.000 -24481.000 5000.000
v 12888.000 -24481.000 5000.000
v 12960.000 -24481.000 5000.000
v 13032.000 -24481.000 5000.000
v 13104.000 -24481.000 5000.000
v 13176.000 -24481.000 5000.000
v 13248.000 -24481.000 5000.000
v 13320.000 -24481.000 5000.000
v 13392.000 -24481.000 5000.000
v 13464.000 -24481.000 5000.000
v 13536.000 -24481.000 5000.000
v 13608.000 -24481.000 5000.000
v 13680.000 -24481.000 5000.000
v 13752.000 -24481.000 5000.000
v 13824.000 -24481.000 5000.000
v 13896.000 -24481.000 5000.000
v 13968.000 -24481.000 5000.000
v 14040.000 -24481.000 5000.000
v 14112.000 -24481.000 5000.000
v 14184.000 -24481.000 5000.000
v 14256.000 -24481.000 5000.000
v 14328.000 -24481.000 5000.000
v 14400.000 -24481.000 5000.000
v 14472.000 -24481.000 5000.000
v 14544.000 -24481.000 5000.000
v 14616.000 -24481.000 5000.000
v 14688.000 -24481.000 5000.000
v 14760.000 -24481.000 5000.000
v 14832.000 -24481.000 5000.000
v 14904.000 -24481.000 5000.000
v 14976.000 -24481.000 5000.000
v 15048.000 -24481.000 5000.000
v 15120.000 -24481.000 5000.000
v 15192.000 -24481.000 5000.000
v 15264.000 -24481.000 5000.000
v 15336.000 -24481.000 5000.000
v 15408.000 -24481.000 5000.000
v 15480.000 -24481.000 5000.000
v 15552.000 -24481.000 5000.000
v 15624.000 -24481.000 5000.000
v 15696.000 -24481.000 5000.000
v 15768.000 -24481.000 5000.000
v 15840.000 -24481.000 5000.000
v 15912.000 -24481.000 5000.000
v 15984.000 -24481.000 5000.000
v 16056.000 -24481.000 5000.000
v 16128.000 -24481.000 5000.000
v 16200.000 -24481.000 5000.000
v 16272.000 -24481.000 5000.000
v 16344.000 -24481.000 5000.000
v 16416.000 -24481.000 5000.000
v 16488.000 -24481.000 5000.000
v 16560.000 -24481.000 5000.000
v 16632.000 -24481.000 5000.000
v 16704.000 -24481.000 5000.000
v 16776.000 -24481.000 5000.000
v 16848.000 -24481.000 5000.000
v 16920.000 -24481.000 5000.000
v 16992.000 -24481.000 5000.000
v 17064.000 -24481.000 5000.000
v 17136.000 -24481.000 5000.000
v 17208.000 -24481.000 5000.000
v 17280.000 -24481.000 5000.000
v 17352.000 -24481.000 5000.000
v 17424.000 -24481.000 5000.000
v 17496.000 -24481.000 5000.000
v 17568.000 -24481.000 5000.000
v 17640.000 -24481.000 5000.000
v 17712.000 -24481.000 5000.000
v 17784.000 -24481.000 5000.000
v 17856.000 -24481.000 5000.000
v 17928.000 -24481.000 5000.000
v 18000.000 -24481.000 5000.000
v 18072.000 -24481.000 5000.000
v 18144.000 -24481.000 5000.000
v 18216.000 -24481.000 5000.000
v 18288.000 -24481.000 5000.000
v 18360.000 -24481.000 5000.000
v 18432.000 -24481.000 5000.000
v 18504.000 -24481.000 5000.000
v 18576.000 -24481.000 5000.000
v 18648.000 -24481.000 5000.000
v 18720.000 -24481.000 5000.000
v 18792.000 -24481.000 5000.000
v 18864.000 -24481.000 5000.000
l 5386 5387 5388 5389 5390 5391 5392 5393 5394 5395 5396 5397 5398 5399 5400 5401 5402 5403 5404 5405 5406 5407 5408 5409 5410 5411 5412 5413 5414 5415 5416 5417 5418 5419 5420 5421 5422 5423 5424 5425 5426 5427 5428 5429 5430 5431 5432 5433 5434 5435 5436 5437 5438 5439 5440 5441 5442 5443 5444 5445 5446 5447 5448 5449 5450 5451 5452 5453 5454 5455 5456 5457 5458 5459 5460 5461 5462 5463 5464 5465 5466 5467 5468 5469 5470 5471 5472 5473 5474 5475 5476 5477 5478 5479 5480 5481 5482 5483 5484 5485 5486 5487 5488 5489 5490 5491 5492 5493 5494 5495 5496 5497 5498 5499 5500 5501 5502 5503 5504 5505 5506 5507 5508 5509 5510
v -18000.000 -24481.000 5500.000
v -17928.000 -24481.000 5500.000
v -17856.000 -24481.000 5500.000
v -17784.000 -24481.000 5500.000
v -17712.000 -24481.000 5500.000
v -17640.000 -24481.000 5500.000
v -17568.000 -24481.000 5500.000
v -17496.000 -24481.000 5500.000
v -17424.000 -24481.000 5500.000
l 5511 5512 5513 5514 5515 5516 5517 5518 5519
v -12096.000 -24481.000 5500.000
v -12024.000 -24481.000 5500.000
v -11952.000 -24481.000 5500.000
v -11880.000 -24481.000 5500.000
v -11808.000 -24481.000 5500.000
v -11736.000 -24481.000 5500.000
v -11664.000 -24481.000 5500.000
v -11592.000 -24481.000 5500.000
v -11520.000 -24481.000 5500.000
v -11448.000 -24481.000 5500.000
v -11376.000 -24481.000 5500.000
v -11304.000 -24481.000 5500.000
v -11232.000 -24481.000 5500.000
v -11160.000 -24481.000 5500.000
v -11088.000 -24481.000 5500.000
v -11016.000 -24481.000 5500.000
v -10944.000 -24481.000 5500.000
v -10872.000 -24481.000 5500.000
v -10800.000 -24481.000 5500.000
v -10728.000 -24481.000 5500.000
v -10656.000 -24481.000 5500.000
v -10584.000 -24481.000 5500.000
v -10512.000 -24481.000 5500.000
v -10440.000 -24481.000 5500.000
v -10368.000 -24481.000 5500.000
v -10296.000 -24481.000 5500.000
v -10224.000 -24481.000 5500.000
v -10152.000 -24481.000 5500.000
v -10080.000 -24481.000 5500.000
v -10008.000 -24481.000 5500.000
v -9936.000 -24481.000 5500.000
v -9864.000 -24481.000 5500.000
v -9792.000 -24481.000 5500.000
v -9720.000 -24481.000 5500.000
v -9648.000 -24481.000 5500.000
v -9576.000 -24481.000 5500.000
v -9504.000 -24481.000 5500.000
v -9432.000 -24481.000 5500.000
v -9360.000 -24481.000 5500.000
v -9288.000 -24481.000 5500.000
v -9216.000 -24481.000 5500.000
v -9144.000 -24481.000 5500.000
v -9072.000 -24481.000 5500.000
v -9000.000 -24481.000 5500.000
v -8928.000 -24481.000 5500.000
v -8856.000 -24481.000 5500.000
v -8784.000 -24481.000 5500.000
v -8712.000 -24481.000 5500.000
v -8640.000 -24481.000 5500.000
v -8568.000 -24481.000 5500.000
v -8496.000 -24481.000 5500.000
v -8424.000 -24481.000 5500.000
v -8352.000 -24481.000 5500.000
l 5520 5521 5522 5523 5524 5525 5526 5527 5528 5529 5530 5531 5532 5533 5534 5535 5536 5537 5538 5539 5540 5541 5542 5543 5544 5545 5546 5547 5548 5549 5550 5551 5552 5553 5554 5555 5556 5557 5558 5559 5560 5561 5562 5563 5564 5565 5566 5567 5568 5569 5570 5571 5572
v -4824.000 -24481.000 5500.000
v -4752.000 -24481.000 5500.000
v -4680.000 -24481.000 5500.000
v -4608.000 -24481.000 5500.000
v -4536.000 -24481.000 5500.000
v -4464.000 -24481.000 5500.000
v -4392.000 -24481.000 5500.000
v -4320.000 -24481.000 5500.000
v -4248.000 -24481.000 5500.000
v -4176.000 -24481.000 5500.000
v -4104.000 -24481.000 5500.000
v -4032.000 -24481.000 5500.000
v -3960.000 -24481.000 5500.000
l 5573 5574 5575 5576 5577 5578 5579 5580 5581 5582 5583 5584 5585
v 2952.000 -24481.000 5500.000
v 3024.000 -24481.000 5500.000
v 3096.000 -24481.000 5500.000
v 3168.000 -24481.000 5500.000
v 3240.000 -24481.000 5500.000
v 3312.000 -24481.000 5500.000
v 3384.000 -24481.000 5500.000
v 3456.000 -24481.000 5500.000
v 3528.000 -24481.000 5500.000
v 3600.000 -24481.000 5500.000
v 3672.000 -24481.000 5500.000
v 3744.000 -24481.000 5500.000
v 3816.000 -24481.000 5500.000
v 3888.000 -24481.000 5500.000
v 3960.000 -24481.000 5500.000
v 4032.000 -24481.000 5500.000
v 4104.000 -24481.000 5500.000
v 4176.000 -24481.000 5500.000
v 4248.000 -24481.000 5500.000
v 4320.000 -24481.000 5500.000
v 4392.000 -24481.000 5500.000
v 4464.000 -24481.000 5500.000
v 4536.000 -24481.000 5500.000
v 4608.000 -24481.000 5500.000
v 4680.000 -24481.000 5500.000
v 4752.000 -24481.000 5500.000
v 4824.000 -24481.000 5500.000
v 4896.000 -24481.000 5500.000
v 4968.000 -24481.000 5500.000
v 5040.000 -24481.000 5500.000
v 5112.000 -24481.000 5500.000
v 5184.000 -24481.000 5500.000
v 5256.000 -24481.000 5500.000
v 5328.000 -24481.000 5500.000
v 5400.000 -24481.000 5500.000
v 5472.000 -24481.000 5500.000
v 5544.000 -24481.000 5500.000
v 5616.000 -24481.000 5500.000
v 5688.000 -24481.000 5500.000
v 5760.000 -24481.000 5500.000
v 5832.000 -24481.000 5500.000
v 5904.000 -24481.000 5500.000
v 5976.000 -24481.000 5500.000
v 6048.000 -24481.000 5500.000
v 6120.000 -24481.000 5500.000
v 6192.000 -24481.000 5500.000
v 6264.000 -24481.000 5500.000
l 5586 5587 5588 5589 5590 5591 5592 5593 5594 5595 5596 5597 5598 5599 5600 5601 5602 5603 5604 5605 5606 5607 5608 5609 5610 5611 5612 5613 5614 5615 5616 5617 5618 5619 5620 5621 5622 5623 5624 5625 5626 5627 5628 5629 5630 5631 5632
v 11160.000 -24481.000 5500.000
v 11232.000 -24481.000 5500.000
v 11304.000 -24481.000 5500.000
v 11376.000 -24481.000 5500.000
v 11448.000 -24481.000 5500.000
v 11520.000 -24481.000 5500.000
v 11592.000 -24481.000 5500.000
v 11664.000 -24481.000 5500.000
v 11736.000 -24481.000 5500.000
v 11808.000 -24481.000 5500.000
v 11880.000 -24481.000 5500.000
v 11952.000 -24481.000 5500.000
v 12024.000 -24481.000 5500.000
v 12096.000 -24481.000 5500.000
v 12168.000 -24481.000 5500.000
v 12240.000 -24481.000 5500.000
v 12312.000 -24481.000 5500.000
v 12384.000 -24481.000 5500.000
v 12456.000 -24481.000 5500.000
v 12528.000 -24481.000 5500.000
v 12600.000 -24481.000 5500.000
v 12672.000 -24481.000 5500.000
v 12744.000 -24481.000 5500.000
v 12816.000 -24481.000 5500.000
v 12888.000 -24481.000 5500.000
v 12960.000 -24481.000 5500.000
v 13032.000 -24481.000 5500.000
v 13104.000 -24481.000 5500.000
v 13176.000 -24481.000 5500.000
v 13248.000 -24481.000 5500.000
v 13320.000 -24481.000 5500.000
v 13392.000 -24481.000 5500.000
v 13464.000 -24481.000 5500.000
v 13536.000 -24481.000 5500.000
v 13608.000 -24481.000 5500.000
v 13680.000 -24481.000 5500.000
v 13752.000 -24481.000 5500.000
v 13824.000 -24481.000 5500.000
v 13896.000 -24481.000 5500.000
v 13968.000 -24481.000 5500.000
v 14040.000 -24481.000 5500.000
v 14112.000 -24481.000 5500.000
v 14184.000 -24481.000 5500.000
v 14256.000 -24481.000 5500.000
v 14328.000 -24481.000 5500.000
v 14400.000 -24481.000 5500.000
v 14472.000 -24481.000 5500.000
v 14544.000 -24481.000 5500.000
v 14616.000 -24481.000 5500.000
v 14688.000 -24481.000 5500.000
v 14760.000 -24481.000 5500.000
v 14832.000 -24481.000 5500.000
v 14904.000 -24481.000 5500.000
v 14976.000 -24481.000 5500.000
v 15048.000 -24481.000 5500.000
v 15120.000 -24481.000 5500.000
v 15192.000 -24481.000 5500.000
v 15264.000 -24481.000 5500.000
v 15336.000 -24481.000 5500.000
v 15408.000 -24481.000 5500.000
v 15480.000 -24481.000 5500.000
v 15552.000 -24481.000 5500.000
v 15624.000 -24481.000 5500.000
v 15696.000 -24481.000 5500.000
v 15768.000 -24481.000 5500.000
v 15840.000 -24481.000 5500.000
v 15912.000 -24481.000 5500.000
v 15984.000 -24481.000 5500.000
v 16056.000 -24481.000 5500.000
v 16128.000 -24481.000 5500.000
v 16200.000 -24481.000 5500.000
v 16272.000 -24481.000 5500.000
v 16344.000 -24481.000 5500.000
v 16416.000 -24481.000 5500.000
v 16488.000 -24481.000 5500.000
v 16560.000 -24481.000 5500.000
v 16632.000 -24481.000 5500.000
v 16704.000 -24481.000 5500.000
v 16776.000 -24481.000 5500.000
v 16848.000 -24481.000 5500.000
v 16920.000 -24481.000 5500.000
v 16992.000 -24481.000 5500.000
v 17064.000 -24481.000 5500.000
v 17136.000 -24481.000 5500.000
v 17208.000 -24481.000 5500.000
v 17280.000 -24481.000 5500.000
v 17352.000 -24481.000 5500.000
v 17424.000 -24481.000 5500.000
v 17496.000 -24481.000 5500.000
v 17568.000 -24481.000 5500.000
v 17640.000 -24481.000 5500.000
v 17712.000 -24481.000 5500.000
v 17784.000 -24481.000 5500.000
v 17856.000 -24481.000 5500.000
v 17928.000 -24481.000 5500.000
v 18000.000 -24481.000 5500.000
v 18072.000 -24481.000 5500.000
v 18144.000 -24481.000 5500.000
v 18216.000 -24481.000 5500.000
v 18288.000 -24481.000 5500.000
v 18360.000 -24481.000 5500.000
v 18432.000 -24481.000 5500.000
v 18504.000 -24481.000 5500.000
v 18576.000 -24481.000 5500.000
v 18648.000 -24481.000 5500.000
v 18720.000 -24481.000 5500.000
v 18792.000 -24481.000 5500.000
v 18864.000 -24481.000 5500.000
l 5633 5634 5635 5636 5637 5638 5639 5640 5641 5642 5643 5644 5645 5646 5647 5648 5649 5650 5651 5652 5653 5654 5655 5656 5657 5658 5659 5660 5661 5662 5663 5664 5665 5666 5667 5668 5669 5670 5671 5672 5673 5674 5675 5676 5677 5678 5679 5680 5681 5682 5683 5684 5685 5686 5687 5688 5689 5690 5691 5692 5693 5694 5695 5696 5697 5698 5699 5700 5701 5702 5703 5704 5705 5706 5707 5708 5709 5710 5711 5712 5713 5714 5715 5716 5717 5718 5719 5720 5721 5722 5723 5724 5725 5726 5727 5728 5729 5730 5731 5732 5733 5734 5735 5736 5737 5738 5739 5740
v -9936.000 -24481.000 6000.000
v -9864.000 -24481.000 6000.000
v -9792.000 -24481.000 6000.000
v -9720.000 -24481.000 6000.000
v -9648.000 -24481.000 6000.000
v -9576.000 -24481.000 6000.000
v -9504.000 -24481.000 6000.000
v -9432.000 -24481.000 6000.000
v -9360.000 -24481.000 6000.000
v -9288.000 -24481.000 6000.000
v -9216.000 -24481.000 6000.000
v -9144.000 -24481.000 6000.000
v -9072.000 -24481.000 6000.000
v -9000.000 -24481.000 6000.000
v -8928.000 -24481.000 6000.000
v -8856.000 -24481.000 6000.000
v -8784.000 -24481.000 6000.000
l 5741 5742 5743 5744 5745 5746 5747 5748 5749 5750 5751 5752 5753 5754 5755 5756 5757
v 3528.000 -24481.000 6000.000
v 3600.000 -24481.000 6000.000
v 3672.000 -24481.000 6000.000
v 3744.000 -24481.000 6000.000
v 3816.000 -24481.000 6000.000
v 3888.000 -24481.000 6000.000
v 3960.000 -24481.000 6000.000
v 4032.000 -24481.000 6000.000
v 4104.000 -24481.000 6000.000
v 4176.000 -24481.000 6000.000
v 4248.000 -24481.000 6000.000
v 4320.000 -24481.000 6000.000
v 4392.000 -24481.000 6000.000
v 4464.000 -24481.000 6000.000
l 5758 5759 5760 5761 5762 5763 5764 5765 5766 5767 5768 5769 5770 5771
v 12672.000 -24481.000 6000.000
v 12744.000 -24481.000 6000.000
v 12816.000 -24481.000 6000.000
v 12888.000 -24481.000 6000.000
v 12960.000 -24481.000 6000.000
v 13032.000 -24481.000 6000.000
v 13104.000 -24481.000 6000.000
v 13176.000 -24481.000 6000.000
v 13248.000 -24481.000 6000.000
v 13320.000 -24481.000 6000.000
v 13392.000 -24481.000 6000.000
v 13464.000 -24481.000 6000.000
v 13536.000 -24481.000 6000.000
v 13608.000 -24481.000 6000.000
v 13680.000 -24481.000 6000.000
v 13752.000 -24481.000 6000.000
v 13824.000 -24481.000 6000.000
v 13896.000 -24481.000 6000.000
v 13968.000 -24481.000 6000.000
v 14040.000 -24481.000 6000.000
v 14112.000 -24481.000 6000.000
v 14184.000 -24481.000 6000.000
v 14256.000 -24481.000 6000.000
v 14328.000 -24481.000 6000.000
v 14400.000 -24481.000 6000.000
v 14472.000 -24481.000 6000.000
v 14544.000 -24481.000 6000.000
v 14616.000 -24481.000 6000.000
v 14688.000 -24481.000 6000.000
v 14760.000 -24481.000 6000.000
v 14832.000 -24481.000 6000.000
v 14904.000 -24481.000 6000.000
v 14976.000 -24481.000 6000.000
v 15048.000 -24481.000 6000.000
v 15120.000 -24481.000 6000.000
v 15192.000 -24481.000 6000.000
v 15264.000 -24481.000 6000.000
v 15336.000 -24481.000 6000.000
v 15408.000 -24481.000 6000.000
v 15480.000 -24481.000 6000.000
v 15552.000 -24481.000 6000.000
v 15624.000 -24481.000 6000.000
v 15696.000 -24481.000 6000.000
v 15768.000 -24481.000 6000.000
v 15840.000 -24481.000 6000.000
v 15912.000 -24481.000 6000.000
v 15984.000 -24481.000 6000.000
v 16056.000 -24481.000 6000.000
v 16128.000 -24481.000 6000.000
v 16200.000 -24481.000 6000.000
v 16272.000 -24481.000 6000.000
v 16344.000 -24481.000 6000.000
l 5772 5773 5774 5775 5776 5777 5778 5779 5780 5781 5782 5783 5784 5785 5786 5787 5788 5789 5790 5791 5792 5793 5794 5795 5796 5797 5798 5799 5800 5801 5802 5803 5804 5805 5806 5807 5808 5809 5810 5811 5812 5813 5814 5815 5816 5817 5818 5819 5820 5821 5822 5823
v 18865.000 -24480.000 4000.000
v 18865.000 -24408.000 4000.000
v 18865.000 -24336.000 4000.000
v 18865.000 -24264.000 4000.000
v 18865.000 -24192.000 4000.000
v 18865.000 -24120.000 4000.000
v 18865.000 -24048.000 4000.000
v 18865.000 -23976.000 4000.000
v 18865.000 -23904.000 4000.000
v 18865.000 -23832.000 4000.000
v 18865.000 -23760.000 4000.000
v 18865.000 -23688.000 4000.000
v 18865.000 -23616.000 4000.000
v 18865.000 -23544.000 4000.000
v 18865.000 -23472.000 4000.000
v 18865.000 -23400.000 4000.000
v 18865.000 -23328.000 4000.000
v 18865.000 -23256.000 4000.000
v 18865.000 -23184.000 4000.000
v 18865.000 -23112.000 4000.000
v 18865.000 -23040.000 4000.000
v 18865.000 -22968.000 4000.000
v 18865.000 -22896.000 4000.000
v 18865.000 -22824.000 4000.000
v 18865.000 -22752.000 4000.000
v 18865.000 -22680.000 4000.000
v 18865.000 -22608.000 4000.000
v 18865.000 -22536.000 4000.000
v 18865.000 -22464.000 4000.000
v 18865.000 -22392.000 4000.000
v 18865.000 -22320.000 4000.000
v 18865.000 -22248.000 4000.000
v 18865.000 -22176.000 4000.000
v 18865.000 -22104.000 4000.000
v 18865.000 -22032.000 4000.000
v 18865.000 -21960.000 4000.000
v 18865.000 -21888.000 4000.000
v 18865.000 -21816.000 4000.000
v 18865.000 -21744.000 4000.000
v 18865.000 -21672.000 4000.000
v 18865.000 -21600.000 4000.000
v 18865.000 -21528.000 4000.000
v 18865.000 -21456.000 4000.000
v 18865.000 -21384.000 4000.000
v 18865.000 -21312.000 4000.000
v 18865.000 -21240.000 4000.000
v 18865.000 -21168.000 4000.000
v 18865.000 -21096.000 4000.000
v 18865.000 -21024.000 4000.000
v 18865.000 -20952.000 4000.000
v 18865.000 -20880.000 4000.000
v 18865.000 -20808.000 4000.000
v 18865.000 -20736.000 4000.000
v 18865.000 -20664.000 4000.000
v 18865.000 -20592.000 4000.000
v 18865.000 -20520.000 4000.000
v 18865.000 -20448.000 4000.000
v 18865.000 -20376.000 4000.000
v 18865.000 -20304.000 4000.000
v 18865.000 -20232.000 4000.000
v 18865.000 -20160.000 4000.000
v 18865.000 -20088.000 4000.000
v 18865.000 -20016.000 4000.000
v 18865.000 -19944.000 4000.000
v 18865.000 -19872.000 4000.000
v 18865.000 -19800.000 4000.000
v 18865.000 -19728.000 4000.000
v 18865.000 -19656.000 4000.000
v 18865.000 -19584.000 4000.000
v 18865.000 -19512.000 4000.000
v 18865.000 -19440.000 4000.000
v 18865.000 -19368.000 4000.000
v 18865.000 -19296.000 4000.000
v 18865.000 -19224.000 4000.000
v 18865.000 -19152.000 4000.000
v 18865.000 -19080.000 4000.000
v 18865.000 -19008.000 4000.000
v 18865.000 -18936.000 4000.000
v 18865.000 -18864.000 4000.000
v 18865.000 -18792.000 4000.000
v 18865.000 -18720.000 4000.000
v 18865.000 -18648.000 4000.000
v 18865.000 -18576.000 4000.000
v 18865.000 -18504.000 4000.000
v 18865.000 -18432.000 4000.000
v 18865.000 -18360.000 4000.000
v 18865.000 -18288.000 4000.000
v 18865.000 -18216.000 4000.000
v 18865.000 -18144.000 4000.000
v 18865.000 -18072.000 4000.000
v 18865.000 -18000.000 4000.000
v 18865.000 -17928.000 4000.000
v 18865.000 -17856.000 4000.000
v 18865.000 -17784.000 4000.000
v 18865.000 -17712.000 4000.000
v 18865.000 -17640.000 4000.000
v 18865.000 -17568.000 4000.000
v 18865.000 -17496.000 4000.000
v 18865.000 -17424.000 4000.000
v 18865.000 -17352.000 4000.000
v 18865.000 -17280.000 4000.000
v 18865.000 -17208.000 4000.000
v 18865.000 -17136.000 4000.000
v 18865.000 -17064.000 4000.000
v 18865.000 -16992.000 4000.000
v 18865.000 -16920.000 4000.000
v 18865.000 -16848.000 4000.000
v 18865.000 -16776.000 4000.000
v 18865.000 -16704.000 4000.000
v 18865.000 -16632.000 4000.000
v 18865.000 -16560.000 4000.000
v 18865.000 -16488.000 4000.000
v 18865.000 -16416.000 4000.000
v 18865.000 -16344.000 4000.000
v 18865.000 -16272.000 4000.000
v 18865.000 -16200.000 4000.000
v 18865.000 -16128.000 4000.000
v 18865.000 -16056.000 4000.000
v 18865.000 -15984.000 4000.000
v 18865.000 -15912.000 4000.000
v 18865.000 -15840.000 4000.000
v 18865.000 -15768.000 4000.000
v 18865.000 -15696.000 4000.000
v 18865.000 -15624.000 4000.000
v 18865.000 -15552.000 4000.000
v 18865.000 -15480.000 4000.000
v 18865.000 -15408.000 4000.000
v 18865.000 -15336.000 4000.000
v 18865.000 -15264.000 4000.000
v 18865.000 -15192.000 4000.000
v 18865.000 -15120.000 4000.000
v 18865.000 -15048.000 4000.000
v 18865.000 -14976.000 4000.000
v 18865.000 -14904.000 4000.000
v 18865.000 -14832.000 4000.000
v 18865.000 -14760.000 4000.000
v 18865.000 -14688.000 4000.000
v 18865.000 -14616.000 4000.000
v 18865.000 -14544.000 4000.000
v 18865.000 -14472.000 4000.000
v 18865.000 -14400.000 4000.000
v 18865.000 -14328.000 4000.000
v 18865.000 -14256.000 4000.000
v 18865.000 -14184.000 4000.000
v 18865.000 -14112.000 4000.000
v 18865.000 -14040.000 4000.000
v 18865.000 -13968.000 4000.000
v 18865.000 -13896.000 4000.000
v 18865.000 -13824.000 4000.000
v 18865.000 -13752.000 4000.000
v 18865.000 -13680.000 4000.000
v 18865.000 -13608.000 4000.000
v 18865.000 -13536.000 4000.000
v 18865.000 -13464.000 4000.000
v 18865.000 -13392.000 4000.000
v 18865.000 -13320.000 4000.000
v 18865.000 -13248.000 4000.000
v 18865.000 -13176.000 4000.000
v 18865.000 -13104.000 4000.000
v 18865.000 -13032.000 4000.000
v 18865.000 -12960.000 4000.000
v 18865.000 -12888.000 4000.000
v 18865.000 -12816.000 4000.000
v 18865.000 -12744.000 4000.000
v 18865.000 -12672.000 4000.000
v 18865.000 -12600.000 4000.000
v 18865.000 -12528.000 4000.000
v 18865.000 -12456.000 4000.000
v 18865.000 -12384.000 4000.000
v 18865.000 -12312.000 4000.000
v 18865.000 -12240.000 4000.000
v 18865.000 -12168.000 4000.000
v 18865.000 -12096.000 4000.000
v 18865.000 -12024.000 4000.000
v 18865.000 -11952.000 4000.000
v 18865.000 -11880.000 4000.000
v 18865.000 -11808.000 4000.000
v 18865.000 -11736.000 4000.000
v 18865.000 -11664.000 4000.000
v 18865.000 -11592.000 4000.000
v 18865.000 -11520.000 4000.000
v 18865.000 -11448.000 4000.000
v 18865.000 -11376.000 4000.000
v 18865.000 -11304.000 4000.000
v 18865.000 -11232.000 4000.000
v 18865.000 -11160.000 4000.000
v 18865.000 -11088.000 4000.000
v 18865.000 -11016.000 4000.000
v 18865.000 -10944.000 4000.000
v 18865.000 -10872.000 4000.000
v 18865.000 -10800.000 4000.000
v 18865.000 -10728.000 4000.000
v 18865.000 -10656.000 4000.000
v 18865.000 -10584.000 4000.000
v 18865.000 -10512.000 4000.000
v 18865.000 -10440.000 4000.000
v 18865.000 -10368.000 4000.000
v 18865.000 -10296.000 4000.000
v 18865.000 -10224.000 4000.000
v 18865.000 -10152.000 4000.000
v 18865.000 -10080.000 4000.000
v 18865.000 -10008.000 4000.000
v 18865.000 -9936.000 4000.000
v 18865.000 -9864.000 4000.000
v 18865.000 -9792.000 4000.000
v 18865.000 -9720.000 4000.000
v 18865.000 -9648.000 4000.000
v 18865.000 -9576.000 4000.000
v 18865.000 -9504.000 4000.000
v 18865.000 -9432.000 4000.000
v 18865.000 -9360.000 4000.000
v 18865.000 -9288.000 4000.000
v 18865.000 -9216.000 4000.000
v 18865.000 -9144.000 4000.000
v 18865.000 -9072.000 4000.000
v 18865.000 -9000.000 4000.000
v 18865.000 -8928.000 4000.000
v 18865.000 -8856.000 4000.000
v 18865.000 -8784.000 4000.000
v 18865.000 -8712.000 4000.000
v 18865.000 -8640.000 4000.000
v 18865.000 -8568.000 4000.000
v 18865.000 -8496.000 4000.000
v 18865.000 -8424.000 4000.000
v 18865.000 -8352.000 4000.000
v 18865.000 -8280.000 4000.000
v 18865.000 -8208.000 4000.000
v 18865.000 -8136.000 4000.000
v 18865.000 -8064.000 4000.000
v 18865.000 -7992.000 4000.000
v 18865.000 -7920.000 4000.000
v 18865.000 -7848.000 4000.000
v 18865.000 -7776.000 4000.000
v 18865.000 -7704.000 4000.000
v 18865.000 -7632.000 4000.000
v 18865.000 -7560.000 4000.000
v 18865.000 -7488.000 4000.000
v 18865.000 -7416.000 4000.000
v 18865.000 -7344.000 4000.000
v 18865.000 -7272.000 4000.000
v 18865.000 -7200.000 4000.000
v 18865.000 -7128.000 4000.000
v 18865.000 -7056.000 4000.000
v 18865.000 -6984.000 4000.000
v 18865.000 -6912.000 4000.000
v 18865.000 -6840.000 4000.000
v 18865.000 -6768.000 4000.000
v 18865.000 -6696.000 4000.000
v 18865.000 -6624.000 4000.000
v 18865.000 -6552.000 4000.000
v 18865.000 -6480.000 4000.000
v 18865.000 -6408.000 4000.000
v 18865.000 -6336.000 4000.000
v 18865.000 -6264.000 4000.000
v 18865.000 -6192.000 4000.000
v 18865.000 -6120.000 4000.000
v 18865.000 -6048.000 4000.000
v 18865.000 -5976.000 4000.000
v 18865.000 -5904.000 4000.000
v 18865.000 -5832.000 4000.000
v 18865.000 -5760.000 4000.000
v 18865.000 -5688.000 4000.000
v 18865.000 -5616.000 4000.000
v 18865.000 -5544.000 4000.000
v 18865.000 -5472.000 4000.000
v 18865.000 -5400.000 4000.000
v 18865.000 -5328.000 4000.000
v 18865.000 -5256.000 4000.000
v 18865.000 -5184.000 4000.000
v 18865.000 -5112.000 4000.000
v 18865.000 -5040.000 4000.000
v 18865.000 -4968.000 4000.000
v 18865.000 -4896.000 4000.000
v 18865.000 -4824.000 4000.000
v 18865.000 -4752.000 4000.000
v 18865.000 -4680.000 4000.000
v 18865.000 -4608.000 4000.000
v 18865.000 -4536.000 4000.000
v 18865.000 -4464.000 4000.000
v 18865.000 -4392.000 4000.000
v 18865.000 -4320.000 4000.000
v 18865.000 -4248.000 4000.000
v 18865.000 -4176.000 4000.000
v 18865.000 -4104.000 4000.000
v 18865.000 -4032.000 4000.000
v 18865.000 -3960.000 4000.000
v 18865.000 -3888.000 4000.000
v 18865.000 -3816.000 4000.000
v 18865.000 -3744.000 4000.000
v 18865.000 -3672.000 4000.000
v 18865.000 -3600.000 4000.000
v 18865.000 -3528.000 4000.000
v 18865.000 -3456.000 4000.000
v 18865.000 -3384.000 4000.000
v 18865.000 -3312.000 4000.000
v 18865.000 -3240.000 4000.000
v 18865.000 -3168.000 4000.000
v 18865.000 -3096.000 4000.000
v 18865.000 -3024.000 4000.000
v 18865.000 -2952.000 4000.000
v 18865.000 -2880.000 4000.000
v 18865.000 -2808.000 4000.000
v 18865.000 -2736.000 4000.000
v 18865.000 -2664.000 4000.000
v 18865.000 -2592.000 4000.000
v 18865.000 -2520.000 4000.000
v 18865.000 -2448.000 4000.000
v 18865.000 -2376.000 4000.000
v 18865.000 -2304.000 4000.000
v 18865.000 -2232.000 4000.000
v 18865.000 -2160.000 4000.000
v 18865.000 -2088.000 4000.000
v 18865.000 -2016.000 4000.000
v 18865.000 -1944.000 4000.000
v 18865.000 -1872.000 4000.000
v 18865.000 -1800.000 4000.000
v 18865.000 -1728.000 4000.000
v 18865.000 -1656.000 4000.000
v 18865.000 -1584.000 4000.000
v 18865.000 -1512.000 4000.000
v 18865.000 -1440.000 4000.000
v 18865.000 -1368.000 4000.000
v 18865.000 -1296.000 4000.000
v 18865.000 -1224.000 4000.000
v 18865.000 -1152.000 4000.000
v 18865.000 -1080.000 4000.000
v 18865.000 -1008.000 4000.000
v 18865.000 -936.000 4000.000
v 18865.000 -864.000 4000.000
v 18865.000 -792.000 4000.000
v 18865.000 -720.000 4000.000
v 18865.000 -648.000 4000.000
v 18865.000 -576.000 4000.000
v 18865.000 -504.000 4000.000
v 18865.000 -432.000 4000.000
v 18865.000 -360.000 4000.000
v 18865.000 -288.000 4000.000
v 18865.000 -216.000 4000.000
v 18865.000 -144.000 4000.000
v 18865.000 -72.000 4000.000
v 18865.000 0.000 4000.000
v 18865.000 72.000 4000.000
v 18865.000 144.000 4000.000
v 18865.000 216.000 4000.000
v 18865.000 288.000 4000.000
v 18865.000 360.000 4000.000
v 18865.000 432.000 4000.000
v 18865.000 504.000 4000.000
v 18865.000 576.000 4000.000
v 18865.000 648.000 4000.000
v 18865.000 720.000 4000.000
v 18865.000 792.000 4000.000
v 18865.000 864.000 4000.000
v 18865.000 936.000 4000.000
v 18865.000 1008.000 4000.000
v 18865.000 1080.000 4000.000
v 18865.000 1152.000 4000.000
v 18865.000 1224.000 4000.000
v 18865.000 1296.000 4000.000
v 18865.000 1368.000 4000.000
v 18865.000 1440.000 4000.000
v 18865.000 1512.000 4000.000
v 18865.000 1584.000 4000.000
v 18865.000 1656.000 4000.000
v 18865.000 1728.000 4000.000
v 18865.000 1800.000 4000.000
v 18865.000 1872.000 4000.000
v 18865.000 1944.000 4000.000
v 18865.000 2016.000 4000.000
v 18865.000 2088.000 4000.000
v 18865.000 2160.000 4000.000
v 18865.000 2232.000 4000.000
v 18865.000 2304.000 4000.000
v 18865.000 2376.000 4000.000
v 18865.000 2448.000 4000.000
v 18865.000 2520.000 4000.000
v 18865.000 2592.000 4000.000
v 18865.000 2664.000 4000.000
v 18865.000 2736.000 4000.000
v 18865.000 2808.000 4000.000
v 18865.000 2880.000 4000.000
v 18865.000 2952.000 4000.000
v 18865.000 3024.000 4000.000
v 18865.000 3096.000 4000.000
v 18865.000 3168.000 4000.000
v 18865.000 3240.000 4000.000
v 18865.000 3312.000 4000.000
v 18865.000 3384.000 4000.000
v 18865.000 3456.000 4000.000
v 18865.000 3528.000 4000.000
v 18865.000 3600.000 4000.000
v 18865.000 3672.000 4000.000
v 18865.000 3744.000 4000.000
v 18865.000 3816.000 4000.000
v 18865.000 3888.000 4000.000
v 18865.000 3960.000 4000.000
v 18865.000 4032.000 4000.000
v 18865.000 4104.000 4000.000
v 18865.000 4176.000 4000.000
v 18865.000 4248.000 4000.000
v 18865.000 4320.000 4000.000
v 18865.000 4392.000 4000.000
v 18865.000 4464.000 4000.000
v 18865.000 4536.000 4000.000
v 18865.000 4608.000 4000.000
v 18865.000 4680.000 4000.000
v 18865.000 4752.000 4000.000
v 18865.000 4824.000 4000.000
v 18865.000 4896.000 4000.000
v 18865.000 4968.000 4000.000
v 18865.000 5040.000 4000.000
v 18865.000 5112.000 4000.000
v 18865.000 5184.000 4000.000
v 18865.000 5256.000 4000.000
v 18865.000 5328.000 4000.000
v 18865.000 5400.000 4000.000
v 18865.000 5472.000 4000.000
v 18865.000 5544.000 4000.000
v 18865.000 5616.000 4000.000
v 18865.000 5688.000 4000.000
v 18865.000 5760.000 4000.000
v 18865.000 5832.000 4000.000
v 18865.000 5904.000 4000.000
v 18865.000 5976.000 4000.000
v 18865.000 6048.000 4000.000
v 18865.000 6120.000 4000.000
v 18865.000 6192.000 4000.000
v 18865.000 6264.000 4000.000
v 18865.000 6336.000 4000.000
v 18865.000 6408.000 4000.000
v 18865.000 6480.000 4000.000
v 18865.000 6552.000 4000.000
v 18865.000 6624.000 4000.000
v 18865.000 6696.000 4000.000
v 18865.000 6768.000 4000.000
v 18865.000 6840.000 4000.000
v 18865.000 6912.000 4000.000
v 18865.000 6984.000 4000.000
v 18865.000 7056.000 4000.000
v 18865.000 7128.000 4000.000
v 18865.000 7200.000 4000.000
v 18865.000 7272.000 4000.000
v 18865.000 7344.000 4000.000
v 18865.000 7416.000 4000.000
v 18865.000 7488.000 4000.000
v 18865.000 7560.000 4000.000
v 18865.000 7632.000 4000.000
v 18865.000 7704.000 4000.000
v 18865.000 7776.000 4000.000
v 18865.000 7848.000 4000.000
v 18865.000 7920.000 4000.000
v 18865.000 7992.000 4000.000
v 18865.000 8064.000 4000.000
v 18865.000 8136.000 4000.000
v 18865.000 8208.000 4000.000
v 18865.000 8280.000 4000.000
v 18865.000 8352.000 4000.000
v 18865.000 8424.000 4000.000
v 18865.000 8496.000 4000.000
v 18865.000 8568.000 4000.000
v 18865.000 8640.000 4000.000
v 18865.000 8712.000 4000.000
v 18865.000 8784.000 4000.000
v 18865.000 8856.000 4000.000
v 18865.000 8928.000 4000.000
v 18865.000 9000.000 4000.000
v 18865.000 9072.000 4000.000
v 18865.000 9144.000 4000.000
v 18865.000 9216.000 4000.000
v 18865.000 9288.000 4000.000
v 18865.000 9360.000 4000.000
v 18865.000 9432.000 4000.000
v 18865.000 9504.000 4000.000
v 18865.000 9576.000 4000.000
v 18865.000 9648.000 4000.000
v 18865.000 9720.000 4000.000
v 18865.000 9792.000 4000.000
v 18865.000 9864.000 4000.000
v 18865.000 9936.000 4000.000
v 18865.000 10008.000 4000.000
v 18865.000 10080.000 4000.000
v 18865.000 10152.000 4000.000
v 18865.000 10224.000 4000.000
v 18865.000 10296.000 4000.000
v 18865.000 10368.000 4000.000
v 18865.000 10440.000 4000.000
v 18865.000 10512.000 4000.000
v 18865.000 10584.000 4000.000
v 18865.000 10656.000 4000.000
v 18865.000 10728.000 4000.000
v 18865.000 10800.000 4000.000
v 18865.000 10872.000 4000.000
v 18865.000 10944.000 4000.000
v 18865.000 11016.000 4000.000
v 18865.000 11088.000 4000.000
v 18865.000 11160.000 4000.000
v 18865.000 11232.000 4000.000
v 18865.000 11304.000 4000.000
v 18865.000 11376.000 4000.000
v 18865.000 11448.000 4000.000
v 18865.000 11520.000 4000.000
v 18865.000 11592.000 4000.000
v 18865.000 11664.000 4000.000
v 18865.000 11736.000 4000.000
v 18865.000 11808.000 4000.000
v 18865.000 11880.000 4000.000
v 18865.000 11952.000 4000.000
v 18865.000 12024.000 4000.000
v 18865.000 12096.000 4000.000
v 18865.000 12168.000 4000.000
v 18865.000 12240.000 4000.000
v 18865.000 12312.000 4000.000
v 18865.000 12384.000 4000.000
l 5824 5825 5826 5827 5828 5829 5830 5831 5832 5833 5834 5835 5836 5837 5838 5839 5840 5841 5842 5843 5844 5845 5846 5847 5848 5849 5850 5851 5852 5853 5854 5855 5856 5857 5858 5859 5860 5861 5862 5863 5864 5865 5866 5867 5868 5869 5870 5871 5872 5873 5874 5875 5876 5877 5878 5879 5880 5881 5882 5883 5884 5885 5886 5887 5888 5889 5890 5891 5892 5893 5894 5895 5896 5897 5898 5899 5900 5901 5902 5903 5904 5905 5906 5907 5908 5909 5910 5911 5912 5913 5914 5915 5916 5917 5918 5919 5920 5921 5922 5923 5924 5925 5926 5927 5928 5929 5930 5931 5932 5933 5934 5935 5936 5937 5938 5939 5940 5941 5942 5943 5944 5945 5946 5947 5948 5949 5950 5951 5952 5953 5954 5955 5956 5957 5958 5959 5960 5961 5962 5963 5964 5965 5966 5967 5968 5969 5970 5971 5972 5973 5974 5975 5976 5977 5978 5979 5980 5981 5982 5983 5984 5985 5986 5987 5988 5989 5990 5991 5992 5993 5994 5995 5996 5997 5998 5999 6000 6001 6002 6003 6004 6005 6006 6007 6008 6009 6010 6011 6012 6013 6014 6015 6016 6017 6018 6019 6020 6021 6022 6023 6024 6025 6026 6027 6028 6029 6030 6031 6032 6033 6034 6035 6036 6037 6038 6039 6040 6041 6042 6043 6044 6045 6046 6047 6048 6049 6050 6051 6052 6053 6054 6055 6056 6057 6058 6059 6060 6061 6062 6063 6064 6065 6066 6067 6068 6069 6070 6071 6072 6073 6074 6075 6076 6077 6078 6079 6080 6081 6082 6083 6084 6085 6086 6087 6088 6089 6090 6091 6092 6093 6094 6095 6096 6097 6098 6099 6100 6101 6102 6103 6104 6105 6106 6107 6108 6109 6110 6111 6112 6113 6114 6115 6116 6117 6118 6119 6120 6121 6122 6123 6124 6125 6126 6127 6128 6129 6130 6131 6132 6133 6134 6135 6136 6137 6138 6139 6140 6141 6142 6143 6144 6145 6146 6147 6148 6149 6150 6151 6152 6153 6154 6155 6156 6157 6158 6159 6160 6161 6162 6163 6164 6165 6166 6167 6168 6169 6170 6171 6172 6173 6174 6175 6176 6177 6178 6179 6180 6181 6182 6183 6184 6185 6186 6187 6188 6189 6190 6191 6192 6193 6194 6195 6196 6197 6198 6199 6200 6201 6202 6203 6204 6205 6206 6207 6208 6209 6210 6211 6212 6213 6214 6215 6216 6217 6218 6219 6220 6221 6222 6223 6224 6225 6226 6227 6228 6229 6230 6231 6232 6233 6234 6235 6236 6237 6238 6239 6240 6241 6242 6243 6244 6245 6246 6247 6248 6249 6250 6251 6252 6253 6254 6255 6256 6257 6258 6259 6260 6261 6262 6263 6264 6265 6266 6267 6268 6269 6270 6271 6272 6273 6274 6275 6276 6277 6278 6279 6280 6281 6282 6283 6284 6285 6286 6287 6288 6289 6290 6291 6292 6293 6294 6295 6296 6297 6298 6299 6300 6301 6302 6303 6304 6305 6306 6307 6308 6309 6310 6311 6312 6313 6314 6315 6316 6317 6318 6319 6320 6321 6322 6323 6324 6325 6326 6327 6328 6329 6330 6331 6332 6333 6334 6335 6336
v 18865.000 -24480.000 4500.000
v 18865.000 -24408.000 4500.000
v 18865.000 -24336.000 4500.000
v 18865.000 -24264.000 4500.000
v 18865.000 -24192.000 4500.000
v 18865.000 -24120.000 4500.000
v 18865.000 -24048.000 4500.000
v 18865.000 -23976.000 4500.000
v 18865.000 -23904.000 4500.000
v 18865.000 -23832.000 4500.000
v 18865.000 -23760.000 4500.000
v 18865.000 -23688.000 4500.000
v 18865.000 -23616.000 4500.000
v 18865.000 -23544.000 4500.000
v 18865.000 -23472.000 4500.000
v 18865.000 -23400.000 4500.000
v 18865.000 -23328.000 4500.000
v 18865.000 -23256.000 4500.000
v 18865.000 -23184.000 4500.000
v 18865.000 -23112.000 4500.000
v 18865.000 -23040.000 4500.000
v 18865.000 -22968.000 4500.000
v 18865.000 -22896.000 4500.000
v 18865.000 -22824.000 4500.000
v 18865.000 -22752.000 4500.000
v 18865.000 -22680.000 4500.000
v 18865.000 -22608.000 4500.000
v 18865.000 -22536.000 4500.000
v 18865.000 -22464.000 4500.000
v 18865.000 -22392.000 4500.000
v 18865.000 -22320.000 4500.000
v 18865.000 -22248.000 4500.000
v 18865.000 -22176.000 4500.000
v 18865.000 -22104.000 4500.000
v 18865.000 -22032.000 4500.000
v 18865.000 -21960.000 4500.000
v 18865.000 -21888.000 4500.000
v 18865.000 -21816.000 4500.000
v 18865.000 -21744.000 4500.000
v 18865.000 -21672.000 4500.000
v 18865.000 -21600.000 4500.000
v 18865.000 -21528.000 4500.000
v 18865.000 -21456.000 4500.000
v 18865.000 -21384.000 4500.000
v 18865.000 -21312.000 4500.000
v 18865.000 -21240.000 4500.000
v 18865.000 -21168.000 4500.000
v 18865.000 -21096.000 4500.000
v 18865.000 -21024.000 4500.000
v 18865.000 -20952.000 4500.000
v 18865.000 -20880.000 4500.000
v 18865.000 -20808.000 4500.000
v 18865.000 -20736.000 4500.000
v 18865.000 -20664.000 4500.000
v 18865.000 -20592.000 4500.000
v 18865.000 -20520.000 4500.000
v 18865.000 -20448.000 4500.000
v 18865.000 -20376.000 4500.000
v 18865.000 -20304.000 4500.000
v 18865.000 -20232.000 4500.000
v 18865.000 -20160.000 4500.000
v 18865.000 -20088.000 4500.000
v 18865.000 -20016.000 4500.000
v 18865.000 -19944.000 4500.000
v 18865.000 -19872.000 4500.000
v 18865.000 -19800.000 4500.000
v 18865.000 -19728.000 4500.000
v 18865.000 -19656.000 4500.000
v 18865.000 -19584.000 4500.000
v 18865.000 -19512.000 4500.000
v 18865.000 -19440.000 4500.000
v 18865.000 -19368.000 4500.000
v 18865.000 -19296.000 4500.000
v 18865.000 -19224.000 4500.000
v 18865.000 -19152.000 4500.000
v 18865.000 -19080.000 4500.000
v 18865.000 -19008.000 4500.000
v 18865.000 -18936.000 4500.000
v 18865.000 -18864.000 4500.000
v 18865.000 -18792.000 4500.000
v 18865.000 -18720.000 4500.000
v 18865.000 -18648.000 4500.000
v 18865.000 -18576.000 4500.000
v 18865.000 -18504.000 4500.000
v 18865.000 -18432.000 4500.000
v 18865.000 -18360.000 4500.000
v 18865.000 -18288.000 4500.000
v 18865.000 -18216.000 4500.000
v 18865.000 -18144.000 4500.000
v 18865.000 -18072.000 4500.000
v 18865.000 -18000.000 4500.000
v 18865.000 -17928.000 4500.000
v 18865.000 -17856.000 4500.000
v 18865.000 -17784.000 4500.000
v 18865.000 -17712.000 4500.000
v 18865.000 -17640.000 4500.000
v 18865.000 -17568.000 4500.000
v 18865.000 -17496.000 4500.000
v 18865.000 -17424.000 4500.000
v 18865.000 -17352.000 4500.000
v 18865.000 -17280.000 4500.000
v 18865.000 -17208.000 4500.000
v 18865.000 -17136.000 4500.000
v 18865.000 -17064.000 4500.000
v 18865.000 -16992.000 4500.000
v 18865.000 -16920.000 4500.000
v 18865.000 -16848.000 4500.000
v 18865.000 -16776.000 4500.000
v 18865.000 -16704.000 4500.000
v 18865.000 -16632.000 4500.000
v 18865.000 -16560.000 4500.000
v 18865.000 -16488.000 4500.000
v 18865.000 -16416.000 4500.000
v 18865.000 -16344.000 4500.000
v 18865.000 -16272.000 4500.000
v 18865.000 -16200.000 4500.000
v 18865.000 -16128.000 4500.000
v 18865.000 -16056.000 4500.000
v 18865.000 -15984.000 4500.000
v 18865.000 -15912.000 4500.000
v 18865.000 -15840.000 4500.000
v 18865.000 -15768.000 4500.000
v 18865.000 -15696.000 4500.000
v 18865.000 -15624.000 4500.000
v 18865.000 -15552.000 4500.000
v 18865.000 -15480.000 4500.000
v 18865.000 -15408.000 4500.000
v 18865.000 -15336.000 4500.000
v 18865.000 -15264.000 4500.000
v 18865.000 -15192.000 4500.000
v 18865.000 -15120.000 4500.000
v 18865.000 -15048.000 4500.000
v 18865.000 -14976.000 4500.000
v 18865.000 -14904.000 4500.000
v 18865.000 -14832.000 4500.000
v 18865.000 -14760.000 4500.000
v 18865.000 -14688.000 4500.000
v 18865.000 -14616.000 4500.000
v 18865.000 -14544.000 4500.000
v 18865.000 -14472.000 4500.000
v 18865.000 -14400.000 4500.000
v 18865.000 -14328.000 4500.000
v 18865.000 -14256.000 4500.000
v 18865.000 -14184.000 4500.000
v 18865.000 -14112.000 4500.000
v 18865.000 -14040.000 4500.000
v 18865.000 -13968.000 4500.000
v 18865.000 -13896.000 4500.000
v 18865.000 -13824.000 4500.000
v 18865.000 -13752.000 4500.000
v 18865.000 -13680.000 4500.000
v 18865.000 -13608.000 4500.000
v 18865.000 -13536.000 4500.000
v 18865.000 -13464.000 4500.000
v 18865.000 -13392.000 4500.000
v 18865.000 -13320.000 4500.000
v 18865.000 -13248.000 4500.000
v 18865.000 -13176.000 4500.000
v 18865.000 -13104.000 4500.000
v 18865.000 -13032.000 4500.000
v 18865.000 -12960.000 4500.000
v 18865.000 -12888.000 4500.000
v 18865.000 -12816.000 4500.000
v 18865.000 -12744.000 4500.000
v 18865.000 -12672.000 4500.000
v 18865.000 -12600.000 4500.000
v 18865.000 -12528.000 4500.000
v 18865.000 -12456.000 4500.000
v 18865.000 -12384.000 4500.000
v 18865.000 -12312.000 4500.000
v 18865.000 -12240.000 4500.000
v 18865.000 -12168.000 4500.000
v 18865.000 -12096.000 4500.000
v 18865.000 -12024.000 4500.000
v 18865.000 -11952.000 4500.000
v 18865.000 -11880.000 4500.000
v 18865.000 -11808.000 4500.000
v 18865.000 -11736.000 4500.000
v 18865.000 -11664.000 4500.000
v 18865.000 -11592.000 4500.000
v 18865.000 -11520.000 4500.000
v 18865.000 -11448.000 4500.000
v 18865.000 -11376.000 4500.000
v 18865.000 -11304.000 4500.000
v 18865.000 -11232.000 4500.000
v 18865.000 -11160.000 4500.000
v 18865.000 -11088.000 4500.000
v 18865.000 -11016.000 4500.000
v 18865.000 -10944.000 4500.000
v 18865.000 -10872.000 4500.000
v 18865.000 -10800.000 4500.000
v 18865.000 -10728.000 4500.000
v 18865.000 -10656.000 4500.000
v 18865.000 -10584.000 4500.000
v 18865.000 -10512.000 4500.000
v 18865.000 -10440.000 4500.000
v 18865.000 -10368.000 4500.000
v 18865.000 -10296.000 4500.000
v 18865.000 -10224.000 4500.000
v 18865.000 -10152.000 4500.000
v 18865.000 -10080.000 4500.000
v 18865.000 -10008.000 4500.000
v 18865.000 -9936.000 4500.000
v 18865.000 -9864.000 4500.000
v 18865.000 -9792.000 4500.000
v 18865.000 -9720.000 4500.000
v 18865.000 -9648.000 4500.000
v 18865.000 -9576.000 4500.000
v 18865.000 -9504.000 4500.000
v 18865.000 -9432.000 4500.000
v 18865.000 -9360.000 4500.000
v 18865.000 -9288.000 4500.000
v 18865.000 -9216.000 4500.000
v 18865.000 -9144.000 4500.000
v 18865.000 -9072.000 4500.000
v 18865.000 -9000.000 4500.000
v 18865.000 -8928.000 4500.000
v 18865.000 -8856.000 4500.000
v 18865.000 -8784.000 4500.000
v 18865.000 -8712.000 4500.000
v 18865.000 -8640.000 4500.000
v 18865.000 -8568.000 4500.000
v 18865.000 -8496.000 4500.000
v 18865.000 -8424.000 4500.000
v 18865.000 -8352.000 4500.000
v 18865.000 -8280.000 4500.000
v 18865.000 -8208.000 4500.000
v 18865.000 -8136.000 4500.000
v 18865.000 -8064.000 4500.000
v 18865.000 -7992.000 4500.000
v 18865.000 -7920.000 4500.000
v 18865.000 -7848.000 4500.000
v 18865.000 -7776.000 4500.000
v 18865.000 -7704.000 4500.000
v 18865.000 -7632.000 4500.000
v 18865.000 -7560.000 4500.000
v 18865.000 -7488.000 4500.000
v 18865.000 -7416.000 4500.000
v 18865.000 -7344.000 4500.000
v 18865.000 -7272.000 4500.000
v 18865.000 -7200.000 4500.000
v 18865.000 -7128.000 4500.000
v 18865.000 -7056.000 4500.000
v 18865.000 -6984.000 4500.000
v 18865.000 -6912.000 4500.000
v 18865.000 -6840.000 4500.000
v 18865.000 -6768.000 4500.000
v 18865.000 -6696.000 4500.000
v 18865.000 -6624.000 4500.000
v 18865.000 -6552.000 4500.000
v 18865.000 -6480.000 4500.000
v 18865.000 -6408.000 4500.000
v 18865.000 -6336.000 4500.000
v 18865.000 -6264.000 4500.000
v 18865.000 -6192.000 4500.000
v 18865.000 -6120.000 4500.000
v 18865.000 -6048.000 4500.000
v 18865.000 -5976.000 4500.000
v 18865.000 -5904.000 4500.000
v 18865.000 -5832.000 4500.000
v 18865.000 -5760.000 4500.000
v 18865.000 -5688.000 4500.000
v 18865.000 -5616.000 4500.000
v 18865.000 -5544.000 4500.000
v 18865.000 -5472.000 4500.000
v 18865.000 -5400.000 4500.000
v 18865.000 -5328.000 4500.000
v 18865.000 -5256.000 4500.000
v 18865.000 -5184.000 4500.000
v 18865.000 -5112.000 4500.000
v 18865.000 -5040.000 4500.000
v 18865.000 -4968.000 4500.000
v 18865.000 -4896.000 4500.000
v 18865.000 -4824.000 4500.000
v 18865.000 -4752.000 4500.000
v 18865.000 -4680.000 4500.000
v 18865.000 -4608.000 4500.000
v 18865.000 -4536.000 4500.000
v 18865.000 -4464.000 4500.000
v 18865.000 -4392.000 4500.000
v 18865.000 -4320.000 4500.000
v 18865.000 -4248.000 4500.000
v 18865.000 -4176.000 4500.000
v 18865.000 -4104.000 4500.000
v 18865.000 -4032.000 4500.000
v 18865.000 -3960.000 4500.000
v 18865.000 -3888.000 4500.000
v 18865.000 -3816.000 4500.000
v 18865.000 -3744.000 4500.000
v 18865.000 -3672.000 4500.000
v 18865.000 -3600.000 4500.000
v 18865.000 -3528.000 4500.000
v 18865.000 -3456.000 4500.000
v 18865.000 -3384.000 4500.000
v 18865.000 -3312.000 4500.000
v 18865.000 -3240.000 4500.000
v 18865.000 -3168.000 4500.000
v 18865.000 -3096.000 4500.000
v 18865.000 -3024.000 4500.000
v 18865.000 -2952.000 4500.000
v 18865.000 -2880.000 4500.000
v 18865.000 -2808.000 4500.000
v 18865.000 -2736.000 4500.000
v 18865.000 -2664.000 4500.000
v 18865.000 -2592.000 4500.000
v 18865.000 -2520.000 4500.000
v 18865.000 -2448.000 4500.000
l 6337 6338 6339 6340 6341 6342 6343 6344 6345 6346 6347 6348 6349 6350 6351 6352 6353 6354 6355 6356 6357 6358 6359 6360 6361 6362 6363 6364 6365 6366 6367 6368 6369 6370 6371 6372 6373 6374 6375 6376 6377 6378 6379 6380 6381 6382 6383 6384 6385 6386 6387 6388 6389 6390 6391 6392 6393 6394 6395 6396 6397 6398 6399 6400 6401 6402 6403 6404 6405 6406 6407 6408 6409 6410 6411 6412 6413 6414 6415 6416 6417 6418 6419 6420 6421 6422 6423 6424 6425 6426 6427 6428 6429 6430 6431 6432 6433 6434 6435 6436 6437 6438 6439 6440 6441 6442 6443 6444 6445 6446 6447 6448 6449 6450 6451 6452 6453 6454 6455 6456 6457 6458 6459 6460 6461 6462 6463 6464 6465 6466 6467 6468 6469 6470 6471 6472 6473 6474 6475 6476 6477 6478 6479 6480 6481 6482 6483 6484 6485 6486 6487 6488 6489 6490 6491 6492 6493 6494 6495 6496 6497 6498 6499 6500 6501 6502 6503 6504 6505 6506 6507 6508 6509 6510 6511 6512 6513 6514 6515 6516 6517 6518 6519 6520 6521 6522 6523 6524 6525 6526 6527 6528 6529 6530 6531 6532 6533 6534 6535 6536 6537 6538 6539 6540 6541 6542 6543 6544 6545 6546 6547 6548 6549 6550 6551 6552 6553 6554 6555 6556 6557 6558 6559 6560 6561 6562 6563 6564 6565 6566 6567 6568 6569 6570 6571 6572 6573 6574 6575 6576 6577 6578 6579 6580 6581 6582 6583 6584 6585 6586 6587 6588 6589 6590 6591 6592 6593 6594 6595 6596 6597 6598 6599 6600 6601 6602 6603 6604 6605 6606 6607 6608 6609 6610 6611 6612 6613 6614 6615 6616 6617 6618 6619 6620 6621 6622 6623 6624 6625 6626 6627 6628 6629 6630 6631 6632 6633 6634 6635 6636 6637 6638 6639 6640 6641 6642 6643
v 18865.000 -792.000 4500.000
v 18865.000 -720.000 4500.000
v 18865.000 -648.000 4500.000
v 18865.000 -576.000 4500.000
v 18865.000 -504.000 4500.000
v 18865.000 -432.000 4500.000
v 18865.000 -360.000 4500.000
v 18865.000 -288.000 4500.000
v 18865.000 -216.000 4500.000
v 18865.000 -144.000 4500.000
v 18865.000 -72.000 4500.000
v 18865.000 0.000 4500.000
v 18865.000 72.000 4500.000
v 18865.000 144.000 4500.000
v 18865.000 216.000 4500.000
v 18865.000 288.000 4500.000
v 18865.000 360.000 4500.000
v 18865.000 432.000 4500.000
v 18865.000 504.000 4500.000
v 18865.000 576.000 4500.000
v 18865.000 648.000 4500.000
v 18865.000 720.000 4500.000
v 18865.000 792.000 4500.000
v 18865.000 864.000 4500.000
v 18865.000 936.000 4500.000
v 18865.000 1008.000 4500.000
v 18865.000 1080.000 4500.000
v 18865.000 1152.000 4500.000
v 18865.000 1224.000 4500.000
v 18865.000 1296.000 4500.000
v 18865.000 1368.000 4500.000
l 6644 6645 6646 6647 6648 6649 6650 6651 6652 6653 6654 6655 6656 6657 6658 6659 6660 6661 6662 6663 6664 6665 6666 6667 6668 6669 6670 6671 6672 6673 6674
v 18865.000 2232.000 4500.000
v 18865.000 2304.000 4500.000
v 18865.000 2376.000 4500.000
v 18865.000 2448.000 4500.000
v 18865.000 2520.000 4500.000
v 18865.000 2592.000 4500.000
v 18865.000 2664.000 4500.000
v 18865.000 2736.000 4500.000
v 18865.000 2808.000 4500.000
v 18865.000 2880.000 4500.000
v 18865.000 2952.000 4500.000
v 18865.000 3024.000 4500.000
v 18865.000 3096.000 4500.000
v 18865.000 3168.000 4500.000
v 18865.000 3240.000 4500.000
v 18865.000 3312.000 4500.000
v 18865.000 3384.000 4500.000
v 18865.000 3456.000 4500.000
v 18865.000 3528.000 4500.000
v 18865.000 3600.000 4500.000
v 18865.000 3672.000 4500.000
v 18865.000 3744.000 4500.000
v 18865.000 3816.000 4500.000
v 18865.000 3888.000 4500.000
v 18865.000 3960.000 4500.000
v 18865.000 4032.000 4500.000
v 18865.000 4104.000 4500.000
l 6675 6676 6677 6678 6679 6680 6681 6682 6683 6684 6685 6686 6687 6688 6689 6690 6691 6692 6693 6694 6695 6696 6697 6698 6699 6700 6701
v 18865.000 -24480.000 5000.000
v 18865.000 -24408.000 5000.000
v 18865.000 -24336.000 5000.000
v 18865.000 -24264.000 5000.000
v 18865.000 -24192.000 5000.000
v 18865.000 -24120.000 5000.000
v 18865.000 -24048.000 5000.000
v 18865.000 -23976.000 5000.000
v 18865.000 -23904.000 5000.000
v 18865.000 -23832.000 5000.000
v 18865.000 -23760.000 5000.000
v 18865.000 -23688.000 5000.000
v 18865.000 -23616.000 5000.000
v 18865.000 -23544.000 5000.000
v 18865.000 -23472.000 5000.000
v 18865.000 -23400.000 5000.000
v 18865.000 -23328.000 5000.000
v 18865.000 -23256.000 5000.000
v 18865.000 -23184.000 5000.000
v 18865.000 -23112.000 5000.000
v 18865.000 -23040.000 5000.000
v 18865.000 -22968.000 5000.000
v 18865.000 -22896.000 5000.000
v 18865.000 -22824.000 5000.000
v 18865.000 -22752.000 5000.000
v 18865.000 -22680.000 5000.000
v 18865.000 -22608.000 5000.000
v 18865.000 -22536.000 5000.000
v 18865.000 -22464.000 5000.000
v 18865.000 -22392.000 5000.000
v 18865.000 -22320.000 5000.000
v 18865.000 -22248.000 5000.000
v 18865.000 -22176.000 5000.000
v 18865.000 -22104.000 5000.000
v 18865.000 -22032.000 5000.000
v 18865.000 -21960.000 5000.000
v 18865.000 -21888.000 5000.000
v 18865.000 -21816.000 5000.000
v 18865.000 -21744.000 5000.000
v 18865.000 -21672.000 5000.000
v 18865.000 -21600.000 5000.000
v 18865.000 -21528.000 5000.000
v 18865.000 -21456.000 5000.000
v 18865.000 -21384.000 5000.000
v 18865.000 -21312.000 5000.000
v 18865.000 -21240.000 5000.000
v 18865.000 -21168.000 5000.000
v 18865.000 -21096.000 5000.000
v 18865.000 -21024.000 5000.000
v 18865.000 -20952.000 5000.000
v 18865.000 -20880.000 5000.000
v 18865.000 -20808.000 5000.000
v 18865.000 -20736.000 5000.000
v 18865.000 -20664.000 5000.000
v 18865.000 -20592.000 5000.000
v 18865.000 -20520.000 5000.000
v 18865.000 -20448.000 5000.000
v 18865.000 -20376.000 5000.000
v 18865.000 -20304.000 5000.000
v 18865.000 -20232.000 5000.000
v 18865.000 -20160.000 5000.000
v 18865.000 -20088.000 5000.000
v 18865.000 -20016.000 5000.000
v 18865.000 -19944.000 5000.000
v 18865.000 -19872.000 5000.000
v 18865.000 -19800.000 5000.000
v 18865.000 -19728.000 5000.000
v 18865.000 -19656.000 5000.000
v 18865.000 -19584.000 5000.000
v 18865.000 -19512.000 5000.000
v 18865.000 -19440.000 5000.000
v 18865.000 -19368.000 5000.000
v 18865.000 -19296.000 5000.000
v 18865.000 -19224.000 5000.000
v 18865.000 -19152.000 5000.000
v 18865.000 -19080.000 5000.000
v 18865.000 -19008.000 5000.000
v 18865.000 -18936.000 5000.000
v 18865.000 -18864.000 5000.000
v 18865.000 -18792.000 5000.000
v 18865.000 -18720.000 5000.000
v 18865.000 -18648.000 5000.000
v 18865.000 -18576.000 5000.000
v 18865.000 -18504.000 5000.000
v 18865.000 -18432.000 5000.000
v 18865.000 -18360.000 5000.000
v 18865.000 -18288.000 5000.000
v 18865.000 -18216.000 5000.000
v 18865.000 -18144.000 5000.000
v 18865.000 -18072.000 5000.000
v 18865.000 -18000.000 5000.000
v 18865.000 -17928.000 5000.000
v 18865.000 -17856.000 5000.000
v 18865.000 -17784.000 5000.000
v 18865.000 -17712.000 5000.000
v 18865.000 -17640.000 5000.000
v 18865.000 -17568.000 5000.000
v 18865.000 -17496.000 5000.000
v 18865.000 -17424.000 5000.000
v 18865.000 -17352.000 5000.000
v 18865.000 -17280.000 5000.000
v 18865.000 -17208.000 5000.000
v 18865.000 -17136.000 5000.000
v 18865.000 -17064.000 5000.000
v 18865.000 -16992.000 5000.000
v 18865.000 -16920.000 5000.000
v 18865.000 -16848.000 5000.000
v 18865.000 -16776.000 5000.000
v 18865.000 -16704.000 5000.000
v 18865.000 -16632.000 5000.000
v 18865.000 -16560.000 5000.000
v 18865.000 -16488.000 5000.000
v 18865.000 -16416.000 5000.000
v 18865.000 -16344.000 5000.000
v 18865.000 -16272.000 5000.000
v 18865.000 -16200.000 5000.000
v 18865.000 -16128.000 5000.000
v 18865.000 -16056.000 5000.000
v 18865.000 -15984.000 5000.000
v 18865.000 -15912.000 5000.000
v 18865.000 -15840.000 5000.000
v 18865.000 -15768.000 5000.000
v 18865.000 -15696.000 5000.000
v 18865.000 -15624.000 5000.000
v 18865.000 -15552.000 5000.000
v 18865.000 -15480.000 5000.000
v 18865.000 -15408.000 5000.000
v 18865.000 -15336.000 5000.000
v 18865.000 -15264.000 5000.000
v 18865.000 -15192.000 5000.000
v 18865.000 -15120.000 5000.000
v 18865.000 -15048.000 5000.000
v 18865.000 -14976.000 5000.000
v 18865.000 -14904.000 5000.000
v 18865.000 -14832.000 5000.000
v 18865.000 -14760.000 5000.000
v 18865.000 -14688.000 5000.000
v 18865.000 -14616.000 5000.000
v 18865.000 -14544.000 5000.000
v 18865.000 -14472.000 5000.000
v 18865.000 -14400.000 5000.000
v 18865.000 -14328.000 5000.000
v 18865.000 -14256.000 5000.000
v 18865.000 -14184.000 5000.000
v 18865.000 -14112.000 5000.000
v 18865.000 -14040.000 5000.000
v 18865.000 -13968.000 5000.000
v 18865.000 -13896.000 5000.000
v 18865.000 -13824.000 5000.000
v 18865.000 -13752.000 5000.000
v 18865.000 -13680.000 5000.000
v 18865.000 -13608.000 5000.000
v 18865.000 -13536.000 5000.000
v 18865.000 -13464.000 5000.000
v 18865.000 -13392.000 5000.000
v 18865.000 -13320.000 5000.000
v 18865.000 -13248.000 5000.000
v 18865.000 -13176.000 5000.000
v 18865.000 -13104.000 5000.000
v 18865.000 -13032.000 5000.000
v 18865.000 -12960.000 5000.000
v 18865.000 -12888.000 5000.000
v 18865.000 -12816.000 5000.000
v 18865.000 -12744.000 5000.000
v 18865.000 -12672.000 5000.000
v 18865.000 -12600.000 5000.000
v 18865.000 -12528.000 5000.000
v 18865.000 -12456.000 5000.000
v 18865.000 -12384.000 5000.000
v 18865.000 -12312.000 5000.000
v 18865.000 -12240.000 5000.000
v 18865.000 -12168.000 5000.000
v 18865.000 -12096.000 5000.000
v 18865.000 -12024.000 5000.000
v 18865.000 -11952.000 5000.000
v 18865.000 -11880.000 5000.000
v 18865.000 -11808.000 5000.000
v 18865.000 -11736.000 5000.000
v 18865.000 -11664.000 5000.000
v 18865.000 -11592.000 5000.000
v 18865.000 -11520.000 5000.000
v 18865.000 -11448.000 5000.000
v 18865.000 -11376.000 5000.000
v 18865.000 -11304.000 5000.000
v 18865.000 -11232.000 5000.000
v 18865.000 -11160.000 5000.000
v 18865.000 -11088.000 5000.000
v 18865.000 -11016.000 5000.000
v 18865.000 -10944.000 5000.000
v 18865.000 -10872.000 5000.000
v 18865.000 -10800.000 5000.000
v 18865.000 -10728.000 5000.000
v 18865.000 -10656.000 5000.000
v 18865.000 -10584.000 5000.000
v 18865.000 -10512.000 5000.000
v 18865.000 -10440.000 5000.000
v 18865.000 -10368.000 5000.000
v 18865.000 -10296.000 5000.000
v 18865.000 -10224.000 5000.000
v 18865.000 -10152.000 5000.000
v 18865.000 -10080.000 5000.000
v 18865.000 -10008.000 5000.000
v 18865.000 -9936.000 5000.000
v 18865.000 -9864.000 5000.000
v 18865.000 -9792.000 5000.000
v 18865.000 -9720.000 5000.000
v 18865.000 -9648.000 5000.000
v 18865.000 -9576.000 5000.000
v 18865.000 -9504.000 5000.000
v 18865.000 -9432.000 5000.000
v 18865.000 -9360.000 5000.000
v 18865.000 -9288.000 5000.000
v 18865.000 -9216.000 5000.000
v 18865.000 -9144.000 5000.000
v 18865.000 -9072.000 5000.000
v 18865.000 -9000.000 5000.000
v 18865.000 -8928.000 5000.000
v 18865.000 -8856.000 5000.000
v 18865.000 -8784.000 5000.000
v 18865.000 -8712.000 5000.000
v 18865.000 -8640.000 5000.000
v 18865.000 -8568.000 5000.000
v 18865.000 -8496.000 5000.000
v 18865.000 -8424.000 5000.000
v 18865.000 -8352.000 5000.000
v 18865.000 -8280.000 5000.000
v 18865.000 -8208.000 5000.000
v 18865.000 -8136.000 5000.000
v 18865.000 -8064.000 5000.000
v 18865.000 -7992.000 5000.000
v 18865.000 -7920.000 5000.000
v 18865.000 -7848.000 5000.000
v 18865.000 -7776.000 5000.000
v 18865.000 -7704.000 5000.000
v 18865.000 -7632.000 5000.000
v 18865.000 -7560.000 5000.000
v 18865.000 -7488.000 5000.000
v 18865.000 -7416.000 5000.000
v 18865.000 -7344.000 5000.000
v 18865.000 -7272.000 5000.000
v 18865.000 -7200.000 5000.000
v 18865.000 -7128.000 5000.000
v 18865.000 -7056.000 5000.000
v 18865.000 -6984.000 5000.000
v 18865.000 -6912.000 5000.000
v 18865.000 -6840.000 5000.000
v 18865.000 -6768.000 5000.000
v 18865.000 -6696.000 5000.000
v 18865.000 -6624.000 5000.000
v 18865.000 -6552.000 5000.000
v 18865.000 -6480.000 5000.000
v 18865.000 -6408.000 5000.000
v 18865.000 -6336.000 5000.000
v 18865.000 -6264.000 5000.000
v 18865.000 -6192.000 5000.000
v 18865.000 -6120.000 5000.000
l 6702 6703 6704 6705 6706 6707 6708 6709 6710 6711 6712 6713 6714 6715 6716 6717 6718 6719 6720 6721 6722 6723 6724 6725 6726 6727 6728 6729 6730 6731 6732 6733 6734 6735 6736 6737 6738 6739 6740 6741 6742 6743 6744 6745 6746 6747 6748 6749 6750 6751 6752 6753 6754 6755 6756 6757 6758 6759 6760 6761 6762 6763 6764 6765 6766 6767 6768 6769 6770 6771 6772 6773 6774 6775 6776 6777 6778 6779 6780 6781 6782 6783 6784 6785 6786 6787 6788 6789 6790 6791 6792 6793 6794 6795 6796 6797 6798 6799 6800 6801 6802 6803 6804 6805 6806 6807 6808 6809 6810 6811 6812 6813 6814 6815 6816 6817 6818 6819 6820 6821 6822 6823 6824 6825 6826 6827 6828 6829 6830 6831 6832 6833 6834 6835 6836 6837 6838 6839 6840 6841 6842 6843 6844 6845 6846 6847 6848 6849 6850 6851 6852 6853 6854 6855 6856 6857 6858 6859 6860 6861 6862 6863 6864 6865 6866 6867 6868 6869 6870 6871 6872 6873 6874 6875 6876 6877 6878 6879 6880 6881 6882 6883 6884 6885 6886 6887 6888 6889 6890 6891 6892 6893 6894 6895 6896 6897 6898 6899 6900 6901 6902 6903 6904 6905 6906 6907 6908 6909 6910 6911 6912 6913 6914 6915 6916 6917 6918 6919 6920 6921 6922 6923 6924 6925 6926 6927 6928 6929 6930 6931 6932 6933 6934 6935 6936 6937 6938 6939 6940 6941 6942 6943 6944 6945 6946 6947 6948 6949 6950 6951 6952 6953 6954 6955 6956 6957
v 18865.000 144.000 5000.000
v 18865.000 216.000 5000.000
v 18865.000 288.000 5000.000
v 18865.000 360.000 5000.000
v 18865.000 432.000 5000.000
v 18865.000 504.000 5000.000
v 18865.000 576.000 5000.000
v 18865.000 648.000 5000.000
l 6958 6959 6960 6961 6962 6963 6964 6965
v 18865.000 -24480.000 5500.000
v 18865.000 -24408.000 5500.000
v 18865.000 -24336.000 5500.000
v 18865.000 -24264.000 5500.000
v 18865.000 -24192.000 5500.000
v 18865.000 -24120.000 5500.000
v 18865.000 -24048.000 5500.000
v 18865.000 -23976.000 5500.000
v 18865.000 -23904.000 5500.000
v 18865.000 -23832.000 5500.000
v 18865.000 -23760.000 5500.000
v 18865.000 -23688.000 5500.000
v 18865.000 -23616.000 5500.000
v 18865.000 -23544.000 5500.000
v 18865.000 -23472.000 5500.000
v 18865.000 -23400.000 5500.000
v 18865.000 -23328.000 5500.000
v 18865.000 -23256.000 5500.000
v 18865.000 -23184.000 5500.000
v 18865.000 -23112.000 5500.000
v 18865.000 -23040.000 5500.000
v 18865.000 -22968.000 5500.000
v 18865.000 -22896.000 5500.000
v 18865.000 -22824.000 5500.000
v 18865.000 -22752.000 5500.000
v 18865.000 -22680.000 5500.000
v 18865.000 -22608.000 5500.000
v 18865.000 -22536.000 5500.000
v 18865.000 -22464.000 5500.000
v 18865.000 -22392.000 5500.000
v 18865.000 -22320.000 5500.000
v 18865.000 -22248.000 5500.000
v 18865.000 -22176.000 5500.000
v 18865.000 -22104.000 5500.000
v 18865.000 -22032.000 5500.000
v 18865.000 -21960.000 5500.000
v 18865.000 -21888.000 5500.000
v 18865.000 -21816.000 5500.000
v 18865.000 -21744.000 5500.000
v 18865.000 -21672.000 5500.000
v 18865.000 -21600.000 5500.000
v 18865.000 -21528.000 5500.000
v 18865.000 -21456.000 5500.000
v 18865.000 -21384.000 5500.000
v 18865.000 -21312.000 5500.000
v 18865.000 -21240.000 5500.000
v 18865.000 -21168.000 5500.000
v 18865.000 -21096.000 5500.000
v 18865.000 -21024.000 5500.000
v 18865.000 -20952.000 5500.000
v 18865.000 -20880.000 5500.000
v 18865.000 -20808.000 5500.000
v 18865.000 -20736.000 5500.000
v 18865.000 -20664.000 5500.000
v 18865.000 -20592.000 5500.000
v 18865.000 -20520.000 5500.000
v 18865.000 -20448.000 5500.000
v 18865.000 -20376.000 5500.000
v 18865.000 -20304.000 5500.000
v 18865.000 -20232.000 5500.000
v 18865.000 -20160.000 5500.000
v 18865.000 -20088.000 5500.000
v 18865.000 -20016.000 5500.000
v 18865.000 -19944.000 5500.000
v 18865.000 -19872.000 5500.000
v 18865.000 -19800.000 5500.000
v 18865.000 -19728.000 5500.000
v 18865.000 -19656.000 5500.000
v 18865.000 -19584.000 5500.000
v 18865.000 -19512.000 5500.000
v 18865.000 -19440.000 5500.000
v 18865.000 -19368.000 5500.000
v 18865.000 -19296.000 5500.000
v 18865.000 -19224.000 5500.000
v 18865.000 -19152.000 5500.000
v 18865.000 -19080.000 5500.000
v 18865.000 -19008.000 5500.000
v 18865.000 -18936.000 5500.000
v 18865.000 -18864.000 5500.000
v 18865.000 -18792.000 5500.000
v 18865.000 -18720.000 5500.000
v 18865.000 -18648.000 5500.000
v 18865.000 -18576.000 5500.000
v 18865.000 -18504.000 5500.000
v 18865.000 -18432.000 5500.000
v 18865.000 -18360.000 5500.000
v 18865.000 -18288.000 5500.000
v 18865.000 -18216.000 5500.000
v 18865.000 -18144.000 5500.000
v 18865.000 -18072.000 5500.000
v 18865.000 -18000.000 5500.000
v 18865.000 -17928.000 5500.000
v 18865.000 -17856.000 5500.000
v 18865.000 -17784.000 5500.000
v 18865.000 -17712.000 5500.000
v 18865.000 -17640.000 5500.000
v 18865.000 -17568.000 5500.000
v 18865.000 -17496.000 5500.000
v 18865.000 -17424.000 5500.000
v 18865.000 -17352.000 5500.000
v 18865.000 -17280.000 5500.000
v 18865.000 -17208.000 5500.000
v 18865.000 -17136.000 5500.000
v 18865.000 -17064.000 5500.000
v 18865.000 -16992.000 5500.000
v 18865.000 -16920.000 5500.000
v 18865.000 -16848.000 5500.000
v 18865.000 -16776.000 5500.000
v 18865.000 -16704.000 5500.000
v 18865.000 -16632.000 5500.000
v 18865.000 -16560.000 5500.000
v 18865.000 -16488.000 5500.000
v 18865.000 -16416.000 5500.000
v 18865.000 -16344.000 5500.000
v 18865.000 -16272.000 5500.000
v 18865.000 -16200.000 5500.000
v 18865.000 -16128.000 5500.000
v 18865.000 -16056.000 5500.000
v 18865.000 -15984.000 5500.000
v 18865.000 -15912.000 5500.000
v 18865.000 -15840.000 5500.000
l 6966 6967 6968 6969 6970 6971 6972 6973 6974 6975 6976 6977 6978 6979 6980 6981 6982 6983 6984 6985 6986 6987 6988 6989 6990 6991 6992 6993 6994 6995 6996 6997 6998 6999 7000 7001 7002 7003 7004 7005 7006 7007 7008 7009 7010 7011 7012 7013 7014 7015 7016 7017 7018 7019 7020 7021 7022 7023 7024 7025 7026 7027 7028 7029 7030 7031 7032 7033 7034 7035 7036 7037 7038 7039 7040 7041 7042 7043 7044 7045 7046 7047 7048 7049 7050 7051 7052 7053 7054 7055 7056 7057 7058 7059 7060 7061 7062 7063 7064 7065 7066 7067 7068 7069 7070 7071 7072 7073 7074 7075 7076 7077 7078 7079 7080 7081 7082 7083 7084 7085 7086
v 18865.000 -10656.000 5500.000
v 18865.000 -10584.000 5500.000
v 18865.000 -10512.000 5500.000
v 18865.000 -10440.000 5500.000
v 18865.000 -10368.000 5500.000
v 18865.000 -10296.000 5500.000
v 18865.000 -10224.000 5500.000
v 18865.000 -10152.000 5500.000
v 18865.000 -10080.000 5500.000
v 18865.000 -10008.000 5500.000
v 18865.000 -9936.000 5500.000
v 18865.000 -9864.000 5500.000
v 18865.000 -9792.000 5500.000
v 18865.000 -9720.000 5500.000
v 18865.000 -9648.000 5500.000
v 18865.000 -9576.000 5500.000
v 18865.000 -9504.000 5500.000
v 18865.000 -9432.000 5500.000
v 18865.000 -9360.000 5500.000
v 18865.000 -9288.000 5500.000
v 18865.000 -9216.000 5500.000
v 18865.000 -9144.000 5500.000
v 18865.000 -9072.000 5500.000
v 18865.000 -9000.000 5500.000
v 18865.000 -8928.000 5500.000
v 18865.000 -8856.000 5500.000
v 18865.000 -8784.000 5500.000
v 18865.000 -8712.000 5500.000
v 18865.000 -8640.000 5500.000
v 18865.000 -8568.000 5500.000
v 18865.000 -8496.000 5500.000
v 18865.000 -8424.000 5500.000
v 18865.000 -8352.000 5500.000
v 18865.000 -8280.000 5500.000
v 18865.000 -8208.000 5500.000
v 18865.000 -8136.000 5500.000
v 18865.000 -8064.000 5500.000
v 18865.000 -7992.000 5500.000
v 18865.000 -7920.000 5500.000
v 18865.000 -7848.000 5500.000
v 18865.000 -7776.000 5500.000
v 18865.000 -7704.000 5500.000
v 18865.000 -7632.000 5500.000
l 7087 7088 7089 7090 7091 7092 7093 7094 7095 7096 7097 7098 7099 7100 7101 7102 7103 7104 7105 7106 7107 7108 7109 7110 7111 7112 7113 7114 7115 7116 7117 7118 7119 7120 7121 7122 7123 7124 7125 7126 7127 7128 7129
v 18865.000 -21816.000 6000.000
v 18865.000 -21744.000 6000.000
v 18865.000 -21672.000 6000.000
v 18865.000 -21600.000 6000.000
v 18865.000 -21528.000 6000.000
v 18865.000 -21456.000 6000.000
v 18865.000 -21384.000 6000.000
v 18865.000 -21312.000 6000.000
v 18865.000 -21240.000 6000.000
v 18865.000 -21168.000 6000.000
v 18865.000 -21096.000 6000.000
v 18865.000 -21024.000 6000.000
v 18865.000 -20952.000 6000.000
v 18865.000 -20880.000 6000.000
v 18865.000 -20808.000 6000.000
v 18865.000 -20736.000 6000.000
v 18865.000 -20664.000 6000.000
v 18865.000 -20592.000 6000.000
v 18865.000 -20520.000 6000.000
v 18865.000 -20448.000 6000.000
v 18865.000 -20376.000 6000.000
v 18865.000 -20304.000 6000.000
v 18865.000 -20232.000 6000.000
v 18865.000 -20160.000 6000.000
v 18865.000 -20088.000 6000.000
v 18865.000 -20016.000 6000.000
v 18865.000 -19944.000 6000.000
v 18865.000 -19872.000 6000.000
v 18865.000 -19800.000 6000.000
v 18865.000 -19728.000 6000.000
v 18865.000 -19656.000 6000.000
v 18865.000 -19584.000 6000.000
v 18865.000 -19512.000 6000.000
v 18865.000 -19440.000 6000.000
v 18865.000 -19368.000 6000.000
v 18865.000 -19296.000 6000.000
v 18865.000 -19224.000 6000.000
v 18865.000 -19152.000 6000.000
v 18865.000 -19080.000 6000.000
v 18865.000 -19008.000 6000.000
v 18865.000 -18936.000 6000.000
v 18865.000 -18864.000 6000.000
v 18865.000 -18792.000 6000.000
v 18865.000 -18720.000 6000.000
v 18865.000 -18648.000 6000.000
v 18865.000 -18576.000 6000.000
v 18865.000 -18504.000 6000.000
v 18865.000 -18432.000 6000.000
v 18865.000 -18360.000 6000.000
v 18865.000 -18288.000 6000.000
v 18865.000 -18216.000 6000.000
v 18865.000 -18144.000 6000.000
v 18865.000 -18072.000 6000.000
v 18865.000 -18000.000 6000.000
v 18865.000 -17928.000 6000.000
v 18865.000 -17856.000 6000.000
v 18865.000 -17784.000 6000.000
v 18865.000 -17712.000 6000.000
v 18865.000 -17640.000 6000.000
v 18865.000 -17568.000 6000.000
v 18865.000 -17496.000 6000.000
v 18865.000 -17424.000 6000.000
v 18865.000 -17352.000 6000.000
l 7130 7131 7132 7133 7134 7135 7136 7137 7138 7139 7140 7141 7142 7143 7144 7145 7146 7147 7148 7149 7150 7151 7152 7153 7154 7155 7156 7157 7158 7159 7160 7161 7162 7163 7164 7165 7166 7167 7168 7169 7170 7171 7172 7173 7174 7175 7176 7177 7178 7179 7180 7181 7182 7183 7184 7185 7186 7187 7188 7189 7190 7191 7192
v 18865.000 -16488.000 6000.000
v 18865.000 -16416.000 6000.000
v 18865.000 -16344.000 6000.000
v 18865.000 -16272.000 6000.000
v 18865.000 -16200.000 6000.000
v 18865.000 -16128.000 6000.000
l 7193 7194 7195 7196 7197 7198
v 18865.000 -21024.000 6500.000
v 18865.000 -20952.000 6500.000
v 18865.000 -20880.000 6500.000
v 18865.000 -20808.000 6500.000
v 18865.000 -20736.000 6500.000
v 18865.000 -20664.000 6500.000
v 18865.000 -20592.000 6500.000
v 18865.000 -20520.000 6500.000
v 18865.000 -20448.000 6500.000
v 18865.000 -20376.000 6500.000
v 18865.000 -20304.000 6500.000
v 18865.000 -20232.000 6500.000
v 18865.000 -20160.000 6500.000
v 18865.000 -20088.000 6500.000
v 18865.000 -20016.000 6500.000
v 18865.000 -19944.000 6500.000
v 18865.000 -19872.000 6500.000
v 18865.000 -19800.000 6500.000
v 18865.000 -19728.000 6500.000
v 18865.000 -19656.000 6500.000
v 18865.000 -19584.000 6500.000
v 18865.000 -19512.000 6500.000
v 18865.000 -19440.000 6500.000
v 18865.000 -19368.000 6500.000
v 18865.000 -19296.000 6500.000
v 18865.000 -19224.000 6500.000
v 18865.000 -19152.000 6500.000
v 18865.000 -19080.000 6500.000
v 18865.000 -19008.000 6500.000
v 18865.000 -18936.000 6500.000
v 18865.000 -18864.000 6500.000
v 18865.000 -18792.000 6500.000
v 18865.000 -18720.000 6500.000
v 18865.000 -18648.000 6500.000
v 18865.000 -18576.000 6500.000
v 18865.000 -18504.000 6500.000
v 18865.000 -18432.000 6500.000
v 18865.000 -18360.000 6500.000
v 18865.000 -18288.000 6500.000
v 18865.000 -18216.000 6500.000
v 18865.000 -18144.000 6500.000
v 18865.000 -18072.000 6500.000
l 7199 7200 7201 7202 7203 7204 7205 7206 7207 7208 7209 7210 7211 7212 7213 7214 7215 7216 7217 7218 7219 7220 7221 7222 7223 7224 7225 7226 7227 7228 7229 7230 7231 7232 7233 7234 7235 7236 7237 7238 7239 7240
v 18865.000 -18720.000 7000.000
v 18865.000 -18648.000 7000.000
v 18865.000 -18576.000 7000.000
l 7241 7242 7243
v 18864.000 12385.000 4000.000
v 18792.000 12385.000 4000.000
v 18720.000 12385.000 4000.000
v 18648.000 12385.000 4000.000
v 18576.000 12385.000 4000.000
v 18504.000 12385.000 4000.000
v 18432.000 12385.000 4000.000
v 18360.000 12385.000 4000.000
v 18288.000 12385.000 4000.000
v 18216.000 12385.000 4000.000
v 18144.000 12385.000 4000.000
v 18072.000 12385.000 4000.000
v 18000.000 12385.000 4000.000
v 17928.000 12385.000 4000.000
v 17856.000 12385.000 4000.000
v 17784.000 12385.000 4000.000
v 17712.000 12385.000 4000.000
v 17640.000 12385.000 4000.000
v 17568.000 12385.000 4000.000
v 17496.000 12385.000 4000.000
v 17424.000 12385.000 4000.000
v 17352.000 12385.000 4000.000
v 17280.000 12385.000 4000.000
v 17208.000 12385.000 4000.000
v 17136.000 12385.000 4000.000
v 17064.000 12385.000 4000.000
v 16992.000 12385.000 4000.000
v 16920.000 12385.000 4000.000
v 16848.000 12385.000 4000.000
v 16776.000 12385.000 4000.000
v 16704.000 12385.000 4000.000
v 16632.000 12385.000 4000.000
v 16560.000 12385.000 4000.000
v 16488.000 12385.000 4000.000
v 16416.000 12385.000 4000.000
v 16344.000 12385.000 4000.000
v 16272.000 12385.000 4000.000
v 16200.000 12385.000 4000.000
v 16128.000 12385.000 4000.000
v 16056.000 12385.000 4000.000
v 15984.000 12385.000 4000.000
v 15912.000 12385.000 4000.000
v 15840.000 12385.000 4000.000
v 15768.000 12385.000 4000.000
v 15696.000 12385.000 4000.000
v 15624.000 12385.000 4000.000
v 15552.000 12385.000 4000.000
v 15480.000 12385.000 4000.000
v 15408.000 12385.000 4000.000
v 15336.000 12385.000 4000.000
v 15264.000 12385.000 4000.000
v 15192.000 12385.000 4000.000
v 15120.000 12385.000 4000.000
v 15048.000 12385.000 4000.000
v 14976.000 12385.000 4000.000
v 14904.000 12385.000 4000.000
v 14832.000 12385.000 4000.000
v 14760.000 12385.000 4000.000
v 14688.000 12385.000 4000.000
v 14616.000 12385.000 4000.000
v 14544.000 12385.000 4000.000
v 14472.000 12385.000 4000.000
v 14400.000 12385.000 4000.000
v 14328.000 12385.000 4000.000
v 14256.000 12385.000 4000.000
v 14184.000 12385.000 4000.000
v 14112.000 12385.000 4000.000
v 14040.000 12385.000 4000.000
v 13968.000 12385.000 4000.000
v 13896.000 12385.000 4000.000
v 13824.000 12385.000 4000.000
v 13752.000 12385.000 4000.000
v 13680.000 12385.000 4000.000
v 13608.000 12385.000 4000.000
v 13536.000 12385.000 4000.000
v 13464.000 12385.000 4000.000
v 13392.000 12385.000 4000.000
v 13320.000 12385.000 4000.000
v 13248.000 12385.000 4000.000
v 13176.000 12385.000 4000.000
v 13104.000 12385.000 4000.000
v 13032.000 12385.000 4000.000
v 12960.000 12385.000 4000.000
v 12888.000 12385.000 4000.000
v 12816.000 12385.000 4000.000
v 12744.000 12385.000 4000.000
v 12672.000 12385.000 4000.000
v 12600.000 12385.000 4000.000
v 12528.000 12385.000 4000.000
v 12456.000 12385.000 4000.000
v 12384.000 12385.000 4000.000
v 12312.000 12385.000 4000.000
v 12240.000 12385.000 4000.000
v 12168.000 12385.000 4000.000
v 12096.000 12385.000 4000.000
v 12024.000 12385.000 4000.000
v 11952.000 12385.000 4000.000
v 11880.000 12385.000 4000.000
v 11808.000 12385.000 4000.000
v 11736.000 12385.000 4000.000
v 11664.000 12385.000 4000.000
v 11592.000 12385.000 4000.000
v 11520.000 12385.000 4000.000
v 11448.000 12385.000 4000.000
v 11376.000 12385.000 4000.000
v 11304.000 12385.000 4000.000
v 11232.000 12385.000 4000.000
v 11160.000 12385.000 4000.000
v 11088.000 12385.000 4000.000
v 11016.000 12385.000 4000.000
v 10944.000 12385.000 4000.000
v 10872.000 12385.000 4000.000
v 10800.000 12385.000 4000.000
v 10728.000 12385.000 4000.000
v 10656.000 12385.000 4000.000
v 10584.000 12385.000 4000.000
v 10512.000 12385.000 4000.000
v 10440.000 12385.000 4000.000
v 10368.000 12385.000 4000.000
v 10296.000 12385.000 4000.000
v 10224.000 12385.000 4000.000
v 10152.000 12385.000 4000.000
v 10080.000 12385.000 4000.000
v 10008.000 12385.000 4000.000
v 9936.000 12385.000 4000.000
v 9864.000 12385.000 4000.000
v 9792.000 12385.000 4000.000
v 9720.000 12385.000 4000.000
v 9648.000 12385.000 4000.000
v 9576.000 12385.000 4000.000
v 9504.000 12385.000 4000.000
v 9432.000 12385.000 4000.000
v 9360.000 12385.000 4000.000
v 9288.000 12385.000 4000.000
v 9216.000 12385.000 4000.000
v 9144.000 12385.000 4000.000
v 9072.000 12385.000 4000.000
v 9000.000 12385.000 4000.000
v 8928.000 12385.000 4000.000
v 8856.000 12385.000 4000.000
v 8784.000 12385.000 4000.000
v 8712.000 12385.000 4000.000
v 8640.000 12385.000 4000.000
v 8568.000 12385.000 4000.000
v 8496.000 12385.000 4000.000
v 8424.000 12385.000 4000.000
v 8352.000 12385.000 4000.000
v 8280.000 12385.000 4000.000
v 8208.000 12385.000 4000.000
v 8136.000 12385.000 4000.000
v 8064.000 12385.000 4000.000
v 7992.000 12385.000 4000.000
v 7920.000 12385.000 4000.000
v 7848.000 12385.000 4000.000
v 7776.000 12385.000 4000.000
v 7704.000 12385.000 4000.000
v 7632.000 12385.000 4000.000
v 7560.000 12385.000 4000.000
v 7488.000 12385.000 4000.000
v 7416.000 12385.000 4000.000
v 7344.000 12385.000 4000.000
v 7272.000 12385.000 4000.000
v 7200.000 12385.000 4000.000
v 7128.000 12385.000 4000.000
v 7056.000 12385.000 4000.000
v 6984.000 12385.000 4000.000
v 6912.000 12385.000 4000.000
v 6840.000 12385.000 4000.000
v 6768.000 12385.000 4000.000
v 6696.000 12385.000 4000.000
v 6624.000 12385.000 4000.000
v 6552.000 12385.000 4000.000
v 6480.000 12385.000 4000.000
v 6408.000 12385.000 4000.000
v 6336.000 12385.000 4000.000
v 6264.000 12385.000 4000.000
v 6192.000 12385.000 4000.000
v 6120.000 12385.000 4000.000
v 6048.000 12385.000 4000.000
v 5976.000 12385.000 4000.000
v 5904.000 12385.000 4000.000
v 5832.000 12385.000 4000.000
v 5760.000 12385.000 4000.000
v 5688.000 12385.000 4000.000
v 5616.000 12385.000 4000.000
v 5544.000 12385.000 4000.000
v 5472.000 12385.000 4000.000
v 5400.000 12385.000 4000.000
v 5328.000 12385.000 4000.000
v 5256.000 12385.000 4000.000
v 5184.000 12385.000 4000.000
v 5112.000 12385.000 4000.000
v 5040.000 12385.000 4000.000
v 4968.000 12385.000 4000.000
v 4896.000 12385.000 4000.000
v 4824.000 12385.000 4000.000
v 4752.000 12385.000 4000.000
v 4680.000 12385.000 4000.000
v 4608.000 12385.000 4000.000
v 4536.000 12385.000 4000.000
v 4464.000 12385.000 4000.000
v 4392.000 12385.000 4000.000
v 4320.000 12385.000 4000.000
v 4248.000 12385.000 4000.000
v 4176.000 12385.000 4000.000
v 4104.000 12385.000 4000.000
v 4032.000 12385.000 4000.000
v 3960.000 12385.000 4000.000
v 3888.000 12385.000 4000.000
v 3816.000 12385.000 4000.000
v 3744.000 12385.000 4000.000
v 3672.000 12385.000 4000.000
v 3600.000 12385.000 4000.000
v 3528.000 12385.000 4000.000
v 3456.000 12385.000 4000.000
v 3384.000 12385.000 4000.000
v 3312.000 12385.000 4000.000
v 3240.000 12385.000 4000.000
v 3168.000 12385.000 4000.000
v 3096.000 12385.000 4000.000
v 3024.000 12385.000 4000.000
v 2952.000 12385.000 4000.000
v 2880.000 12385.000 4000.000
v 2808.000 12385.000 4000.000
v 2736.000 12385.000 4000.000
v 2664.000 12385.000 4000.000
v 2592.000 12385.000 4000.000
v 2520.000 12385.000 4000.000
v 2448.000 12385.000 4000.000
v 2376.000 12385.000 4000.000
v 2304.000 12385.000 4000.000
v 2232.000 12385.000 4000.000
v 2160.000 12385.000 4000.000
v 2088.000 12385.000 4000.000
v 2016.000 12385.000 4000.000
v 1944.000 12385.000 4000.000
v 1872.000 12385.000 4000.000
v 1800.000 12385.000 4000.000
v 1728.000 12385.000 4000.000
v 1656.000 12385.000 4000.000
v 1584.000 12385.000 4000.000
v 1512.000 12385.000 4000.000
v 1440.000 12385.000 4000.000
v 1368.000 12385.000 4000.000
v 1296.000 12385.000 4000.000
v 1224.000 12385.000 4000.000
v 1152.000 12385.000 4000.000
v 1080.000 12385.000 4000.000
v 1008.000 12385.000 4000.000
v 936.000 12385.000 4000.000
v 864.000 12385.000 4000.000
v 792.000 12385.000 4000.000
v 720.000 12385.000 4000.000
v 648.000 12385.000 4000.000
v 576.000 12385.000 4000.000
v 504.000 12385.000 4000.000
v 432.000 12385.000 4000.000
v 360.000 12385.000 4000.000
v 288.000 12385.000 4000.000
v 216.000 12385.000 4000.000
v 144.000 12385.000 4000.000
v 72.000 12385.000 4000.000
v 0.000 12385.000 4000.000
v -72.000 12385.000 4000.000
v -144.000 12385.000 4000.000
v -216.000 12385.000 4000.000
v -288.000 12385.000 4000.000
v -360.000 12385.000 4000.000
v -432.000 12385.000 4000.000
v -504.000 12385.000 4000.000
v -576.000 12385.000 4000.000
v -648.000 12385.000 4000.000
v -720.000 12385.000 4000.000
v -792.000 12385.000 4000.000
v -864.000 12385.000 4000.000
v -936.000 12385.000 4000.000
v -1008.000 12385.000 4000.000
v -1080.000 12385.000 4000.000
v -1152.000 12385.000 4000.000
v -1224.000 12385.000 4000.000
v -1296.000 12385.000 4000.000
v -1368.000 12385.000 4000.000
v -1440.000 12385.000 4000.000
v -1512.000 12385.000 4000.000
v -1584.000 12385.000 4000.000
v -1656.000 12385.000 4000.000
v -1728.000 12385.000 4000.000
v -1800.000 12385.000 4000.000
v -1872.000 12385.000 4000.000
v -1944.000 12385.000 4000.000
v -2016.000 12385.000 4000.000
v -2088.000 12385.000 4000.000
v -2160.000 12385.000 4000.000
v -2232.000 12385.000 4000.000
v -2304.000 12385.000 4000.000
v -2376.000 12385.000 4000.000
v -2448.000 12385.000 4000.000
v -2520.000 12385.000 4000.000
v -2592.000 12385.000 4000.000
v -2664.000 12385.000 4000.000
v -2736.000 12385.000 4000.000
v -2808.000 12385.000 4000.000
v -2880.000 12385.000 4000.000
v -2952.000 12385.000 4000.000
v -3024.000 12385.000 4000.000
v -3096.000 12385.000 4000.000
v -3168.000 12385.000 4000.000
v -3240.000 12385.000 4000.000
v -3312.000 12385.000 4000.000
v -3384.000 12385.000 4000.000
v -3456.000 12385.000 4000.000
v -3528.000 12385.000 4000.000
v -3600.000 12385.000 4000.000
v -3672.000 12385.000 4000.000
v -3744.000 12385.000 4000.000
v -3816.000 12385.000 4000.000
v -3888.000 12385.000 4000.000
v -3960.000 12385.000 4000.000
v -4032.000 12385.000 4000.000
v -4104.000 12385.000 4000.000
v -4176.000 12385.000 4000.000
v -4248.000 12385.000 4000.000
v -4320.000 12385.000 4000.000
v -4392.000 12385.000 4000.000
v -4464.000 12385.000 4000.000
v -4536.000 12385.000 4000.000
v -4608.000 12385.000 4000.000
v -4680.000 12385.000 4000.000
v -4752.000 12385.000 4000.000
v -4824.000 12385.000 4000.000
v -4896.000 12385.000 4000.000
v -4968.000 12385.000 4000.000
v -5040.000 12385.000 4000.000
v -5112.000 12385.000 4000.000
v -5184.000 12385.000 4000.000
v -5256.000 12385.000 4000.000
v -5328.000 12385.000 4000.000
v -5400.000 12385.000 4000.000
v -5472.000 12385.000 4000.000
v -5544.000 12385.000 4000.000
v -5616.000 12385.000 4000.000
v -5688.000 12385.000 4000.000
v -5760.000 12385.000 4000.000
v -5832.000 12385.000 4000.000
v -5904.000 12385.000 4000.000
v -5976.000 12385.000 4000.000
v -6048.000 12385.000 4000.000
v -6120.000 12385.000 4000.000
v -6192.000 12385.000 4000.000
v -6264.000 12385.000 4000.000
v -6336.000 12385.000 4000.000
v -6408.000 12385.000 4000.000
v -6480.000 12385.000 4000.000
v -6552.000 12385.000 4000.000
v -6624.000 12385.000 4000.000
v -6696.000 12385.000 4000.000
v -6768.000 12385.000 4000.000
v -6840.000 12385.000 4000.000
v -6912.000 12385.000 4000.000
v -6984.000 12385.000 4000.000
v -7056.000 12385.000 4000.000
v -7128.000 12385.000 4000.000
v -7200.000 12385.000 4000.000
v -7272.000 12385.000 4000.000
v -7344.000 12385.000 4000.000
v -7416.000 12385.000 4000.000
v -7488.000 12385.000 4000.000
v -7560.000 12385.000 4000.000
v -7632.000 12385.000 4000.000
v -7704.000 12385.000 4000.000
v -7776.000 12385.000 4000.000
v -7848.000 12385.000 4000.000
v -7920.000 12385.000 4000.000
v -7992.000 12385.000 4000.000
v -8064.000 12385.000 4000.000
v -8136.000 12385.000 4000.000
v -8208.000 12385.000 4000.000
v -8280.000 12385.000 4000.000
v -8352.000 12385.000 4000.000
v -8424.000 12385.000 4000.000
v -8496.000 12385.000 4000.000
v -8568.000 12385.000 4000.000
v -8640.000 12385.000 4000.000
v -8712.000 12385.000 4000.000
v -8784.000 12385.000 4000.000
v -8856.000 12385.000 4000.000
v -8928.000 12385.000 4000.000
v -9000.000 12385.000 4000.000
v -9072.000 12385.000 4000.000
v -9144.000 12385.000 4000.000
v -9216.000 12385.000 4000.000
v -9288.000 12385.000 4000.000
v -9360.000 12385.000 4000.000
v -9432.000 12385.000 4000.000
v -9504.000 12385.000 4000.000
v -9576.000 12385.000 4000.000
v -9648.000 12385.000 4000.000
v -9720.000 12385.000 4000.000
v -9792.000 12385.000 4000.000
v -9864.000 12385.000 4000.000
v -9936.000 12385.000 4000.000
v -10008.000 12385.000 4000.000
v -10080.000 12385.000 4000.000
v -10152.000 12385.000 4000.000
v -10224.000 12385.000 4000.000
v -10296.000 12385.000 4000.000
v -10368.000 12385.000 4000.000
v -10440.000 12385.000 4000.000
v -10512.000 12385.000 4000.000
v -10584.000 12385.000 4000.000
v -10656.000 12385.000 4000.000
v -10728.000 12385.000 4000.000
v -10800.000 12385.000 4000.000
v -10872.000 12385.000 4000.000
v -10944.000 12385.000 4000.000
v -11016.000 12385.000 4000.000
v -11088.000 12385.000 4000.000
v -11160.000 12385.000 4000.000
v -11232.000 12385.000 4000.000
v -11304.000 12385.000 4000.000
v -11376.000 12385.000 4000.000
v -11448.000 12385.000 4000.000
v -11520.000 12385.000 4000.000
v -11592.000 12385.000 4000.000
v -11664.000 12385.000 4000.000
v -11736.000 12385.000 4000.000
v -11808.000 12385.000 4000.000
v -11880.000 12385.000 4000.000
v -11952.000 12385.000 4000.000
v -12024.000 12385.000 4000.000
v -12096.000 12385.000 4000.000
v -12168.000 12385.000 4000.000
v -12240.000 12385.000 4000.000
v -12312.000 12385.000 4000.000
v -12384.000 12385.000 4000.000
v -12456.000 12385.000 4000.000
v -12528.000 12385.000 4000.000
v -12600.000 12385.000 4000.000
v -12672.000 12385.000 4000.000
v -12744.000 12385.000 4000.000
v -12816.000 12385.000 4000.000
v -12888.000 12385.000 4000.000
v -12960.000 12385.000 4000.000
v -13032.000 12385.000 4000.000
v -13104.000 12385.000 4000.000
v -13176.000 12385.000 4000.000
v -13248.000 12385.000 4000.000
v -13320.000 12385.000 4000.000
v -13392.000 12385.000 4000.000
v -13464.000 12385.000 4000.000
v -13536.000 12385.000 4000.000
v -13608.000 12385.000 4000.000
v -13680.000 12385.000 4000.000
v -13752.000 12385.000 4000.000
v -13824.000 12385.000 4000.000
v -13896.000 12385.000 4000.000
v -13968.000 12385.000 4000.000
v -14040.000 12385.000 4000.000
v -14112.000 12385.000 4000.000
v -14184.000 12385.000 4000.000
v -14256.000 12385.000 4000.000
v -14328.000 12385.000 4000.000
v -14400.000 12385.000 4000.000
v -14472.000 12385.000 4000.000
v -14544.000 12385.000 4000.000
v -14616.000 12385.000 4000.000
v -14688.000 12385.000 4000.000
v -14760.000 12385.000 4000.000
v -14832.000 12385.000 4000.000
v -14904.000 12385.000 4000.000
v -14976.000 12385.000 4000.000
v -15048.000 12385.000 4000.000
v -15120.000 12385.000 4000.000
v -15192.000 12385.000 4000.000
v -15264.000 12385.000 4000.000
v -15336.000 12385.000 4000.000
v -15408.000 12385.000 4000.000
v -15480.000 12385.000 4000.000
v -15552.000 12385.000 4000.000
v -15624.000 12385.000 4000.000
v -15696.000 12385.000 4000.000
v -15768.000 12385.000 4000.000
v -15840.000 12385.000 4000.000
v -15912.000 12385.000 4000.000
v -15984.000 12385.000 4000.000
v -16056.000 12385.000 4000.000
v -16128.000 12385.000 4000.000
v -16200.000 12385.000 4000.000
v -16272.000 12385.000 4000.000
v -16344.000 12385.000 4000.000
v -16416.000 12385.000 4000.000
v -16488.000 12385.000 4000.000
v -16560.000 12385.000 4000.000
v -16632.000 12385.000 4000.000
v -16704.000 12385.000 4000.000
v -16776.000 12385.000 4000.000
v -16848.000 12385.000 4000.000
v -16920.000 12385.000 4000.000
v -16992.000 12385.000 4000.000
v -17064.000 12385.000 4000.000
v -17136.000 12385.000 4000.000
v -17208.000 12385.000 4000.000
v -17280.000 12385.000 4000.000
v -17352.000 12385.000 4000.000
v -17424.000 12385.000 4000.000
v -17496.000 12385.000 4000.000
v -17568.000 12385.000 4000.000
v -17640.000 12385.000 4000.000
v -17712.000 12385.000 4000.000
v -17784.000 12385.000 4000.000
v -17856.000 12385.000 4000.000
v -17928.000 12385.000 4000.000
v -18000.000 12385.000 4000.000
l 7244 7245 7246 7247 7248 7249 7250 7251 7252 7253 7254 7255 7256 7257 7258 7259 7260 7261 7262 7263 7264 7265 7266 7267 7268 7269 7270 7271 7272 7273 7274 7275 7276 7277 7278 7279 7280 7281 7282 7283 7284 7285 7286 7287 7288 7289 7290 7291 7292 7293 7294 7295 7296 7297 7298 7299 7300 7301 7302 7303 7304 7305 7306 7307 7308 7309 7310 7311 7312 7313 7314 7315 7316 7317 7318 7319 7320 7321 7322 7323 7324 7325 7326 7327 7328 7329 7330 7331 7332 7333 7334 7335 7336 7337 7338 7339 7340 7341 7342 7343 7344 7345 7346 7347 7348 7349 7350 7351 7352 7353 7354 7355 7356 7357 7358 7359 7360 7361 7362 7363 7364 7365 7366 7367 7368 7369 7370 7371 7372 7373 7374 7375 7376 7377 7378 7379 7380 7381 7382 7383 7384 7385 7386 7387 7388 7389 7390 7391 7392 7393 7394 7395 7396 7397 7398 7399 7400 7401 7402 7403 7404 7405 7406 7407 7408 7409 7410 7411 7412 7413 7414 7415 7416 7417 7418 7419 7420 7421 7422 7423 7424 7425 7426 7427 7428 7429 7430 7431 7432 7433 7434 7435 7436 7437 7438 7439 7440 7441 7442 7443 7444 7445 7446 7447 7448 7449 7450 7451 7452 7453 7454 7455 7456 7457 7458 7459 7460 7461 7462 7463 7464 7465 7466 7467 7468 7469 7470 7471 7472 7473 7474 7475 7476 7477 7478 7479 7480 7481 7482 7483 7484 7485 7486 7487 7488 7489 7490 7491 7492 7493 7494 7495 7496 7497 7498 7499 7500 7501 7502 7503 7504 7505 7506 7507 7508 7509 7510 7511 7512 7513 7514 7515 7516 7517 7518 7519 7520 7521 7522 7523 7524 7525 7526 7527 7528 7529 7530 7531 7532 7533 7534 7535 7536 7537 7538 7539 7540 7541 7542 7543 7544 7545 7546 7547 7548 7549 7550 7551 7552 7553 7554 7555 7556 7557 7558 7559 7560 7561 7562 7563 7564 7565 7566 7567 7568 7569 7570 7571 7572 7573 7574 7575 7576 7577 7578 7579 7580 7581 7582 7583 7584 7585 7586 7587 7588 7589 7590 7591 7592 7593 7594 7595 7596 7597 7598 7599 7600 7601 7602 7603 7604 7605 7606 7607 7608 7609 7610 7611 7612 7613 7614 7615 7616 7617 7618 7619 7620 7621 7622 7623 7624 7625 7626 7627 7628 7629 7630 7631 7632 7633 7634 7635 7636 7637 7638 7639 7640 7641 7642 7643 7644 7645 7646 7647 7648 7649 7650 7651 7652 7653 7654 7655 7656 7657 7658 7659 7660 7661 7662 7663 7664 7665 7666 7667 7668 7669 7670 7671 7672 7673 7674 7675 7676 7677 7678 7679 7680 7681 7682 7683 7684 7685 7686 7687 7688 7689 7690 7691 7692 7693 7694 7695 7696 7697 7698 7699 7700 7701 7702 7703 7704 7705 7706 7707 7708 7709 7710 7711 7712 7713 7714 7715 7716 7717 7718 7719 7720 7721 7722 7723 7724 7725 7726 7727 7728 7729 7730 7731 7732 7733 7734 7735 7736 7737 7738 7739 7740 7741 7742 7743 7744 7745 7746 7747 7748 7749 7750 7751 7752 7753 7754 7755 7756
v 16056.000 12385.000 4500.000
v 15984.000 12385.000 4500.000
v 15912.000 12385.000 4500.000
v 15840.000 12385.000 4500.000
v 15768.000 12385.000 4500.000
v 15696.000 12385.000 4500.000
v 15624.000 12385.000 4500.000
v 15552.000 12385.000 4500.000
v 15480.000 12385.000 4500.000
v 15408.000 12385.000 4500.000
v 15336.000 12385.000 4500.000
v 15264.000 12385.000 4500.000
v 15192.000 12385.000 4500.000
v 15120.000 12385.000 4500.000
v 15048.000 12385.000 4500.000
v 14976.000 12385.000 4500.000
v 14904.000 12385.000 4500.000
v 14832.000 12385.000 4500.000
v 14760.000 12385.000 4500.000
v 14688.000 12385.000 4500.000
v 14616.000 12385.000 4500.000
v 14544.000 12385.000 4500.000
v 14472.000 12385.000 4500.000
v 14400.000 12385.000 4500.000
v 14328.000 12385.000 4500.000
v 14256.000 12385.000 4500.000
v 14184.000 12385.000 4500.000
v 14112.000 12385.000 4500.000
v 14040.000 12385.000 4500.000
v 13968.000 12385.000 4500.000
v 13896.000 12385.000 4500.000
v 13824.000 12385.000 4500.000
v 13752.000 12385.000 4500.000
v 13680.000 12385.000 4500.000
v 13608.000 12385.000 4500.000
v 13536.000 12385.000 4500.000
v 13464.000 12385.000 4500.000
v 13392.000 12385.000 4500.000
v 13320.000 12385.000 4500.000
v 13248.000 12385.000 4500.000
v 13176.000 12385.000 4500.000
v 13104.000 12385.000 4500.000
v 13032.000 12385.000 4500.000
v 12960.000 12385.000 4500.000
v 12888.000 12385.000 4500.000
v 12816.000 12385.000 4500.000
v 12744.000 12385.000 4500.000
v 12672.000 12385.000 4500.000
v 12600.000 12385.000 4500.000
v 12528.000 12385.000 4500.000
v 12456.000 12385.000 4500.000
v 12384.000 12385.000 4500.000
v 12312.000 12385.000 4500.000
v 12240.000 12385.000 4500.000
v 12168.000 12385.000 4500.000
v 12096.000 12385.000 4500.000
v 12024.000 12385.000 4500.000
v 11952.000 12385.000 4500.000
v 11880.000 12385.000 4500.000
v 11808.000 12385.000 4500.000
v 11736.000 12385.000 4500.000
v 11664.000 12385.000 4500.000
v 11592.000 12385.000 4500.000
v 11520.000 12385.000 4500.000
v 11448.000 12385.000 4500.000
v 11376.000 12385.000 4500.000
v 11304.000 12385.000 4500.000
v 11232.000 12385.000 4500.000
v 11160.000 12385.000 4500.000
v 11088.000 12385.000 4500.000
v 11016.000 12385.000 4500.000
v 10944.000 12385.000 4500.000
v 10872.000 12385.000 4500.000
v 10800.000 12385.000 4500.000
v 10728.000 12385.000 4500.000
v 10656.000 12385.000 4500.000
v 10584.000 12385.000 4500.000
v 10512.000 12385.000 4500.000
v 10440.000 12385.000 4500.000
v 10368.000 12385.000 4500.000
v 10296.000 12385.000 4500.000
v 10224.000 12385.000 4500.000
v 10152.000 12385.000 4500.000
v 10080.000 12385.000 4500.000
v 10008.000 12385.000 4500.000
v 9936.000 12385.000 4500.000
v 9864.000 12385.000 4500.000
v 9792.000 12385.000 4500.000
v 9720.000 12385.000 4500.000
v 9648.000 12385.000 4500.000
v 9576.000 12385.000 4500.000
v 9504.000 12385.000 4500.000
v 9432.000 12385.000 4500.000
v 9360.000 12385.000 4500.000
v 9288.000 12385.000 4500.000
v 9216.000 12385.000 4500.000
v 9144.000 12385.000 4500.000
v 9072.000 12385.000 4500.000
v 9000.000 12385.000 4500.000
v 8928.000 12385.000 4500.000
v 8856.000 12385.000 4500.000
v 8784.000 12385.000 4500.000
v 8712.000 12385.000 4500.000
v 8640.000 12385.000 4500.000
v 8568.000 12385.000 4500.000
v 8496.000 12385.000 4500.000
v 8424.000 12385.000 4500.000
v 8352.000 12385.000 4500.000
v 8280.000 12385.000 4500.000
v 8208.000 12385.000 4500.000
v 8136.000 12385.000 4500.000
v 8064.000 12385.000 4500.000
v 7992.000 12385.000 4500.000
v 7920.000 12385.000 4500.000
v 7848.000 12385.000 4500.000
v 7776.000 12385.000 4500.000
v 7704.000 12385.000 4500.000
v 7632.000 12385.000 4500.000
v 7560.000 12385.000 4500.000
v 7488.000 12385.000 4500.000
v 7416.000 12385.000 4500.000
v 7344.000 12385.000 4500.000
v 7272.000 12385.000 4500.000
v 7200.000 12385.000 4500.000
v 7128.000 12385.000 4500.000
v 7056.000 12385.000 4500.000
v 6984.000 12385.000 4500.000
v 6912.000 12385.000 4500.000
v 6840.000 12385.000 4500.000
v 6768.000 12385.000 4500.000
v 6696.000 12385.000 4500.000
v 6624.000 12385.000 4500.000
v 6552.000 12385.000 4500.000
v 6480.000 12385.000 4500.000
v 6408.000 12385.000 4500.000
v 6336.000 12385.000 4500.000
v 6264.000 12385.000 4500.000
v 6192.000 12385.000 4500.000
v 6120.000 12385.000 4500.000
v 6048.000 12385.000 4500.000
v 5976.000 12385.000 4500.000
v 5904.000 12385.000 4500.000
v 5832.000 12385.000 4500.000
v 5760.000 12385.000 4500.000
v 5688.000 12385.000 4500.000
v 5616.000 12385.000 4500.000
v 5544.000 12385.000 4500.000
v 5472.000 12385.000 4500.000
v 5400.000 12385.000 4500.000
v 5328.000 12385.000 4500.000
v 5256.000 12385.000 4500.000
v 5184.000 12385.000 4500.000
v 5112.000 12385.000 4500.000
v 5040.000 12385.000 4500.000
v 4968.000 12385.000 4500.000
v 4896.000 12385.000 4500.000
v 4824.000 12385.000 4500.000
v 4752.000 12385.000 4500.000
v 4680.000 12385.000 4500.000
v 4608.000 12385.000 4500.000
v 4536.000 12385.000 4500.000
v 4464.000 12385.000 4500.000
v 4392.000 12385.000 4500.000
v 4320.000 12385.000 4500.000
v 4248.000 12385.000 4500.000
v 4176.000 12385.000 4500.000
v 4104.000 12385.000 4500.000
v 4032.000 12385.000 4500.000
v 3960.000 12385.000 4500.000
v 3888.000 12385.000 4500.000
v 3816.000 12385.000 4500.000
v 3744.000 12385.000 4500.000
v 3672.000 12385.000 4500.000
v 3600.000 12385.000 4500.000
v 3528.000 12385.000 4500.000
v 3456.000 12385.000 4500.000
v 3384.000 12385.000 4500.000
v 3312.000 12385.000 4500.000
v 3240.000 12385.000 4500.000
v 3168.000 12385.000 4500.000
v 3096.000 12385.000 4500.000
v 3024.000 12385.000 4500.000
v 2952.000 12385.000 4500.000
v 2880.000 12385.000 4500.000
v 2808.000 12385.000 4500.000
v 2736.000 12385.000 4500.000
v 2664.000 12385.000 4500.000
v 2592.000 12385.000 4500.000
v 2520.000 12385.000 4500.000
v 2448.000 12385.000 4500.000
v 2376.000 12385.000 4500.000
v 2304.000 12385.000 4500.000
v 2232.000 12385.000 4500.000
v 2160.000 12385.000 4500.000
v 2088.000 12385.000 4500.000
v 2016.000 12385.000 4500.000
v 1944.000 12385.000 4500.000
v 1872.000 12385.000 4500.000
v 1800.000 12385.000 4500.000
v 1728.000 12385.000 4500.000
v 1656.000 12385.000 4500.000
v 1584.000 12385.000 4500.000
v 1512.000 12385.000 4500.000
v 1440.000 12385.000 4500.000
v 1368.000 12385.000 4500.000
v 1296.000 12385.000 4500.000
v 1224.000 12385.000 4500.000
v 1152.000 12385.000 4500.000
v 1080.000 12385.000 4500.000
v 1008.000 12385.000 4500.000
v 936.000 12385.000 4500.000
v 864.000 12385.000 4500.000
v 792.000 12385.000 4500.000
v 720.000 12385.000 4500.000
v 648.000 12385.000 4500.000
v 576.000 12385.000 4500.000
v 504.000 12385.000 4500.000
v 432.000 12385.000 4500.000
v 360.000 12385.000 4500.000
v 288.000 12385.000 4500.000
v 216.000 12385.000 4500.000
v 144.000 12385.000 4500.000
v 72.000 12385.000 4500.000
v 0.000 12385.000 4500.000
v -72.000 12385.000 4500.000
v -144.000 12385.000 4500.000
v -216.000 12385.000 4500.000
v -288.000 12385.000 4500.000
v -360.000 12385.000 4500.000
v -432.000 12385.000 4500.000
v -504.000 12385.000 4500.000
v -576.000 12385.000 4500.000
v -648.000 12385.000 4500.000
v -720.000 12385.000 4500.000
v -792.000 12385.000 4500.000
v -864.000 12385.000 4500.000
v -936.000 12385.000 4500.000
v -1008.000 12385.000 4500.000
v -1080.000 12385.000 4500.000
v -1152.000 12385.000 4500.000
v -1224.000 12385.000 4500.000
v -1296.000 12385.000 4500.000
v -1368.000 12385.000 4500.000
v -1440.000 12385.000 4500.000
v -1512.000 12385.000 4500.000
v -1584.000 12385.000 4500.000
v -1656.000 12385.000 4500.000
v -1728.000 12385.000 4500.000
v -1800.000 12385.000 4500.000
v -1872.000 12385.000 4500.000
v -1944.000 12385.000 4500.000
v -2016.000 12385.000 4500.000
v -2088.000 12385.000 4500.000
v -2160.000 12385.000 4500.000
v -2232.000 12385.000 4500.000
v -2304.000 12385.000 4500.000
v -2376.000 12385.000 4500.000
v -2448.000 12385.000 4500.000
v -2520.000 12385.000 4500.000
v -2592.000 12385.000 4500.000
v -2664.000 12385.000 4500.000
v -2736.000 12385.000 4500.000
v -2808.000 12385.000 4500.000
v -2880.000 12385.000 4500.000
v -2952.000 12385.000 4500.000
v -3024.000 12385.000 4500.000
v -3096.000 12385.000 4500.000
v -3168.000 12385.000 4500.000
v -3240.000 12385.000 4500.000
v -3312.000 12385.000 4500.000
v -3384.000 12385.000 4500.000
v -3456.000 12385.000 4500.000
v -3528.000 12385.000 4500.000
v -3600.000 12385.000 4500.000
v -3672.000 12385.000 4500.000
v -3744.000 12385.000 4500.000
v -3816.000 12385.000 4500.000
v -3888.000 12385.000 4500.000
v -3960.000 12385.000 4500.000
v -4032.000 12385.000 4500.000
v -4104.000 12385.000 4500.000
v -4176.000 12385.000 4500.000
v -4248.000 12385.000 4500.000
v -4320.000 12385.000 4500.000
v -4392.000 12385.000 4500.000
v -4464.000 12385.000 4500.000
v -4536.000 12385.000 4500.000
v -4608.000 12385.000 4500.000
v -4680.000 12385.000 4500.000
v -4752.000 12385.000 4500.000
v -4824.000 12385.000 4500.000
v -4896.000 12385.000 4500.000
v -4968.000 12385.000 4500.000
v -5040.000 12385.000 4500.000
v -5112.000 12385.000 4500.000
v -5184.000 12385.000 4500.000
v -5256.000 12385.000 4500.000
v -5328.000 12385.000 4500.000
v -5400.000 12385.000 4500.000
v -5472.000 12385.000 4500.000
v -5544.000 12385.000 4500.000
v -5616.000 12385.000 4500.000
v -5688.000 12385.000 4500.000
v -5760.000 12385.000 4500.000
v -5832.000 12385.000 4500.000
v -5904.000 12385.000 4500.000
v -5976.000 12385.000 4500.000
v -6048.000 12385.000 4500.000
v -6120.000 12385.000 4500.000
v -6192.000 12385.000 4500.000
v -6264.000 12385.000 4500.000
v -6336.000 12385.000 4500.000
v -6408.000 12385.000 4500.000
v -6480.000 12385.000 4500.000
v -6552.000 12385.000 4500.000
v -6624.000 12385.000 4500.000
v -6696.000 12385.000 4500.000
v -6768.000 12385.000 4500.000
v -6840.000 12385.000 4500.000
v -6912.000 12385.000 4500.000
v -6984.000 12385.000 4500.000
v -7056.000 12385.000 4500.000
v -7128.000 12385.000 4500.000
v -7200.000 12385.000 4500.000
v -7272.000 12385.000 4500.000
v -7344.000 12385.000 4500.000
v -7416.000 12385.000 4500.000
v -7488.000 12385.000 4500.000
v -7560.000 12385.000 4500.000
v -7632.000 12385.000 4500.000
v -7704.000 12385.000 4500.000
v -7776.000 12385.000 4500.000
v -7848.000 12385.000 4500.000
v -7920.000 12385.000 4500.000
v -7992.000 12385.000 4500.000
v -8064.000 12385.000 4500.000
v -8136.000 12385.000 4500.000
v -8208.000 12385.000 4500.000
v -8280.000 12385.000 4500.000
v -8352.000 12385.000 4500.000
v -8424.000 12385.000 4500.000
v -8496.000 12385.000 4500.000
v -8568.000 12385.000 4500.000
v -8640.000 12385.000 4500.000
v -8712.000 12385.000 4500.000
v -8784.000 12385.000 4500.000
v -8856.000 12385.000 4500.000
v -8928.000 12385.000 4500.000
v -9000.000 12385.000 4500.000
v -9072.000 12385.000 4500.000
v -9144.000 12385.000 4500.000
v -9216.000 12385.000 4500.000
v -9288.000 12385.000 4500.000
v -9360.000 12385.000 4500.000
v -9432.000 12385.000 4500.000
v -9504.000 12385.000 4500.000
v -9576.000 12385.000 4500.000
v -9648.000 12385.000 4500.000
v -9720.000 12385.000 4500.000
v -9792.000 12385.000 4500.000
v -9864.000 12385.000 4500.000
v -9936.000 12385.000 4500.000
v -10008.000 12385.000 4500.000
v -10080.000 12385.000 4500.000
v -10152.000 12385.000 4500.000
v -10224.000 12385.000 4500.000
v -10296.000 12385.000 4500.000
v -10368.000 12385.000 4500.000
v -10440.000 12385.000 4500.000
v -10512.000 12385.000 4500.000
v -10584.000 12385.000 4500.000
v -10656.000 12385.000 4500.000
v -10728.000 12385.000 4500.000
v -10800.000 12385.000 4500.000
v -10872.000 12385.000 4500.000
v -10944.000 12385.000 4500.000
v -11016.000 12385.000 4500.000
v -11088.000 12385.000 4500.000
v -11160.000 12385.000 4500.000
v -11232.000 12385.000 4500.000
v -11304.000 12385.000 4500.000
v -11376.000 12385.000 4500.000
v -11448.000 12385.000 4500.000
v -11520.000 12385.000 4500.000
v -11592.000 12385.000 4500.000
v -11664.000 12385.000 4500.000
v -11736.000 12385.000 4500.000
v -11808.000 12385.000 4500.000
v -11880.000 12385.000 4500.000
v -11952.000 12385.000 4500.000
v -12024.000 12385.000 4500.000
v -12096.000 12385.000 4500.000
v -12168.000 12385.000 4500.000
v -12240.000 12385.000 4500.000
v -12312.000 12385.000 4500.000
v -12384.000 12385.000 4500.000
v -12456.000 12385.000 4500.000
v -12528.000 12385.000 4500.000
v -12600.000 12385.000 4500.000
v -12672.000 12385.000 4500.000
l 7757 7758 7759 7760 7761 7762 7763 7764 7765 7766 7767 7768 7769 7770 7771 7772 7773 7774 7775 7776 7777 7778 7779 7780 7781 7782 7783 7784 7785 7786 7787 7788 7789 7790 7791 7792 7793 7794 7795 7796 7797 7798 7799 7800 7801 7802 7803 7804 7805 7806 7807 7808 7809 7810 7811 7812 7813 7814 7815 7816 7817 7818 7819 7820 7821 7822 7823 7824 7825 7826 7827 7828 7829 7830 7831 7832 7833 7834 7835 7836 7837 7838 7839 7840 7841 7842 7843 7844 7845 7846 7847 7848 7849 7850 7851 7852 7853 7854 7855 7856 7857 7858 7859 7860 7861 7862 7863 7864 7865 7866 7867 7868 7869 7870 7871 7872 7873 7874 7875 7876 7877 7878 7879 7880 7881 7882 7883 7884 7885 7886 7887 7888 7889 7890 7891 7892 7893 7894 7895 7896 7897 7898 7899 7900 7901 7902 7903 7904 7905 7906 7907 7908 7909 7910 7911 7912 7913 7914 7915 7916 7917 7918 7919 7920 7921 7922 7923 7924 7925 7926 7927 7928 7929 7930 7931 7932 7933 7934 7935 7936 7937 7938 7939 7940 7941 7942 7943 7944 7945 7946 7947 7948 7949 7950 7951 7952 7953 7954 7955 7956 7957 7958 7959 7960 7961 7962 7963 7964 7965 7966 7967 7968 7969 7970 7971 7972 7973 7974 7975 7976 7977 7978 7979 7980 7981 7982 7983 7984 7985 7986 7987 7988 7989 7990 7991 7992 7993 7994 7995 7996 7997 7998 7999 8000 8001 8002 8003 8004 8005 8006 8007 8008 8009 8010 8011 8012 8013 8014 8015 8016 8017 8018 8019 8020 8021 8022 8023 8024 8025 8026 8027 8028 8029 8030 8031 8032 8033 8034 8035 8036 8037 8038 8039 8040 8041 8042 8043 8044 8045 8046 8047 8048 8049 8050 8051 8052 8053 8054 8055 8056 8057 8058 8059 8060 8061 8062 8063 8064 8065 8066 8067 8068 8069 8070 8071 8072 8073 8074 8075 8076 8077 8078 8079 8080 8081 8082 8083 8084 8085 8086 8087 8088 8089 8090 8091 8092 8093 8094 8095 8096 8097 8098 8099 8100 8101 8102 8103 8104 8105 8106 8107 8108 8109 8110 8111 8112 8113 8114 8115 8116 8117 8118 8119 8120 8121 8122 8123 8124 8125 8126 8127 8128 8129 8130 8131 8132 8133 8134 8135 8136 8137 8138 8139 8140 8141 8142 8143 8144 8145 8146 8147 8148 8149 8150 8151 8152 8153 8154 8155 8156
v -15264.000 12385.000 4500.000
v -15336.000 12385.000 4500.000
v -15408.000 12385.000 4500.000
v -15480.000 12385.000 4500.000
v -15552.000 12385.000 4500.000
v -15624.000 12385.000 4500.000
v -15696.000 12385.000 4500.000
v -15768.000 12385.000 4500.000
v -15840.000 12385.000 4500.000
v -15912.000 12385.000 4500.000
v -15984.000 12385.000 4500.000
v -16056.000 12385.000 4500.000
v -16128.000 12385.000 4500.000
v -16200.000 12385.000 4500.000
v -16272.000 12385.000 4500.000
v -16344.000 12385.000 4500.000
v -16416.000 12385.000 4500.000
v -16488.000 12385.000 4500.000
v -16560.000 12385.000 4500.000
v -16632.000 12385.000 4500.000
v -16704.000 12385.000 4500.000
v -16776.000 12385.000 4500.000
v -16848.000 12385.000 4500.000
v -16920.000 12385.000 4500.000
v -16992.000 12385.000 4500.000
v -17064.000 12385.000 4500.000
v -17136.000 12385.000 4500.000
v -17208.000 12385.000 4500.000
v -17280.000 12385.000 4500.000
v -17352.000 12385.000 4500.000
v -17424.000 12385.000 4500.000
v -17496.000 12385.000 4500.000
v -17568.000 12385.000 4500.000
v -17640.000 12385.000 4500.000
v -17712.000 12385.000 4500.000
v -17784.000 12385.000 4500.000
v -17856.000 12385.000 4500.000
v -17928.000 12385.000 4500.000
v -18000.000 12385.000 4500.000
l 8157 8158 8159 8160 8161 8162 8163 8164 8165 8166 8167 8168 8169 8170 8171 8172 8173 8174 8175 8176 8177 8178 8179 8180 8181 8182 8183 8184 8185 8186 8187 8188 8189 8190 8191 8192 8193 8194 8195
v 12096.000 12385.000 5000.000
v 12024.000 12385.000 5000.000
v 11952.000 12385.000 5000.000
v 11880.000 12385.000 5000.000
v 11808.000 12385.000 5000.000
v 11736.000 12385.000 5000.000
v 11664.000 12385.000 5000.000
v 11592.000 12385.000 5000.000
v 11520.000 12385.000 5000.000
v 11448.000 12385.000 5000.000
v 11376.000 12385.000 5000.000
v 11304.000 12385.000 5000.000
v 11232.000 12385.000 5000.000
v 11160.000 12385.000 5000.000
v 11088.000 12385.000 5000.000
v 11016.000 12385.000 5000.000
v 10944.000 12385.000 5000.000
v 10872.000 12385.000 5000.000
v 10800.000 12385.000 5000.000
v 10728.000 12385.000 5000.000
v 10656.000 12385.000 5000.000
v 10584.000 12385.000 5000.000
v 10512.000 12385.000 5000.000
v 10440.000 12385.000 5000.000
v 10368.000 12385.000 5000.000
v 10296.000 12385.000 5000.000
v 10224.000 12385.000 5000.000
v 10152.000 12385.000 5000.000
v 10080.000 12385.000 5000.000
v 10008.000 12385.000 5000.000
v 9936.000 12385.000 5000.000
v 9864.000 12385.000 5000.000
v 9792.000 12385.000 5000.000
v 9720.000 12385.000 5000.000
v 9648.000 12385.000 5000.000
v 9576.000 12385.000 5000.000
v 9504.000 12385.000 5000.000
v 9432.000 12385.000 5000.000
v 9360.000 12385.000 5000.000
v 9288.000 12385.000 5000.000
v 9216.000 12385.000 5000.000
v 9144.000 12385.000 5000.000
v 9072.000 12385.000 5000.000
v 9000.000 12385.000 5000.000
v 8928.000 12385.000 5000.000
v 8856.000 12385.000 5000.000
v 8784.000 12385.000 5000.000
v 8712.000 12385.000 5000.000
v 8640.000 12385.000 5000.000
v 8568.000 12385.000 5000.000
v 8496.000 12385.000 5000.000
v 8424.000 12385.000 5000.000
v 8352.000 12385.000 5000.000
v 8280.000 12385.000 5000.000
v 8208.000 12385.000 5000.000
v 8136.000 12385.000 5000.000
v 8064.000 12385.000 5000.000
v 7992.000 12385.000 5000.000
v 7920.000 12385.000 5000.000
v 7848.000 12385.000 5000.000
v 7776.000 12385.000 5000.000
v 7704.000 12385.000 5000.000
v 7632.000 12385.000 5000.000
v 7560.000 12385.000 5000.000
v 7488.000 12385.000 5000.000
v 7416.000 12385.000 5000.000
v 7344.000 12385.000 5000.000
v 7272.000 12385.000 5000.000
v 7200.000 12385.000 5000.000
v 7128.000 12385.000 5000.000
v 7056.000 12385.000 5000.000
v 6984.000 12385.000 5000.000
v 6912.000 12385.000 5000.000
v 6840.000 12385.000 5000.000
v 6768.000 12385.000 5000.000
v 6696.000 12385.000 5000.000
v 6624.000 12385.000 5000.000
v 6552.000 12385.000 5000.000
v 6480.000 12385.000 5000.000
v 6408.000 12385.000 5000.000
v 6336.000 12385.000 5000.000
v 6264.000 12385.000 5000.000
v 6192.000 12385.000 5000.000
v 6120.000 12385.000 5000.000
v 6048.000 12385.000 5000.000
v 5976.000 12385.000 5000.000
v 5904.000 12385.000 5000.000
v 5832.000 12385.000 5000.000
v 5760.000 12385.000 5000.000
v 5688.000 12385.000 5000.000
v 5616.000 12385.000 5000.000
v 5544.000 12385.000 5000.000
v 5472.000 12385.000 5000.000
v 5400.000 12385.000 5000.000
v 5328.000 12385.000 5000.000
v 5256.000 12385.000 5000.000
v 5184.000 12385.000 5000.000
v 5112.000 12385.000 5000.000
v 5040.000 12385.000 5000.000
v 4968.000 12385.000 5000.000
v 4896.000 12385.000 5000.000
v 4824.000 12385.000 5000.000
v 4752.000 12385.000 5000.000
v 4680.000 12385.000 5000.000
v 4608.000 12385.000 5000.000
v 4536.000 12385.000 5000.000
v 4464.000 12385.000 5000.000
v 4392.000 12385.000 5000.000
v 4320.000 12385.000 5000.000
v 4248.000 12385.000 5000.000
v 4176.000 12385.000 5000.000
v 4104.000 12385.000 5000.000
v 4032.000 12385.000 5000.000
v 3960.000 12385.000 5000.000
v 3888.000 12385.000 5000.000
v 3816.000 12385.000 5000.000
v 3744.000 12385.000 5000.000
v 3672.000 12385.000 5000.000
v 3600.000 12385.000 5000.000
v 3528.000 12385.000 5000.000
v 3456.000 12385.000 5000.000
v 3384.000 12385.000 5000.000
v 3312.000 12385.000 5000.000
v 3240.000 12385.000 5000.000
v 3168.000 12385.000 5000.000
v 3096.000 12385.000 5000.000
v 3024.000 12385.000 5000.000
v 2952.000 12385.000 5000.000
v 2880.000 12385.000 5000.000
v 2808.000 12385.000 5000.000
v 2736.000 12385.000 5000.000
v 2664.000 12385.000 5000.000
v 2592.000 12385.000 5000.000
v 2520.000 12385.000 5000.000
v 2448.000 12385.000 5000.000
v 2376.000 12385.000 5000.000
v 2304.000 12385.000 5000.000
v 2232.000 12385.000 5000.000
v 2160.000 12385.000 5000.000
v 2088.000 12385.000 5000.000
v 2016.000 12385.000 5000.000
v 1944.000 12385.000 5000.000
v 1872.000 12385.000 5000.000
v 1800.000 12385.000 5000.000
v 1728.000 12385.000 5000.000
v 1656.000 12385.000 5000.000
v 1584.000 12385.000 5000.000
v 1512.000 12385.000 5000.000
v 1440.000 12385.000 5000.000
v 1368.000 12385.000 5000.000
v 1296.000 12385.000 5000.000
v 1224.000 12385.000 5000.000
v 1152.000 12385.000 5000.000
v 1080.000 12385.000 5000.000
v 1008.000 12385.000 5000.000
v 936.000 12385.000 5000.000
v 864.000 12385.000 5000.000
v 792.000 12385.000 5000.000
v 720.000 12385.000 5000.000
v 648.000 12385.000 5000.000
v 576.000 12385.000 5000.000
v 504.000 12385.000 5000.000
v 432.000 12385.000 5000.000
v 360.000 12385.000 5000.000
v 288.000 12385.000 5000.000
v 216.000 12385.000 5000.000
v 144.000 12385.000 5000.000
v 72.000 12385.000 5000.000
v 0.000 12385.000 5000.000
v -72.000 12385.000 5000.000
v -144.000 12385.000 5000.000
v -216.000 12385.000 5000.000
v -288.000 12385.000 5000.000
v -360.000 12385.000 5000.000
v -432.000 12385.000 5000.000
v -504.000 12385.000 5000.000
v -576.000 12385.000 5000.000
v -648.000 12385.000 5000.000
v -720.000 12385.000 5000.000
v -792.000 12385.000 5000.000
v -864.000 12385.000 5000.000
v -936.000 12385.000 5000.000
v -1008.000 12385.000 5000.000
v -1080.000 12385.000 5000.000
v -1152.000 12385.000 5000.000
v -1224.000 12385.000 5000.000
v -1296.000 12385.000 5000.000
v -1368.000 12385.000 5000.000
v -1440.000 12385.000 5000.000
v -1512.000 12385.000 5000.000
v -1584.000 12385.000 5000.000
v -1656.000 12385.000 5000.000
v -1728.000 12385.000 5000.000
v -1800.000 12385.000 5000.000
v -1872.000 12385.000 5000.000
v -1944.000 12385.000 5000.000
l 8196 8197 8198 8199 8200 8201 8202 8203 8204 8205 8206 8207 8208 8209 8210 8211 8212 8213 8214 8215 8216 8217 8218 8219 8220 8221 8222 8223 8224 8225 8226 8227 8228 8229 8230 8231 8232 8233 8234 8235 8236 8237 8238 8239 8240 8241 8242 8243 8244 8245 8246 8247 8248 8249 8250 8251 8252 8253 8254 8255 8256 8257 8258 8259 8260 8261 8262 8263 8264 8265 8266 8267 8268 8269 8270 8271 8272 8273 8274 8275 8276 8277 8278 8279 8280 8281 8282 8283 8284 8285 8286 8287 8288 8289 8290 8291 8292 8293 8294 8295 8296 8297 8298 8299 8300 8301 8302 8303 8304 8305 8306 8307 8308 8309 8310 8311 8312 8313 8314 8315 8316 8317 8318 8319 8320 8321 8322 8323 8324 8325 8326 8327 8328 8329 8330 8331 8332 8333 8334 8335 8336 8337 8338 8339 8340 8341 8342 8343 8344 8345 8346 8347 8348 8349 8350 8351 8352 8353 8354 8355 8356 8357 8358 8359 8360 8361 8362 8363 8364 8365 8366 8367 8368 8369 8370 8371 8372 8373 8374 8375 8376 8377 8378 8379 8380 8381 8382 8383 8384 8385 8386 8387 8388 8389 8390 8391
v -4968.000 12385.000 5000.000
v -5040.000 12385.000 5000.000
v -5112.000 12385.000 5000.000
v -5184.000 12385.000 5000.000
v -5256.000 12385.000 5000.000
v -5328.000 12385.000 5000.000
v -5400.000 12385.000 5000.000
v -5472.000 12385.000 5000.000
v -5544.000 12385.000 5000.000
v -5616.000 12385.000 5000.000
v -5688.000 12385.000 5000.000
v -5760.000 12385.000 5000.000
v -5832.000 12385.000 5000.000
v -5904.000 12385.000 5000.000
v -5976.000 12385.000 5000.000
v -6048.000 12385.000 5000.000
v -6120.000 12385.000 5000.000
v -6192.000 12385.000 5000.000
v -6264.000 12385.000 5000.000
v -6336.000 12385.000 5000.000
v -6408.000 12385.000 5000.000
v -6480.000 12385.000 5000.000
v -6552.000 12385.000 5000.000
v -6624.000 12385.000 5000.000
v -6696.000 12385.000 5000.000
v -6768.000 12385.000 5000.000
v -6840.000 12385.000 5000.000
v -6912.000 12385.000 5000.000
v -6984.000 12385.000 5000.000
v -7056.000 12385.000 5000.000
v -7128.000 12385.000 5000.000
v -7200.000 12385.000 5000.000
v -7272.000 12385.000 5000.000
v -7344.000 12385.000 5000.000
v -7416.000 12385.000 5000.000
v -7488.000 12385.000 5000.000
v -7560.000 12385.000 5000.000
v -7632.000 12385.000 5000.000
v -7704.000 12385.000 5000.000
v -7776.000 12385.000 5000.000
v -7848.000 12385.000 5000.000
v -7920.000 12385.000 5000.000
v -7992.000 12385.000 5000.000
v -8064.000 12385.000 5000.000
v -8136.000 12385.000 5000.000
v -8208.000 12385.000 5000.000
v -8280.000 12385.000 5000.000
v -8352.000 12385.000 5000.000
v -8424.000 12385.000 5000.000
v -8496.000 12385.000 5000.000
v -8568.000 12385.000 5000.000
v -8640.000 12385.000 5000.000
v -8712.000 12385.000 5000.000
v -8784.000 12385.000 5000.000
v -8856.000 12385.000 5000.000
v -8928.000 12385.000 5000.000
v -9000.000 12385.000 5000.000
v -9072.000 12385.000 5000.000
v -9144.000 12385.000 5000.000
v -9216.000 12385.000 5000.000
v -9288.000 12385.000 5000.000
v -9360.000 12385.000 5000.000
v -9432.000 12385.000 5000.000
v -9504.000 12385.000 5000.000
v -9576.000 12385.000 5000.000
v -9648.000 12385.000 5000.000
v -9720.000 12385.000 5000.000
v -9792.000 12385.000 5000.000
v -9864.000 12385.000 5000.000
v -9936.000 12385.000 5000.000
v -10008.000 12385.000 5000.000
v -10080.000 12385.000 5000.000
v -10152.000 12385.000 5000.000
v -10224.000 12385.000 5000.000
v -10296.000 12385.000 5000.000
v -10368.000 12385.000 5000.000
v -10440.000 12385.000 5000.000
v -10512.000 12385.000 5000.000
v -10584.000 12385.000 5000.000
v -10656.000 12385.000 5000.000
v -10728.000 12385.000 5000.000
v -10800.000 12385.000 5000.000
v -10872.000 12385.000 5000.000
v -10944.000 12385.000 5000.000
v -11016.000 12385.000 5000.000
v -11088.000 12385.000 5000.000
v -11160.000 12385.000 5000.000
v -11232.000 12385.000 5000.000
v -11304.000 12385.000 5000.000
v -11376.000 12385.000 5000.000
v -11448.000 12385.000 5000.000
v -11520.000 12385.000 5000.000
v -11592.000 12385.000 5000.000
v -11664.000 12385.000 5000.000
v -11736.000 12385.000 5000.000
v -11808.000 12385.000 5000.000
v -11880.000 12385.000 5000.000
v -11952.000 12385.000 5000.000
v -12024.000 12385.000 5000.000
l 8392 8393 8394 8395 8396 8397 8398 8399 8400 8401 8402 8403 8404 8405 8406 8407 8408 8409 8410 8411 8412 8413 8414 8415 8416 8417 8418 8419 8420 8421 8422 8423 8424 8425 8426 8427 8428 8429 8430 8431 8432 8433 8434 8435 8436 8437 8438 8439 8440 8441 8442 8443 8444 8445 8446 8447 8448 8449 8450 8451 8452 8453 8454 8455 8456 8457 8458 8459 8460 8461 8462 8463 8464 8465 8466 8467 8468 8469 8470 8471 8472 8473 8474 8475 8476 8477 8478 8479 8480 8481 8482 8483 8484 8485 8486 8487 8488 8489 8490
v -15912.000 12385.000 5000.000
v -15984.000 12385.000 5000.000
v -16056.000 12385.000 5000.000
v -16128.000 12385.000 5000.000
l 8491 8492 8493 8494
v -16272.000 12385.000 5000.000
v -16344.000 12385.000 5000.000
v -16416.000 12385.000 5000.000
v -16488.000 12385.000 5000.000
v -16560.000 12385.000 5000.000
v -16632.000 12385.000 5000.000
v -16704.000 12385.000 5000.000
v -16776.000 12385.000 5000.000
v -16848.000 12385.000 5000.000
v -16920.000 12385.000 5000.000
v -16992.000 12385.000 5000.000
v -17064.000 12385.000 5000.000
v -17136.000 12385.000 5000.000
v -17208.000 12385.000 5000.000
v -17280.000 12385.000 5000.000
v -17352.000 12385.000 5000.000
v -17424.000 12385.000 5000.000
v -17496.000 12385.000 5000.000
v -17568.000 12385.000 5000.000
v -17640.000 12385.000 5000.000
v -17712.000 12385.000 5000.000
v -17784.000 12385.000 5000.000
v -17856.000 12385.000 5000.000
v -17928.000 12385.000 5000.000
v -18000.000 12385.000 5000.000
l 8495 8496 8497 8498 8499 8500 8501 8502 8503 8504 8505 8506 8507 8508 8509 8510 8511 8512 8513 8514 8515 8516 8517 8518 8519
v 10152.000 12385.000 5500.000
v 10080.000 12385.000 5500.000
v 10008.000 12385.000 5500.000
v 9936.000 12385.000 5500.000
v 9864.000 12385.000 5500.000
v 9792.000 12385.000 5500.000
v 9720.000 12385.000 5500.000
v 9648.000 12385.000 5500.000
v 9576.000 12385.000 5500.000
v 9504.000 12385.000 5500.000
v 9432.000 12385.000 5500.000
v 9360.000 12385.000 5500.000
v 9288.000 12385.000 5500.000
v 9216.000 12385.000 5500.000
v 9144.000 12385.000 5500.000
v 9072.000 12385.000 5500.000
v 9000.000 12385.000 5500.000
v 8928.000 12385.000 5500.000
v 8856.000 12385.000 5500.000
l 8520 8521 8522 8523 8524 8525 8526 8527 8528 8529 8530 8531 8532 8533 8534 8535 8536 8537 8538
v 8208.000 12385.000 5500.000
v 8136.000 12385.000 5500.000
v 8064.000 12385.000 5500.000
v 7992.000 12385.000 5500.000
v 7920.000 12385.000 5500.000
v 7848.000 12385.000 5500.000
v 7776.000 12385.000 5500.000
v 7704.000 12385.000 5500.000
v 7632.000 12385.000 5500.000
v 7560.000 12385.000 5500.000
v 7488.000 12385.000 5500.000
v 7416.000 12385.000 5500.000
v 7344.000 12385.000 5500.000
v 7272.000 12385.000 5500.000
v 7200.000 12385.000 5500.000
v 7128.000 12385.000 5500.000
v 7056.000 12385.000 5500.000
v 6984.000 12385.000 5500.000
v 6912.000 12385.000 5500.000
v 6840.000 12385.000 5500.000
v 6768.000 12385.000 5500.000
v 6696.000 12385.000 5500.000
v 6624.000 12385.000 5500.000
v 6552.000 12385.000 5500.000
v 6480.000 12385.000 5500.000
v 6408.000 12385.000 5500.000
l 8539 8540 8541 8542 8543 8544 8545 8546 8547 8548 8549 8550 8551 8552 8553 8554 8555 8556 8557 8558 8559 8560 8561 8562 8563 8564
v 2952.000 12385.000 5500.000
v 2880.000 12385.000 5500.000
v 2808.000 12385.000 5500.000
v 2736.000 12385.000 5500.000
v 2664.000 12385.000 5500.000
v 2592.000 12385.000 5500.000
v 2520.000 12385.000 5500.000
v 2448.000 12385.000 5500.000
v 2376.000 12385.000 5500.000
v 2304.000 12385.000 5500.000
v 2232.000 12385.000 5500.000
v 2160.000 12385.000 5500.000
l 8565 8566 8567 8568 8569 8570 8571 8572 8573 8574 8575 8576
v 1872.000 12385.000 5500.000
v 1800.000 12385.000 5500.000
v 1728.000 12385.000 5500.000
v 1656.000 12385.000 5500.000
v 1584.000 12385.000 5500.000
v 1512.000 12385.000 5500.000
v 1440.000 12385.000 5500.000
v 1368.000 12385.000 5500.000
v 1296.000 12385.000 5500.000
v 1224.000 12385.000 5500.000
v 1152.000 12385.000 5500.000
v 1080.000 12385.000 5500.000
v 1008.000 12385.000 5500.000
v 936.000 12385.000 5500.000
v 864.000 12385.000 5500.000
v 792.000 12385.000 5500.000
v 720.000 12385.000 5500.000
v 648.000 12385.000 5500.000
v 576.000 12385.000 5500.000
v 504.000 12385.000 5500.000
v 432.000 12385.000 5500.000
v 360.000 12385.000 5500.000
v 288.000 12385.000 5500.000
v 216.000 12385.000 5500.000
v 144.000 12385.000 5500.000
v 72.000 12385.000 5500.000
v 0.000 12385.000 5500.000
v -72.000 12385.000 5500.000
v -144.000 12385.000 5500.000
v -216.000 12385.000 5500.000
v -288.000 12385.000 5500.000
v -360.000 12385.000 5500.000
v -432.000 12385.000 5500.000
v -504.000 12385.000 5500.000
v -576.000 12385.000 5500.000
l 8577 8578 8579 8580 8581 8582 8583 8584 8585 8586 8587 8588 8589 8590 8591 8592 8593 8594 8595 8596 8597 8598 8599 8600 8601 8602 8603 8604 8605 8606 8607 8608 8609 8610 8611
v -7488.000 12385.000 5500.000
v -7560.000 12385.000 5500.000
v -7632.000 12385.000 5500.000
v -7704.000 12385.000 5500.000
v -7776.000 12385.000 5500.000
v -7848.000 12385.000 5500.000
v -7920.000 12385.000 5500.000
v -7992.000 12385.000 5500.000
v -8064.000 12385.000 5500.000
v -8136.000 12385.000 5500.000
v -8208.000 12385.000 5500.000
v -8280.000 12385.000 5500.000
v -8352.000 12385.000 5500.000
v -8424.000 12385.000 5500.000
v -8496.000 12385.000 5500.000
v -8568.000 12385.000 5500.000
v -8640.000 12385.000 5500.000
v -8712.000 12385.000 5500.000
v -8784.000 12385.000 5500.000
v -8856.000 12385.000 5500.000
v -8928.000 12385.000 5500.000
v -9000.000 12385.000 5500.000
v -9072.000 12385.000 5500.000
v -9144.000 12385.000 5500.000
v -9216.000 12385.000 5500.000
v -9288.000 12385.000 5500.000
v -9360.000 12385.000 5500.000
v -9432.000 12385.000 5500.000
v -9504.000 12385.000 5500.000
v -9576.000 12385.000 5500.000
v -9648.000 12385.000 5500.000
v -9720.000 12385.000 5500.000
v -9792.000 12385.000 5500.000
v -9864.000 12385.000 5500.000
v -9936.000 12385.000 5500.000
v -10008.000 12385.000 5500.000
v -10080.000 12385.000 5500.000
v -10152.000 12385.000 5500.000
v -10224.000 12385.000 5500.000
v -10296.000 12385.000 5500.000
v -10368.000 12385.000 5500.000
v -10440.000 12385.000 5500.000
v -10512.000 12385.000 5500.000
l 8612 8613 8614 8615 8616 8617 8618 8619 8620 8621 8622 8623 8624 8625 8626 8627 8628 8629 8630 8631 8632 8633 8634 8635 8636 8637 8638 8639 8640 8641 8642 8643 8644 8645 8646 8647 8648 8649 8650 8651 8652 8653 8654
v -17928.000 12385.000 5500.000
v -18000.000 12385.000 5500.000
l 8655 8656
v 7704.000 12385.000 6000.000
v 7632.000 12385.000 6000.000
v 7560.000 12385.000 6000.000
v 7488.000 12385.000 6000.000
v 7416.000 12385.000 6000.000
v 7344.000 12385.000 6000.000
v 7272.000 12385.000 6000.000
v 7200.000 12385.000 6000.000
v 7128.000 12385.000 6000.000
l 8657 8658 8659 8660 8661 8662 8663 8664 8665
v -9144.000 12385.000 6000.000
v -9216.000 12385.000 6000.000
v -9288.000 12385.000 6000.000
v -9360.000 12385.000 6000.000
v -9432.000 12385.000 6000.000
v -9504.000 12385.000 6000.000
v -9576.000 12385.000 6000.000
v -9648.000 12385.000 6000.000
v -9720.000 12385.000 6000.000
v -9792.000 12385.000 6000.000
v -9864.000 12385.000 6000.000
l 8666 8667 8668 8669 8670 8671 8672 8673 8674 8675 8676
v -18001.000 12384.000 4000.000
v -18001.000 12312.000 4000.000
v -18001.000 12240.000 4000.000
v -18001.000 12168.000 4000.000
v -18001.000 12096.000 4000.000
v -18001.000 12024.000 4000.000
v -18001.000 11952.000 4000.000
v -18001.000 11880.000 4000.000
v -18001.000 11808.000 4000.000
v -18001.000 11736.000 4000.000
v -18001.000 11664.000 4000.000
v -18001.000 11592.000 4000.000
v -18001.000 11520.000 4000.000
v -18001.000 11448.000 4000.000
v -18001.000 11376.000 4000.000
v -18001.000 11304.000 4000.000
v -18001.000 11232.000 4000.000
v -18001.000 11160.000 4000.000
v -18001.000 11088.000 4000.000
v -18001.000 11016.000 4000.000
v -18001.000 10944.000 4000.000
v -18001.000 10872.000 4000.000
v -18001.000 10800.000 4000.000
v -18001.000 10728.000 4000.000
v -18001.000 10656.000 4000.000
v -18001.000 10584.000 4000.000
v -18001.000 10512.000 4000.000
v -18001.000 10440.000 4000.000
v -18001.000 10368.000 4000.000
v -18001.000 10296.000 4000.000
v -18001.000 10224.000 4000.000
v -18001.000 10152.000 4000.000
v -18001.000 10080.000 4000.000
v -18001.000 10008.000 4000.000
v -18001.000 9936.000 4000.000
v -18001.000 9864.000 4000.000
v -18001.000 9792.000 4000.000
v -18001.000 9720.000 4000.000
v -18001.000 9648.000 4000.000
v -18001.000 9576.000 4000.000
v -18001.000 9504.000 4000.000
v -18001.000 9432.000 4000.000
v -18001.000 9360.000 4000.000
v -18001.000 9288.000 4000.000
v -18001.000 9216.000 4000.000
v -18001.000 9144.000 4000.000
v -18001.000 9072.000 4000.000
v -18001.000 9000.000 4000.000
v -18001.000 8928.000 4000.000
v -18001.000 8856.000 4000.000
v -18001.000 8784.000 4000.000
v -18001.000 8712.000 4000.000
v -18001.000 8640.000 4000.000
v -18001.000 8568.000 4000.000
v -18001.000 8496.000 4000.000
v -18001.000 8424.000 4000.000
v -18001.000 8352.000 4000.000
v -18001.000 8280.000 4000.000
v -18001.000 8208.000 4000.000
v -18001.000 8136.000 4000.000
v -18001.000 8064.000 4000.000
v -18001.000 7992.000 4000.000
v -18001.000 7920.000 4000.000
v -18001.000 7848.000 4000.000
v -18001.000 7776.000 4000.000
v -18001.000 7704.000 4000.000
v -18001.000 7632.000 4000.000
v -18001.000 7560.000 4000.000
v -18001.000 7488.000 4000.000
v -18001.000 7416.000 4000.000
v -18001.000 7344.000 4000.000
v -18001.000 7272.000 4000.000
v -18001.000 7200.000 4000.000
v -18001.000 7128.000 4000.000
v -18001.000 7056.000 4000.000
v -18001.000 6984.000 4000.000
v -18001.000 6912.000 4000.000
v -18001.000 6840.000 4000.000
v -18001.000 6768.000 4000.000
v -18001.000 6696.000 4000.000
v -18001.000 6624.000 4000.000
v -18001.000 6552.000 4000.000
v -18001.000 6480.000 4000.000
v -18001.000 6408.000 4000.000
v -18001.000 6336.000 4000.000
v -18001.000 6264.000 4000.000
v -18001.000 6192.000 4000.000
v -18001.000 6120.000 4000.000
v -18001.000 6048.000 4000.000
v -18001.000 5976.000 4000.000
v -18001.000 5904.000 4000.000
v -18001.000 5832.000 4000.000
v -18001.000 5760.000 4000.000
v -18001.000 5688.000 4000.000
v -18001.000 5616.000 4000.000
v -18001.000 5544.000 4000.000
v -18001.000 5472.000 4000.000
v -18001.000 5400.000 4000.000
v -18001.000 5328.000 4000.000
v -18001.000 5256.000 4000.000
v -18001.000 5184.000 4000.000
v -18001.000 5112.000 4000.000
v -18001.000 5040.000 4000.000
v -18001.000 4968.000 4000.000
v -18001.000 4896.000 4000.000
v -18001.000 4824.000 4000.000
v -18001.000 4752.000 4000.000
v -18001.000 4680.000 4000.000
v -18001.000 4608.000 4000.000
v -18001.000 4536.000 4000.000
v -18001.000 4464.000 4000.000
v -18001.000 4392.000 4000.000
v -18001.000 4320.000 4000.000
v -18001.000 4248.000 4000.000
v -18001.000 4176.000 4000.000
v -18001.000 4104.000 4000.000
v -18001.000 4032.000 4000.000
v -18001.000 3960.000 4000.000
v -18001.000 3888.000 4000.000
v -18001.000 3816.000 4000.000
v -18001.000 3744.000 4000.000
v -18001.000 3672.000 4000.000
v -18001.000 3600.000 4000.000
v -18001.000 3528.000 4000.000
v -18001.000 3456.000 4000.000
v -18001.000 3384.000 4000.000
v -18001.000 3312.000 4000.000
v -18001.000 3240.000 4000.000
v -18001.000 3168.000 4000.000
v -18001.000 3096.000 4000.000
v -18001.000 3024.000 4000.000
v -18001.000 2952.000 4000.000
v -18001.000 2880.000 4000.000
v -18001.000 2808.000 4000.000
v -18001.000 2736.000 4000.000
v -18001.000 2664.000 4000.000
v -18001.000 2592.000 4000.000
v -18001.000 2520.000 4000.000
v -18001.000 2448.000 4000.000
v -18001.000 2376.000 4000.000
v -18001.000 2304.000 4000.000
v -18001.000 2232.000 4000.000
v -18001.000 2160.000 4000.000
v -18001.000 2088.000 4000.000
v -18001.000 2016.000 4000.000
v -18001.000 1944.000 4000.000
v -18001.000 1872.000 4000.000
v -18001.000 1800.000 4000.000
v -18001.000 1728.000 4000.000
v -18001.000 1656.000 4000.000
v -18001.000 1584.000 4000.000
v -18001.000 1512.000 4000.000
v -18001.000 1440.000 4000.000
v -18001.000 1368.000 4000.000
v -18001.000 1296.000 4000.000
v -18001.000 1224.000 4000.000
v -18001.000 1152.000 4000.000
v -18001.000 1080.000 4000.000
v -18001.000 1008.000 4000.000
v -18001.000 936.000 4000.000
v -18001.000 864.000 4000.000
v -18001.000 792.000 4000.000
v -18001.000 720.000 4000.000
v -18001.000 648.000 4000.000
v -18001.000 576.000 4000.000
v -18001.000 504.000 4000.000
v -18001.000 432.000 4000.000
v -18001.000 360.000 4000.000
v -18001.000 288.000 4000.000
v -18001.000 216.000 4000.000
v -18001.000 144.000 4000.000
v -18001.000 72.000 4000.000
v -18001.000 0.000 4000.000
v -18001.000 -72.000 4000.000
v -18001.000 -144.000 4000.000
v -18001.000 -216.000 4000.000
v -18001.000 -288.000 4000.000
v -18001.000 -360.000 4000.000
v -18001.000 -432.000 4000.000
v -18001.000 -504.000 4000.000
v -18001.000 -576.000 4000.000
v -18001.000 -648.000 4000.000
v -18001.000 -720.000 4000.000
v -18001.000 -792.000 4000.000
v -18001.000 -864.000 4000.000
v -18001.000 -936.000 4000.000
v -18001.000 -1008.000 4000.000
v -18001.000 -1080.000 4000.000
v -18001.000 -1152.000 4000.000
v -18001.000 -1224.000 4000.000
v -18001.000 -1296.000 4000.000
v -18001.000 -1368.000 4000.000
v -18001.000 -1440.000 4000.000
v -18001.000 -1512.000 4000.000
v -18001.000 -1584.000 4000.000
v -18001.000 -1656.000 4000.000
v -18001.000 -1728.000 4000.000
v -18001.000 -1800.000 4000.000
v -18001.000 -1872.000 4000.000
v -18001.000 -1944.000 4000.000
v -18001.000 -2016.000 4000.000
v -18001.000 -2088.000 4000.000
v -18001.000 -2160.000 4000.000
v -18001.000 -2232.000 4000.000
v -18001.000 -2304.000 4000.000
v -18001.000 -2376.000 4000.000
v -18001.000 -2448.000 4000.000
v -18001.000 -2520.000 4000.000
v -18001.000 -2592.000 4000.000
v -18001.000 -2664.000 4000.000
v -18001.000 -2736.000 4000.000
v -18001.000 -2808.000 4000.000
v -18001.000 -2880.000 4000.000
v -18001.000 -2952.000 4000.000
v -18001.000 -3024.000 4000.000
v -18001.000 -3096.000 4000.000
v -18001.000 -3168.000 4000.000
v -18001.000 -3240.000 4000.000
v -18001.000 -3312.000 4000.000
v -18001.000 -3384.000 4000.000
v -18001.000 -3456.000 4000.000
v -18001.000 -3528.000 4000.000
v -18001.000 -3600.000 4000.000
v -18001.000 -3672.000 4000.000
v -18001.000 -3744.000 4000.000
v -18001.000 -3816.000 4000.000
v -18001.000 -3888.000 4000.000
v -18001.000 -3960.000 4000.000
v -18001.000 -4032.000 4000.000
v -18001.000 -4104.000 4000.000
v -18001.000 -4176.000 4000.000
v -18001.000 -4248.000 4000.000
v -18001.000 -4320.000 4000.000
v -18001.000 -4392.000 4000.000
v -18001.000 -4464.000 4000.000
v -18001.000 -4536.000 4000.000
v -18001.000 -4608.000 4000.000
v -18001.000 -4680.000 4000.000
v -18001.000 -4752.000 4000.000
v -18001.000 -4824.000 4000.000
v -18001.000 -4896.000 4000.000
v -18001.000 -4968.000 4000.000
v -18001.000 -5040.000 4000.000
v -18001.000 -5112.000 4000.000
v -18001.000 -5184.000 4000.000
v -18001.000 -5256.000 4000.000
v -18001.000 -5328.000 4000.000
v -18001.000 -5400.000 4000.000
v -18001.000 -5472.000 4000.000
v -18001.000 -5544.000 4000.000
v -18001.000 -5616.000 4000.000
v -18001.000 -5688.000 4000.000
v -18001.000 -5760.000 4000.000
v -18001.000 -5832.000 4000.000
v -18001.000 -5904.000 4000.000
v -18001.000 -5976.000 4000.000
v -18001.000 -6048.000 4000.000
v -18001.000 -6120.000 4000.000
v -18001.000 -6192.000 4000.000
v -18001.000 -6264.000 4000.000
v -18001.000 -6336.000 4000.000
v -18001.000 -6408.000 4000.000
v -18001.000 -6480.000 4000.000
v -18001.000 -6552.000 4000.000
v -18001.000 -6624.000 4000.000
v -18001.000 -6696.000 4000.000
v -18001.000 -6768.000 4000.000
v -18001.000 -6840.000 4000.000
v -18001.000 -6912.000 4000.000
v -18001.000 -6984.000 4000.000
v -18001.000 -7056.000 4000.000
v -18001.000 -7128.000 4000.000
v -18001.000 -7200.000 4000.000
v -18001.000 -7272.000 4000.000
v -18001.000 -7344.000 4000.000
v -18001.000 -7416.000 4000.000
v -18001.000 -7488.000 4000.000
v -18001.000 -7560.000 4000.000
v -18001.000 -7632.000 4000.000
v -18001.000 -7704.000 4000.000
v -18001.000 -7776.000 4000.000
v -18001.000 -7848.000 4000.000
v -18001.000 -7920.000 4000.000
v -18001.000 -7992.000 4000.000
v -18001.000 -8064.000 4000.000
v -18001.000 -8136.000 4000.000
v -18001.000 -8208.000 4000.000
v -18001.000 -8280.000 4000.000
v -18001.000 -8352.000 4000.000
v -18001.000 -8424.000 4000.000
v -18001.000 -8496.000 4000.000
v -18001.000 -8568.000 4000.000
v -18001.000 -8640.000 4000.000
v -18001.000 -8712.000 4000.000
v -18001.000 -8784.000 4000.000
v -18001.000 -8856.000 4000.000
v -18001.000 -8928.000 4000.000
v -18001.000 -9000.000 4000.000
v -18001.000 -9072.000 4000.000
v -18001.000 -9144.000 4000.000
v -18001.000 -9216.000 4000.000
v -18001.000 -9288.000 4000.000
v -18001.000 -9360.000 4000.000
v -18001.000 -9432.000 4000.000
v -18001.000 -9504.000 4000.000
v -18001.000 -9576.000 4000.000
v -18001.000 -9648.000 4000.000
v -18001.000 -9720.000 4000.000
v -18001.000 -9792.000 4000.000
v -18001.000 -9864.000 4000.000
v -18001.000 -9936.000 4000.000
v -18001.000 -10008.000 4000.000
v -18001.000 -10080.000 4000.000
v -18001.000 -10152.000 4000.000
v -18001.000 -10224.000 4000.000
v -18001.000 -10296.000 4000.000
v -18001.000 -10368.000 4000.000
v -18001.000 -10440.000 4000.000
v -18001.000 -10512.000 4000.000
v -18001.000 -10584.000 4000.000
v -18001.000 -10656.000 4000.000
v -18001.000 -10728.000 4000.000
v -18001.000 -10800.000 4000.000
v -18001.000 -10872.000 4000.000
v -18001.000 -10944.000 4000.000
v -18001.000 -11016.000 4000.000
v -18001.000 -11088.000 4000.000
v -18001.000 -11160.000 4000.000
v -18001.000 -11232.000 4000.000
v -18001.000 -11304.000 4000.000
v -18001.000 -11376.000 4000.000
v -18001.000 -11448.000 4000.000
v -18001.000 -11520.000 4000.000
v -18001.000 -11592.000 4000.000
v -18001.000 -11664.000 4000.000
v -18001.000 -11736.000 4000.000
v -18001.000 -11808.000 4000.000
v -18001.000 -11880.000 4000.000
v -18001.000 -11952.000 4000.000
v -18001.000 -12024.000 4000.000
v -18001.000 -12096.000 4000.000
v -18001.000 -12168.000 4000.000
v -18001.000 -12240.000 4000.000
v -18001.000 -12312.000 4000.000
v -18001.000 -12384.000 4000.000
v -18001.000 -12456.000 4000.000
v -18001.000 -12528.000 4000.000
v -18001.000 -12600.000 4000.000
v -18001.000 -12672.000 4000.000
v -18001.000 -12744.000 4000.000
v -18001.000 -12816.000 4000.000
v -18001.000 -12888.000 4000.000
v -18001.000 -12960.000 4000.000
v -18001.000 -13032.000 4000.000
v -18001.000 -13104.000 4000.000
v -18001.000 -13176.000 4000.000
v -18001.000 -13248.000 4000.000
v -18001.000 -13320.000 4000.000
v -18001.000 -13392.000 4000.000
v -18001.000 -13464.000 4000.000
v -18001.000 -13536.000 4000.000
v -18001.000 -13608.000 4000.000
v -18001.000 -13680.000 4000.000
v -18001.000 -13752.000 4000.000
v -18001.000 -13824.000 4000.000
v -18001.000 -13896.000 4000.000
v -18001.000 -13968.000 4000.000
v -18001.000 -14040.000 4000.000
v -18001.000 -14112.000 4000.000
v -18001.000 -14184.000 4000.000
v -18001.000 -14256.000 4000.000
v -18001.000 -14328.000 4000.000
v -18001.000 -14400.000 4000.000
v -18001.000 -14472.000 4000.000
v -18001.000 -14544.000 4000.000
v -18001.000 -14616.000 4000.000
v -18001.000 -14688.000 4000.000
v -18001.000 -14760.000 4000.000
v -18001.000 -14832.000 4000.000
v -18001.000 -14904.000 4000.000
v -18001.000 -14976.000 4000.000
v -18001.000 -15048.000 4000.000
v -18001.000 -15120.000 4000.000
v -18001.000 -15192.000 4000.000
v -18001.000 -15264.000 4000.000
v -18001.000 -15336.000 4000.000
v -18001.000 -15408.000 4000.000
v -18001.000 -15480.000 4000.000
v -18001.000 -15552.000 4000.000
v -18001.000 -15624.000 4000.000
v -18001.000 -15696.000 4000.000
v -18001.000 -15768.000 4000.000
v -18001.000 -15840.000 4000.000
v -18001.000 -15912.000 4000.000
v -18001.000 -15984.000 4000.000
v -18001.000 -16056.000 4000.000
v -18001.000 -16128.000 4000.000
v -18001.000 -16200.000 4000.000
v -18001.000 -16272.000 4000.000
v -18001.000 -16344.000 4000.000
v -18001.000 -16416.000 4000.000
v -18001.000 -16488.000 4000.000
v -18001.000 -16560.000 4000.000
v -18001.000 -16632.000 4000.000
v -18001.000 -16704.000 4000.000
v -18001.000 -16776.000 4000.000
v -18001.000 -16848.000 4000.000
v -18001.000 -16920.000 4000.000
v -18001.000 -16992.000 4000.000
v -18001.000 -17064.000 4000.000
v -18001.000 -17136.000 4000.000
v -18001.000 -17208.000 4000.000
v -18001.000 -17280.000 4000.000
v -18001.000 -17352.000 4000.000
v -18001.000 -17424.000 4000.000
v -18001.000 -17496.000 4000.000
v -18001.000 -17568.000 4000.000
v -18001.000 -17640.000 4000.000
v -18001.000 -17712.000 4000.000
v -18001.000 -17784.000 4000.000
v -18001.000 -17856.000 4000.000
v -18001.000 -17928.000 4000.000
v -18001.000 -18000.000 4000.000
v -18001.000 -18072.000 4000.000
v -18001.000 -18144.000 4000.000
v -18001.000 -18216.000 4000.000
v -18001.000 -18288.000 4000.000
v -18001.000 -18360.000 4000.000
v -18001.000 -18432.000 4000.000
v -18001.000 -18504.000 4000.000
v -18001.000 -18576.000 4000.000
v -18001.000 -18648.000 4000.000
v -18001.000 -18720.000 4000.000
v -18001.000 -18792.000 4000.000
v -18001.000 -18864.000 4000.000
v -18001.000 -18936.000 4000.000
v -18001.000 -19008.000 4000.000
v -18001.000 -19080.000 4000.000
v -18001.000 -19152.000 4000.000
v -18001.000 -19224.000 4000.000
v -18001.000 -19296.000 4000.000
v -18001.000 -19368.000 4000.000
v -18001.000 -19440.000 4000.000
v -18001.000 -19512.000 4000.000
v -18001.000 -19584.000 4000.000
v -18001.000 -19656.000 4000.000
v -18001.000 -19728.000 4000.000
v -18001.000 -19800.000 4000.000
v -18001.000 -19872.000 4000.000
v -18001.000 -19944.000 4000.000
v -18001.000 -20016.000 4000.000
v -18001.000 -20088.000 4000.000
v -18001.000 -20160.000 4000.000
v -18001.000 -20232.000 4000.000
v -18001.000 -20304.000 4000.000
v -18001.000 -20376.000 4000.000
v -18001.000 -20448.000 4000.000
v -18001.000 -20520.000 4000.000
v -18001.000 -20592.000 4000.000
v -18001.000 -20664.000 4000.000
v -18001.000 -20736.000 4000.000
v -18001.000 -20808.000 4000.000
v -18001.000 -20880.000 4000.000
v -18001.000 -20952.000 4000.000
v -18001.000 -21024.000 4000.000
v -18001.000 -21096.000 4000.000
v -18001.000 -21168.000 4000.000
v -18001.000 -21240.000 4000.000
v -18001.000 -21312.000 4000.000
v -18001.000 -21384.000 4000.000
v -18001.000 -21456.000 4000.000
v -18001.000 -21528.000 4000.000
v -18001.000 -21600.000 4000.000
v -18001.000 -21672.000 4000.000
v -18001.000 -21744.000 4000.000
v -18001.000 -21816.000 4000.000
v -18001.000 -21888.000 4000.000
v -18001.000 -21960.000 4000.000
v -18001.000 -22032.000 4000.000
v -18001.000 -22104.000 4000.000
v -18001.000 -22176.000 4000.000
v -18001.000 -22248.000 4000.000
v -18001.000 -22320.000 4000.000
v -18001.000 -22392.000 4000.000
v -18001.000 -22464.000 4000.000
v -18001.000 -22536.000 4000.000
v -18001.000 -22608.000 4000.000
v -18001.000 -22680.000 4000.000
v -18001.000 -22752.000 4000.000
v -18001.000 -22824.000 4000.000
v -18001.000 -22896.000 4000.000
v -18001.000 -22968.000 4000.000
v -18001.000 -23040.000 4000.000
v -18001.000 -23112.000 4000.000
v -18001.000 -23184.000 4000.000
v -18001.000 -23256.000 4000.000
v -18001.000 -23328.000 4000.000
v -18001.000 -23400.000 4000.000
v -18001.000 -23472.000 4000.000
v -18001.000 -23544.000 4000.000
v -18001.000 -23616.000 4000.000
v -18001.000 -23688.000 4000.000
v -18001.000 -23760.000 4000.000
v -18001.000 -23832.000 4000.000
v -18001.000 -23904.000 4000.000
v -18001.000 -23976.000 4000.000
v -18001.000 -24048.000 4000.000
v -18001.000 -24120.000 4000.000
v -18001.000 -24192.000 4000.000
v -18001.000 -24264.000 4000.000
v -18001.000 -24336.000 4000.000
v -18001.000 -24408.000 4000.000
v -18001.000 -24480.000 4000.000
l 8677 8678 8679 8680 8681 8682 8683 8684 8685 8686 8687 8688 8689 8690 8691 8692 8693 8694 8695 8696 8697 8698 8699 8700 8701 8702 8703 8704 8705 8706 8707 8708 8709 8710 8711 8712 8713 8714 8715 8716 8717 8718 8719 8720 8721 8722 8723 8724 8725 8726 8727 8728 8729 8730 8731 8732 8733 8734 8735 8736 8737 8738 8739 8740 8741 8742 8743 8744 8745 8746 8747 8748 8749 8750 8751 8752 8753 8754 8755 8756 8757 8758 8759 8760 8761 8762 8763 8764 8765 8766 8767 8768 8769 8770 8771 8772 8773 8774 8775 8776 8777 8778 8779 8780 8781 8782 8783 8784 8785 8786 8787 8788 8789 8790 8791 8792 8793 8794 8795 8796 8797 8798 8799 8800 8801 8802 8803 8804 8805 8806 8807 8808 8809 8810 8811 8812 8813 8814 8815 8816 8817 8818 8819 8820 8821 8822 8823 8824 8825 8826 8827 8828 8829 8830 8831 8832 8833 8834 8835 8836 8837 8838 8839 8840 8841 8842 8843 8844 8845 8846 8847 8848 8849 8850 8851 8852 8853 8854 8855 8856 8857 8858 8859 8860 8861 8862 8863 8864 8865 8866 8867 8868 8869 8870 8871 8872 8873 8874 8875 8876 8877 8878 8879 8880 8881 8882 8883 8884 8885 8886 8887 8888 8889 8890 8891 8892 8893 8894 8895 8896 8897 8898 8899 8900 8901 8902 8903 8904 8905 8906 8907 8908 8909 8910 8911 8912 8913 8914 8915 8916 8917 8918 8919 8920 8921 8922 8923 8924 8925 8926 8927 8928 8929 8930 8931 8932 8933 8934 8935 8936 8937 8938 8939 8940 8941 8942 8943 8944 8945 8946 8947 8948 8949 8950 8951 8952 8953 8954 8955 8956 8957 8958 8959 8960 8961 8962 8963 8964 8965 8966 8967 8968 8969 8970 8971 8972 8973 8974 8975 8976 8977 8978 8979 8980 8981 8982 8983 8984 8985 8986 8987 8988 8989 8990 8991 8992 8993 8994 8995 8996 8997 8998 8999 9000 9001 9002 9003 9004 9005 9006 9007 9008 9009 9010 9011 9012 9013 9014 9015 9016 9017 9018 9019 9020 9021 9022 9023 9024 9025 9026 9027 9028 9029 9030 9031 9032 9033 9034 9035 9036 9037 9038 9039 9040 9041 9042 9043 9044 9045 9046 9047 9048 9049 9050 9051 9052 9053 9054 9055 9056 9057 9058 9059 9060 9061 9062 9063 9064 9065 9066 9067 9068 9069 9070 9071 9072 9073 9074 9075 9076 9077 9078 9079 9080 9081 9082 9083 9084 9085 9086 9087 9088 9089 9090 9091 9092 9093 9094 9095 9096 9097 9098 9099 9100 9101 9102 9103 9104 9105 9106 9107 9108 9109 9110 9111 9112 9113 9114 9115 9116 9117 9118 9119 9120 9121 9122 9123 9124 9125 9126 9127 9128 9129 9130 9131 9132 9133 9134 9135 9136 9137 9138 9139 9140 9141 9142 9143 9144 9145 9146 9147 9148 9149 9150 9151 9152 9153 9154 9155 9156 9157 9158 9159 9160 9161 9162 9163 9164 9165 9166 9167 9168 9169 9170 9171 9172 9173 9174 9175 9176 9177 9178 9179 9180 9181 9182 9183 9184 9185 9186 9187 9188 9189
v -18001.000 12384.000 4500.000
v -18001.000 12312.000 4500.000
v -18001.000 12240.000 4500.000
v -18001.000 12168.000 4500.000
v -18001.000 12096.000 4500.000
v -18001.000 12024.000 4500.000
v -18001.000 11952.000 4500.000
v -18001.000 11880.000 4500.000
v -18001.000 11808.000 4500.000
v -18001.000 11736.000 4500.000
v -18001.000 11664.000 4500.000
v -18001.000 11592.000 4500.000
v -18001.000 11520.000 4500.000
v -18001.000 11448.000 4500.000
v -18001.000 11376.000 4500.000
v -18001.000 11304.000 4500.000
v -18001.000 11232.000 4500.000
v -18001.000 11160.000 4500.000
v -18001.000 11088.000 4500.000
v -18001.000 11016.000 4500.000
v -18001.000 10944.000 4500.000
v -18001.000 10872.000 4500.000
v -18001.000 10800.000 4500.000
v -18001.000 10728.000 4500.000
v -18001.000 10656.000 4500.000
v -18001.000 10584.000 4500.000
v -18001.000 10512.000 4500.000
v -18001.000 10440.000 4500.000
v -18001.000 10368.000 4500.000
v -18001.000 10296.000 4500.000
v -18001.000 10224.000 4500.000
v -18001.000 10152.000 4500.000
v -18001.000 10080.000 4500.000
v -18001.000 10008.000 4500.000
v -18001.000 9936.000 4500.000
v -18001.000 9864.000 4500.000
v -18001.000 9792.000 4500.000
v -18001.000 9720.000 4500.000
v -18001.000 9648.000 4500.000
v -18001.000 9576.000 4500.000
v -18001.000 9504.000 4500.000
v -18001.000 9432.000 4500.000
v -18001.000 9360.000 4500.000
v -18001.000 9288.000 4500.000
v -18001.000 9216.000 4500.000
v -18001.000 9144.000 4500.000
v -18001.000 9072.000 4500.000
v -18001.000 9000.000 4500.000
v -18001.000 8928.000 4500.000
v -18001.000 8856.000 4500.000
v -18001.000 8784.000 4500.000
v -18001.000 8712.000 4500.000
v -18001.000 8640.000 4500.000
v -18001.000 8568.000 4500.000
v -18001.000 8496.000 4500.000
v -18001.000 8424.000 4500.000
v -18001.000 8352.000 4500.000
v -18001.000 8280.000 4500.000
v -18001.000 8208.000 4500.000
v -18001.000 8136.000 4500.000
v -18001.000 8064.000 4500.000
v -18001.000 7992.000 4500.000
v -18001.000 7920.000 4500.000
v -18001.000 7848.000 4500.000
v -18001.000 7776.000 4500.000
v -18001.000 7704.000 4500.000
v -18001.000 7632.000 4500.000
v -18001.000 7560.000 4500.000
v -18001.000 7488.000 4500.000
v -18001.000 7416.000 4500.000
v -18001.000 7344.000 4500.000
v -18001.000 7272.000 4500.000
v -18001.000 7200.000 4500.000
v -18001.000 7128.000 4500.000
v -18001.000 7056.000 4500.000
v -18001.000 6984.000 4500.000
v -18001.000 6912.000 4500.000
v -18001.000 6840.000 4500.000
v -18001.000 6768.000 4500.000
v -18001.000 6696.000 4500.000
v -18001.000 6624.000 4500.000
v -18001.000 6552.000 4500.000
v -18001.000 6480.000 4500.000
v -18001.000 6408.000 4500.000
l 9190 9191 9192 9193 9194 9195 9196 9197 9198 9199 9200 9201 9202 9203 9204 9205 9206 9207 9208 9209 9210 9211 9212 9213 9214 9215 9216 9217 9218 9219 9220 9221 9222 9223 9224 9225 9226 9227 9228 9229 9230 9231 9232 9233 9234 9235 9236 9237 9238 9239 9240 9241 9242 9243 9244 9245 9246 9247 9248 9249 9250 9251 9252 9253 9254 9255 9256 9257 9258 9259 9260 9261 9262 9263 9264 9265 9266 9267 9268 9269 9270 9271 9272 9273
v -18001.000 4752.000 4500.000
v -18001.000 4680.000 4500.000
v -18001.000 4608.000 4500.000
v -18001.000 4536.000 4500.000
v -18001.000 4464.000 4500.000
v -18001.000 4392.000 4500.000
v -18001.000 4320.000 4500.000
v -18001.000 4248.000 4500.000
v -18001.000 4176.000 4500.000
v -18001.000 4104.000 4500.000
v -18001.000 4032.000 4500.000
v -18001.000 3960.000 4500.000
v -18001.000 3888.000 4500.000
v -18001.000 3816.000 4500.000
v -18001.000 3744.000 4500.000
v -18001.000 3672.000 4500.000
v -18001.000 3600.000 4500.000
v -18001.000 3528.000 4500.000
v -18001.000 3456.000 4500.000
v -18001.000 3384.000 4500.000
v -18001.000 3312.000 4500.000
v -18001.000 3240.000 4500.000
v -18001.000 3168.000 4500.000
v -18001.000 3096.000 4500.000
v -18001.000 3024.000 4500.000
v -18001.000 2952.000 4500.000
v -18001.000 2880.000 4500.000
v -18001.000 2808.000 4500.000
v -18001.000 2736.000 4500.000
v -18001.000 2664.000 4500.000
v -18001.000 2592.000 4500.000
v -18001.000 2520.000 4500.000
v -18001.000 2448.000 4500.000
v -18001.000 2376.000 4500.000
v -18001.000 2304.000 4500.000
v -18001.000 2232.000 4500.000
v -18001.000 2160.000 4500.000
v -18001.000 2088.000 4500.000
v -18001.000 2016.000 4500.000
v -18001.000 1944.000 4500.000
v -18001.000 1872.000 4500.000
v -18001.000 1800.000 4500.000
v -18001.000 1728.000 4500.000
v -18001.000 1656.000 4500.000
v -18001.000 1584.000 4500.000
v -18001.000 1512.000 4500.000
v -18001.000 1440.000 4500.000
v -18001.000 1368.000 4500.000
v -18001.000 1296.000 4500.000
v -18001.000 1224.000 4500.000
v -18001.000 1152.000 4500.000
v -18001.000 1080.000 4500.000
v -18001.000 1008.000 4500.000
v -18001.000 936.000 4500.000
v -18001.000 864.000 4500.000
v -18001.000 792.000 4500.000
v -18001.000 720.000 4500.000
v -18001.000 648.000 4500.000
v -18001.000 576.000 4500.000
v -18001.000 504.000 4500.000
v -18001.000 432.000 4500.000
v -18001.000 360.000 4500.000
v -18001.000 288.000 4500.000
v -18001.000 216.000 4500.000
v -18001.000 144.000 4500.000
v -18001.000 72.000 4500.000
v -18001.000 0.000 4500.000
v -18001.000 -72.000 4500.000
v -18001.000 -144.000 4500.000
v -18001.000 -216.000 4500.000
v -18001.000 -288.000 4500.000
v -18001.000 -360.000 4500.000
v -18001.000 -432.000 4500.000
v -18001.000 -504.000 4500.000
v -18001.000 -576.000 4500.000
v -18001.000 -648.000 4500.000
v -18001.000 -720.000 4500.000
v -18001.000 -792.000 4500.000
v -18001.000 -864.000 4500.000
v -18001.000 -936.000 4500.000
v -18001.000 -1008.000 4500.000
v -18001.000 -1080.000 4500.000
v -18001.000 -1152.000 4500.000
v -18001.000 -1224.000 4500.000
v -18001.000 -1296.000 4500.000
v -18001.000 -1368.000 4500.000
v -18001.000 -1440.000 4500.000
v -18001.000 -1512.000 4500.000
v -18001.000 -1584.000 4500.000
v -18001.000 -1656.000 4500.000
v -18001.000 -1728.000 4500.000
v -18001.000 -1800.000 4500.000
v -18001.000 -1872.000 4500.000
v -18001.000 -1944.000 4500.000
v -18001.000 -2016.000 4500.000
v -18001.000 -2088.000 4500.000
v -18001.000 -2160.000 4500.000
v -18001.000 -2232.000 4500.000
v -18001.000 -2304.000 4500.000
v -18001.000 -2376.000 4500.000
v -18001.000 -2448.000 4500.000
v -18001.000 -2520.000 4500.000
v -18001.000 -2592.000 4500.000
v -18001.000 -2664.000 4500.000
v -18001.000 -2736.000 4500.000
v -18001.000 -2808.000 4500.000
v -18001.000 -2880.000 4500.000
v -18001.000 -2952.000 4500.000
v -18001.000 -3024.000 4500.000
v -18001.000 -3096.000 4500.000
v -18001.000 -3168.000 4500.000
v -18001.000 -3240.000 4500.000
v -18001.000 -3312.000 4500.000
v -18001.000 -3384.000 4500.000
v -18001.000 -3456.000 4500.000
v -18001.000 -3528.000 4500.000
v -18001.000 -3600.000 4500.000
v -18001.000 -3672.000 4500.000
v -18001.000 -3744.000 4500.000
v -18001.000 -3816.000 4500.000
v -18001.000 -3888.000 4500.000
v -18001.000 -3960.000 4500.000
v -18001.000 -4032.000 4500.000
v -18001.000 -4104.000 4500.000
v -18001.000 -4176.000 4500.000
v -18001.000 -4248.000 4500.000
v -18001.000 -4320.000 4500.000
v -18001.000 -4392.000 4500.000
v -18001.000 -4464.000 4500.000
v -18001.000 -4536.000 4500.000
v -18001.000 -4608.000 4500.000
v -18001.000 -4680.000 4500.000
v -18001.000 -4752.000 4500.000
v -18001.000 -4824.000 4500.000
v -18001.000 -4896.000 4500.000
v -18001.000 -4968.000 4500.000
v -18001.000 -5040.000 4500.000
v -18001.000 -5112.000 4500.000
v -18001.000 -5184.000 4500.000
v -18001.000 -5256.000 4500.000
v -18001.000 -5328.000 4500.000
v -18001.000 -5400.000 4500.000
v -18001.000 -5472.000 4500.000
v -18001.000 -5544.000 4500.000
v -18001.000 -5616.000 4500.000
v -18001.000 -5688.000 4500.000
v -18001.000 -5760.000 4500.000
v -18001.000 -5832.000 4500.000
v -18001.000 -5904.000 4500.000
v -18001.000 -5976.000 4500.000
v -18001.000 -6048.000 4500.000
v -18001.000 -6120.000 4500.000
v -18001.000 -6192.000 4500.000
v -18001.000 -6264.000 4500.000
v -18001.000 -6336.000 4500.000
v -18001.000 -6408.000 4500.000
v -18001.000 -6480.000 4500.000
v -18001.000 -6552.000 4500.000
v -18001.000 -6624.000 4500.000
v -18001.000 -6696.000 4500.000
v -18001.000 -6768.000 4500.000
v -18001.000 -6840.000 4500.000
v -18001.000 -6912.000 4500.000
v -18001.000 -6984.000 4500.000
v -18001.000 -7056.000 4500.000
v -18001.000 -7128.000 4500.000
v -18001.000 -7200.000 4500.000
v -18001.000 -7272.000 4500.000
v -18001.000 -7344.000 4500.000
v -18001.000 -7416.000 4500.000
v -18001.000 -7488.000 4500.000
v -18001.000 -7560.000 4500.000
v -18001.000 -7632.000 4500.000
v -18001.000 -7704.000 4500.000
v -18001.000 -7776.000 4500.000
v -18001.000 -7848.000 4500.000
v -18001.000 -7920.000 4500.000
v -18001.000 -7992.000 4500.000
v -18001.000 -8064.000 4500.000
v -18001.000 -8136.000 4500.000
v -18001.000 -8208.000 4500.000
v -18001.000 -8280.000 4500.000
v -18001.000 -8352.000 4500.000
v -18001.000 -8424.000 4500.000
v -18001.000 -8496.000 4500.000
v -18001.000 -8568.000 4500.000
v -18001.000 -8640.000 4500.000
v -18001.000 -8712.000 4500.000
v -18001.000 -8784.000 4500.000
v -18001.000 -8856.000 4500.000
v -18001.000 -8928.000 4500.000
v -18001.000 -9000.000 4500.000
v -18001.000 -9072.000 4500.000
v -18001.000 -9144.000 4500.000
v -18001.000 -9216.000 4500.000
v -18001.000 -9288.000 4500.000
v -18001.000 -9360.000 4500.000
v -18001.000 -9432.000 4500.000
v -18001.000 -9504.000 4500.000
v -18001.000 -9576.000 4500.000
v -18001.000 -9648.000 4500.000
v -18001.000 -9720.000 4500.000
v -18001.000 -9792.000 4500.000
v -18001.000 -9864.000 4500.000
v -18001.000 -9936.000 4500.000
v -18001.000 -10008.000 4500.000
v -18001.000 -10080.000 4500.000
v -18001.000 -10152.000 4500.000
v -18001.000 -10224.000 4500.000
v -18001.000 -10296.000 4500.000
v -18001.000 -10368.000 4500.000
v -18001.000 -10440.000 4500.000
v -18001.000 -10512.000 4500.000
v -18001.000 -10584.000 4500.000
v -18001.000 -10656.000 4500.000
v -18001.000 -10728.000 4500.000
v -18001.000 -10800.000 4500.000
v -18001.000 -10872.000 4500.000
v -18001.000 -10944.000 4500.000
l 9274 9275 9276 9277 9278 9279 9280 9281 9282 9283 9284 9285 9286 9287 9288 9289 9290 9291 9292 9293 9294 9295 9296 9297 9298 9299 9300 9301 9302 9303 9304 9305 9306 9307 9308 9309 9310 9311 9312 9313 9314 9315 9316 9317 9318 9319 9320 9321 9322 9323 9324 9325 9326 9327 9328 9329 9330 9331 9332 9333 9334 9335 9336 9337 9338 9339 9340 9341 9342 9343 9344 9345 9346 9347 9348 9349 9350 9351 9352 9353 9354 9355 9356 9357 9358 9359 9360 9361 9362 9363 9364 9365 9366 9367 9368 9369 9370 9371 9372 9373 9374 9375 9376 9377 9378 9379 9380 9381 9382 9383 9384 9385 9386 9387 9388 9389 9390 9391 9392 9393 9394 9395 9396 9397 9398 9399 9400 9401 9402 9403 9404 9405 9406 9407 9408 9409 9410 9411 9412 9413 9414 9415 9416 9417 9418 9419 9420 9421 9422 9423 9424 9425 9426 9427 9428 9429 9430 9431 9432 9433 9434 9435 9436 9437 9438 9439 9440 9441 9442 9443 9444 9445 9446 9447 9448 9449 9450 9451 9452 9453 9454 9455 9456 9457 9458 9459 9460 9461 9462 9463 9464 9465 9466 9467 9468 9469 9470 9471 9472 9473 9474 9475 9476 9477 9478 9479 9480 9481 9482 9483 9484 9485 9486 9487 9488 9489 9490 9491 9492
v -18001.000 -11160.000 4500.000
v -18001.000 -11232.000 4500.000
v -18001.000 -11304.000 4500.000
v -18001.000 -11376.000 4500.000
v -18001.000 -11448.000 4500.000
v -18001.000 -11520.000 4500.000
v -18001.000 -11592.000 4500.000
l 9493 9494 9495 9496 9497 9498 9499
v -18001.000 -19800.000 4500.000
v -18001.000 -19872.000 4500.000
l 9500 9501
v -18001.000 -22896.000 4500.000
v -18001.000 -22968.000 4500.000
v -18001.000 -23040.000 4500.000
v -18001.000 -23112.000 4500.000
v -18001.000 -23184.000 4500.000
v -18001.000 -23256.000 4500.000
v -18001.000 -23328.000 4500.000
v -18001.000 -23400.000 4500.000
v -18001.000 -23472.000 4500.000
v -18001.000 -23544.000 4500.000
v -18001.000 -23616.000 4500.000
v -18001.000 -23688.000 4500.000
v -18001.000 -23760.000 4500.000
v -18001.000 -23832.000 4500.000
v -18001.000 -23904.000 4500.000
v -18001.000 -23976.000 4500.000
v -18001.000 -24048.000 4500.000
v -18001.000 -24120.000 4500.000
v -18001.000 -24192.000 4500.000
v -18001.000 -24264.000 4500.000
v -18001.000 -24336.000 4500.000
v -18001.000 -24408.000 4500.000
v -18001.000 -24480.000 4500.000
l 9502 9503 9504 9505 9506 9507 9508 9509 9510 9511 9512 9513 9514 9515 9516 9517 9518 9519 9520 9521 9522 9523 9524
v -18001.000 12384.000 5000.000
v -18001.000 12312.000 5000.000
v -18001.000 12240.000 5000.000
v -18001.000 12168.000 5000.000
v -18001.000 12096.000 5000.000
v -18001.000 12024.000 5000.000
v -18001.000 11952.000 5000.000
v -18001.000 11880.000 5000.000
v -18001.000 11808.000 5000.000
v -18001.000 11736.000 5000.000
v -18001.000 11664.000 5000.000
v -18001.000 11592.000 5000.000
v -18001.000 11520.000 5000.000
v -18001.000 11448.000 5000.000
v -18001.000 11376.000 5000.000
v -18001.000 11304.000 5000.000
v -18001.000 11232.000 5000.000
v -18001.000 11160.000 5000.000
l 9525 9526 9527 9528 9529 9530 9531 9532 9533 9534 9535 9536 9537 9538 9539 9540 9541 9542
v -18001.000 10800.000 5000.000
v -18001.000 10728.000 5000.000
v -18001.000 10656.000 5000.000
v -18001.000 10584.000 5000.000
v -18001.000 10512.000 5000.000
v -18001.000 10440.000 5000.000
v -18001.000 10368.000 5000.000
v -18001.000 10296.000 5000.000
v -18001.000 10224.000 5000.000
v -18001.000 10152.000 5000.000
v -18001.000 10080.000 5000.000
v -18001.000 10008.000 5000.000
v -18001.000 9936.000 5000.000
v -18001.000 9864.000 5000.000
v -18001.000 9792.000 5000.000
v -18001.000 9720.000 5000.000
v -18001.000 9648.000 5000.000
v -18001.000 9576.000 5000.000
v -18001.000 9504.000 5000.000
v -18001.000 9432.000 5000.000
v -18001.000 9360.000 5000.000
v -18001.000 9288.000 5000.000
v -18001.000 9216.000 5000.000
v -18001.000 9144.000 5000.000
v -18001.000 9072.000 5000.000
v -18001.000 9000.000 5000.000
v -18001.000 8928.000 5000.000
v -18001.000 8856.000 5000.000
v -18001.000 8784.000 5000.000
v -18001.000 8712.000 5000.000
v -18001.000 8640.000 5000.000
v -18001.000 8568.000 5000.000
v -18001.000 8496.000 5000.000
v -18001.000 8424.000 5000.000
v -18001.000 8352.000 5000.000
v -18001.000 8280.000 5000.000
v -18001.000 8208.000 5000.000
v -18001.000 8136.000 5000.000
v -18001.000 8064.000 5000.000
v -18001.000 7992.000 5000.000
v -18001.000 7920.000 5000.000
v -18001.000 7848.000 5000.000
v -18001.000 7776.000 5000.000
v -18001.000 7704.000 5000.000
v -18001.000 7632.000 5000.000
v -18001.000 7560.000 5000.000
v -18001.000 7488.000 5000.000
l 9543 9544 9545 9546 9547 9548 9549 9550 9551 9552 9553 9554 9555 9556 9557 9558 9559 9560 9561 9562 9563 9564 9565 9566 9567 9568 9569 9570 9571 9572 9573 9574 9575 9576 9577 9578 9579 9580 9581 9582 9583 9584 9585 9586 9587 9588 9589
v -18001.000 3312.000 5000.000
v -18001.000 3240.000 5000.000
v -18001.000 3168.000 5000.000
v -18001.000 3096.000 5000.000
v -18001.000 3024.000 5000.000
v -18001.000 2952.000 5000.000
v -18001.000 2880.000 5000.000
v -18001.000 2808.000 5000.000
v -18001.000 2736.000 5000.000
v -18001.000 2664.000 5000.000
v -18001.000 2592.000 5000.000
v -18001.000 2520.000 5000.000
v -18001.000 2448.000 5000.000
v -18001.000 2376.000 5000.000
v -18001.000 2304.000 5000.000
v -18001.000 2232.000 5000.000
v -18001.000 2160.000 5000.000
v -18001.000 2088.000 5000.000
v -18001.000 2016.000 5000.000
v -18001.000 1944.000 5000.000
v -18001.000 1872.000 5000.000
l 9590 9591 9592 9593 9594 9595 9596 9597 9598 9599 9600 9601 9602 9603 9604 9605 9606 9607 9608 9609 9610
v -18001.000 1008.000 5000.000
v -18001.000 936.000 5000.000
v -18001.000 864.000 5000.000
v -18001.000 792.000 5000.000
v -18001.000 720.000 5000.000
v -18001.000 648.000 5000.000
v -18001.000 576.000 5000.000
v -18001.000 504.000 5000.000
v -18001.000 432.000 5000.000
v -18001.000 360.000 5000.000
v -18001.000 288.000 5000.000
v -18001.000 216.000 5000.000
v -18001.000 144.000 5000.000
v -18001.000 72.000 5000.000
v -18001.000 0.000 5000.000
v -18001.000 -72.000 5000.000
v -18001.000 -144.000 5000.000
v -18001.000 -216.000 5000.000
v -18001.000 -288.000 5000.000
v -18001.000 -360.000 5000.000
v -18001.000 -432.000 5000.000
v -18001.000 -504.000 5000.000
v -18001.000 -576.000 5000.000
v -18001.000 -648.000 5000.000
v -18001.000 -720.000 5000.000
v -18001.000 -792.000 5000.000
v -18001.000 -864.000 5000.000
v -18001.000 -936.000 5000.000
v -18001.000 -1008.000 5000.000
v -18001.000 -1080.000 5000.000
v -18001.000 -1152.000 5000.000
v -18001.000 -1224.000 5000.000
v -18001.000 -1296.000 5000.000
v -18001.000 -1368.000 5000.000
v -18001.000 -1440.000 5000.000
v -18001.000 -1512.000 5000.000
v -18001.000 -1584.000 5000.000
v -18001.000 -1656.000 5000.000
v -18001.000 -1728.000 5000.000
v -18001.000 -1800.000 5000.000
v -18001.000 -1872.000 5000.000
v -18001.000 -1944.000 5000.000
v -18001.000 -2016.000 5000.000
v -18001.000 -2088.000 5000.000
v -18001.000 -2160.000 5000.000
v -18001.000 -2232.000 5000.000
v -18001.000 -2304.000 5000.000
v -18001.000 -2376.000 5000.000
v -18001.000 -2448.000 5000.000
v -18001.000 -2520.000 5000.000
v -18001.000 -2592.000 5000.000
v -18001.000 -2664.000 5000.000
v -18001.000 -2736.000 5000.000
v -18001.000 -2808.000 5000.000
v -18001.000 -2880.000 5000.000
v -18001.000 -2952.000 5000.000
v -18001.000 -3024.000 5000.000
v -18001.000 -3096.000 5000.000
v -18001.000 -3168.000 5000.000
v -18001.000 -3240.000 5000.000
v -18001.000 -3312.000 5000.000
v -18001.000 -3384.000 5000.000
v -18001.000 -3456.000 5000.000
v -18001.000 -3528.000 5000.000
v -18001.000 -3600.000 5000.000
v -18001.000 -3672.000 5000.000
v -18001.000 -3744.000 5000.000
v -18001.000 -3816.000 5000.000
v -18001.000 -3888.000 5000.000
v -18001.000 -3960.000 5000.000
v -18001.000 -4032.000 5000.000
v -18001.000 -4104.000 5000.000
v -18001.000 -4176.000 5000.000
v -18001.000 -4248.000 5000.000
v -18001.000 -4320.000 5000.000
v -18001.000 -4392.000 5000.000
v -18001.000 -4464.000 5000.000
v -18001.000 -4536.000 5000.000
v -18001.000 -4608.000 5000.000
v -18001.000 -4680.000 5000.000
v -18001.000 -4752.000 5000.000
v -18001.000 -4824.000 5000.000
v -18001.000 -4896.000 5000.000
v -18001.000 -4968.000 5000.000
v -18001.000 -5040.000 5000.000
v -18001.000 -5112.000 5000.000
v -18001.000 -5184.000 5000.000
v -18001.000 -5256.000 5000.000
v -18001.000 -5328.000 5000.000
v -18001.000 -5400.000 5000.000
v -18001.000 -5472.000 5000.000
v -18001.000 -5544.000 5000.000
v -18001.000 -5616.000 5000.000
v -18001.000 -5688.000 5000.000
v -18001.000 -5760.000 5000.000
v -18001.000 -5832.000 5000.000
v -18001.000 -5904.000 5000.000
v -18001.000 -5976.000 5000.000
v -18001.000 -6048.000 5000.000
v -18001.000 -6120.000 5000.000
v -18001.000 -6192.000 5000.000
v -18001.000 -6264.000 5000.000
v -18001.000 -6336.000 5000.000
v -18001.000 -6408.000 5000.000
v -18001.000 -6480.000 5000.000
v -18001.000 -6552.000 5000.000
v -18001.000 -6624.000 5000.000
v -18001.000 -6696.000 5000.000
v -18001.000 -6768.000 5000.000
v -18001.000 -6840.000 5000.000
v -18001.000 -6912.000 5000.000
v -18001.000 -6984.000 5000.000
v -18001.000 -7056.000 5000.000
v -18001.000 -7128.000 5000.000
v -18001.000 -7200.000 5000.000
v -18001.000 -7272.000 5000.000
v -18001.000 -7344.000 5000.000
v -18001.000 -7416.000 5000.000
v -18001.000 -7488.000 5000.000
v -18001.000 -7560.000 5000.000
v -18001.000 -7632.000 5000.000
v -18001.000 -7704.000 5000.000
v -18001.000 -7776.000 5000.000
v -18001.000 -7848.000 5000.000
v -18001.000 -7920.000 5000.000
v -18001.000 -7992.000 5000.000
v -18001.000 -8064.000 5000.000
v -18001.000 -8136.000 5000.000
v -18001.000 -8208.000 5000.000
v -18001.000 -8280.000 5000.000
v -18001.000 -8352.000 5000.000
v -18001.000 -8424.000 5000.000
v -18001.000 -8496.000 5000.000
v -18001.000 -8568.000 5000.000
v -18001.000 -8640.000 5000.000
v -18001.000 -8712.000 5000.000
v -18001.000 -8784.000 5000.000
v -18001.000 -8856.000 5000.000
v -18001.000 -8928.000 5000.000
v -18001.000 -9000.000 5000.000
v -18001.000 -9072.000 5000.000
v -18001.000 -9144.000 5000.000
v -18001.000 -9216.000 5000.000
v -18001.000 -9288.000 5000.000
v -18001.000 -9360.000 5000.000
v -18001.000 -9432.000 5000.000
v -18001.000 -9504.000 5000.000
v -18001.000 -9576.000 5000.000
l 9611 9612 9613 9614 9615 9616 9617 9618 9619 9620 9621 9622 9623 9624 9625 9626 9627 9628 9629 9630 9631 9632 9633 9634 9635 9636 9637 9638 9639 9640 9641 9642 9643 9644 9645 9646 9647 9648 9649 9650 9651 9652 9653 9654 9655 9656 9657 9658 9659 9660 9661 9662 9663 9664 9665 9666 9667 9668 9669 9670 9671 9672 9673 9674 9675 9676 9677 9678 9679 9680 9681 9682 9683 9684 9685 9686 9687 9688 9689 9690 9691 9692 9693 9694 9695 9696 9697 9698 9699 9700 9701 9702 9703 9704 9705 9706 9707 9708 9709 9710 9711 9712 9713 9714 9715 9716 9717 9718 9719 9720 9721 9722 9723 9724 9725 9726 9727 9728 9729 9730 9731 9732 9733 9734 9735 9736 9737 9738 9739 9740 9741 9742 9743 9744 9745 9746 9747 9748 9749 9750 9751 9752 9753 9754 9755 9756 9757 9758
v -18001.000 -23688.000 5000.000
v -18001.000 -23760.000 5000.000
v -18001.000 -23832.000 5000.000
v -18001.000 -23904.000 5000.000
v -18001.000 -23976.000 5000.000
v -18001.000 -24048.000 5000.000
v -18001.000 -24120.000 5000.000
v -18001.000 -24192.000 5000.000
v -18001.000 -24264.000 5000.000
v -18001.000 -24336.000 5000.000
v -18001.000 -24408.000 5000.000
v -18001.000 -24480.000 5000.000
l 9759 9760 9761 9762 9763 9764 9765 9766 9767 9768 9769 9770
v -18001.000 12384.000 5500.000
v -18001.000 12312.000 5500.000
v -18001.000 12240.000 5500.000
l 9771 9772 9773
v -18001.000 9288.000 5500.000
v -18001.000 9216.000 5500.000
v -18001.000 9144.000 5500.000
v -18001.000 9072.000 5500.000
v -18001.000 9000.000 5500.000
v -18001.000 8928.000 5500.000
l 9774 9775 9776 9777 9778 9779
v -18001.000 -3960.000 5500.000
v -18001.000 -4032.000 5500.000
v -18001.000 -4104.000 5500.000
v -18001.000 -4176.000 5500.000
v -18001.000 -4248.000 5500.000
v -18001.000 -4320.000 5500.000
v -18001.000 -4392.000 5500.000
v -18001.000 -4464.000 5500.000
v -18001.000 -4536.000 5500.000
v -18001.000 -4608.000 5500.000
v -18001.000 -4680.000 5500.000
v -18001.000 -4752.000 5500.000
v -18001.000 -4824.000 5500.000
v -18001.000 -4896.000 5500.000
v -18001.000 -4968.000 5500.000
v -18001.000 -5040.000 5500.000
v -18001.000 -5112.000 5500.000
v -18001.000 -5184.000 5500.000
v -18001.000 -5256.000 5500.000
v -18001.000 -5328.000 5500.000
v -18001.000 -5400.000 5500.000
v -18001.000 -5472.000 5500.000
v -18001.000 -5544.000 5500.000
v -18001.000 -5616.000 5500.000
v -18001.000 -5688.000 5500.000
v -18001.000 -5760.000 5500.000
v -18001.000 -5832.000 5500.000
v -18001.000 -5904.000 5500.000
v -18001.000 -5976.000 5500.000
v -18001.000 -6048.000 5500.000
v -18001.000 -6120.000 5500.000
v -18001.000 -6192.000 5500.000
v -18001.000 -6264.000 5500.000
v -18001.000 -6336.000 5500.000
v -18001.000 -6408.000 5500.000
v -18001.000 -6480.000 5500.000
v -18001.000 -6552.000 5500.000
v -18001.000 -6624.000 5500.000
v -18001.000 -6696.000 5500.000
v -18001.000 -6768.000 5500.000
v -18001.000 -6840.000 5500.000
v -18001.000 -6912.000 5500.000
v -18001.000 -6984.000 5500.000
v -18001.000 -7056.000 5500.000
v -18001.000 -7128.000 5500.000
v -18001.000 -7200.000 5500.000
l 9780 9781 9782 9783 9784 9785 9786 9787 9788 9789 9790 9791 9792 9793 9794 9795 9796 9797 9798 9799 9800 9801 9802 9803 9804 9805 9806 9807 9808 9809 9810 9811 9812 9813 9814 9815 9816 9817 9818 9819 9820 9821 9822 9823 9824 9825
v -18001.000 -7992.000 5500.000
v -18001.000 -8064.000 5500.000
v -18001.000 -8136.000 5500.000
v -18001.000 -8208.000 5500.000
v -18001.000 -8280.000 5500.000
v -18001.000 -8352.000 5500.000
v -18001.000 -8424.000 5500.000
v -18001.000 -8496.000 5500.000
v -18001.000 -8568.000 5500.000
v -18001.000 -8640.000 5500.000
v -18001.000 -8712.000 5500.000
v -18001.000 -8784.000 5500.000
v -18001.000 -8856.000 5500.000
v -18001.000 -8928.000 5500.000
l 9826 9827 9828 9829 9830 9831 9832 9833 9834 9835 9836 9837 9838 9839
v -18001.000 -24264.000 5500.000
v -18001.000 -24336.000 5500.000
v -18001.000 -24408.000 5500.000
v -18001.000 -24480.000 5500.000
l 9840 9841 9842 9843
