# Created by FreeCAD <https://www.freecad.org>
v -5527.741699 4294.702637 6053.320801
v -5552.192383 4263.045898 6053.320801
v -5499.250488 4272.697266 6049.021973
v -5523.701172 4241.040039 6049.021973
v -5470.759277 4250.691406 6045.905273
v -5495.209961 4219.034668 6045.905273
v -5466.718750 4197.028809 6042.645508
v -5442.268066 4228.686035 6042.645508
v -5413.776367 4206.680176 6039.729004
v -5438.227539 4175.023438 6039.729004
v -5385.285156 4184.674805 6038.346191
v -5409.735840 4153.017578 6038.346191
v -5381.244629 4131.012207 6042.266602
v -5356.793945 4162.668945 6042.266602
v -5328.302734 4140.663574 6050.030762
v -5352.753418 4109.006348 6050.030762
v -5299.811523 4118.657715 6057.829590
v -5324.262207 4087.000732 6057.829590
v -5295.770996 4064.995117 6064.180176
v -5271.320312 4096.651855 6064.180176
v -5242.829102 4074.646484 6067.594727
v -5267.279785 4042.989502 6067.594727
v -5238.788574 4020.983887 6067.988770
v -5214.337891 4052.640869 6067.988770
v -5210.297363 3998.978271 6064.187500
v -5185.846680 4030.635254 6064.187500
v -5157.355469 4008.629395 6057.666504
v -5181.806152 3976.972656 6057.666504
v -5153.314941 3954.966797 6048.515625
v -5128.864258 3986.623779 6048.515625
v -5124.823242 3932.961182 6037.904785
v -5100.372559 3964.618164 6037.904785
v -5071.881348 3942.612549 6023.327148
v -5096.332031 3910.955566 6023.327148
v -5067.840820 3888.949951 6007.770996
v -5043.390137 3920.606934 6007.770996
v -5039.349609 3866.944336 5992.630859
v -5014.898926 3898.601318 5992.630859
v -4986.407715 3876.595703 5978.729004
v -5010.858398 3844.938721 5978.729004
v -4982.367188 3822.933105 5964.885254
v -4957.916504 3854.590088 5964.885254
v -4929.425293 3832.584473 5950.552246
v -4953.875977 3800.927490 5950.552246
v -4925.384766 3778.921875 5935.659668
v -4900.934082 3810.578857 5935.659668
v -4896.893555 3756.916260 5918.955078
v -4872.442871 3788.572998 5918.955078
v -4843.951660 3766.567383 5899.540039
v -4868.402344 3734.910645 5899.540039
v -4839.910645 3712.904785 5875.784668
v -4815.459961 3744.561768 5875.784668
v -4811.419434 3690.899170 5850.320801
v -4786.968750 3722.556152 5850.320801
v -4758.477539 3700.550537 5827.816895
v -4782.928223 3668.893555 5827.816895
v -4754.437012 3646.887939 5810.267578
v -4729.986328 3678.544922 5810.267578
v -4725.945801 3624.882324 5796.014648
v -4701.495117 3656.539307 5796.014648
v -4673.003906 3634.533691 5779.112305
v -4697.454590 3602.876709 5779.112305
v -4668.963379 3580.871094 5761.202637
v -4644.512695 3612.528076 5761.202637
v -4616.021484 3590.522461 5749.950195
v -4640.472168 3558.865479 5749.950195
v -4611.980957 3536.859863 5742.567383
v -4587.530273 3568.516602 5742.567383
v -4583.489746 3514.854248 5738.379883
v -4559.039062 3546.510986 5738.379883
v -4530.547363 3524.505371 5736.663086
v -4554.998535 3492.848389 5736.663086
v -4526.506836 3470.842773 5735.411621
v -4502.056152 3502.499756 5735.411621
v -4498.015625 3448.837158 5733.505371
v -4473.564941 3480.494141 5733.505371
v -4445.073730 3458.488525 5731.247070
v -4469.524414 3426.831543 5731.247070
v -4441.033203 3404.825928 5729.708496
v -4416.582520 3436.482910 5729.708496
v -4412.541992 3382.820312 5729.224609
v -4388.091309 3414.477295 5729.224609
v -4359.600098 3392.471680 5726.113770
v -4384.050781 3360.814697 5726.113770
v -4355.559570 3338.809082 5720.589355
v -4331.108887 3370.466064 5720.589355
v -4302.617676 3348.460205 5730.673340
v -4327.068359 3316.803467 5730.673340
v -4298.577148 3294.797852 5753.552734
v -4274.126465 3326.454590 5753.552734
v -4270.085938 3272.791992 5775.297852
v -4245.634766 3304.448975 5775.297852
v -4217.143555 3282.443359 5782.032227
v -4241.594238 3250.786377 5782.032227
v -4213.103027 3228.780762 5770.172363
v -4188.652344 3260.437744 5770.172363
v -4184.611816 3206.775146 5743.555664
v -4160.161133 3238.432129 5743.555664
v -4131.669922 3216.426514 5723.008301
v -4156.120605 3184.769531 5723.008301
v -4127.629395 3162.763916 5696.738281
v -4103.178711 3194.420898 5696.738281
v -4099.138184 3140.758301 5669.713379
v -4074.687500 3172.415283 5669.713379
v -4046.196289 3150.409668 5641.944336
v -4070.646973 3118.752686 5641.944336
v -4042.155518 3096.747070 5614.926270
v -4017.704834 3128.404053 5614.926270
v -3989.213623 3106.398193 5591.251465
v -4013.664307 3074.741455 5591.251465
v -3985.173096 3052.735596 5566.482422
v -3960.722412 3084.392578 5566.482422
v -3956.681885 3030.729980 5541.254395
v -3932.231201 3062.386963 5541.254395
v -3903.739990 3040.381348 5516.865723
v -3928.190674 3008.724365 5516.865723
v -3899.699219 2986.718750 5493.326660
v -3875.248535 3018.375732 5493.326660
v -3871.208008 2964.713135 5472.567871
v -3846.757324 2996.370117 5472.567871
v -3842.716797 2942.707520 5454.440430
v -3818.266113 2974.364502 5454.440430
v -3814.225586 2920.701904 5447.327637
v -3789.774902 2952.358887 5447.327637
v -3785.734375 2898.696289 5447.318359
v -3761.283691 2930.353271 5447.318359
v -3732.792236 2908.347656 5446.563477
v -3757.243164 2876.690674 5446.563477
v -3728.751709 2854.685059 5445.576660
v -3704.301025 2886.341797 5445.576660
v -3675.809814 2864.336182 5445.250000
v -3700.260498 2832.679199 5445.250000
v -3671.769287 2810.673584 5444.645508
v -3647.318604 2842.330566 5444.645508
v -3643.278076 2788.667969 5443.239258
v -3618.827393 2820.324951 5443.239258
v -3590.335938 2798.319336 5441.019531
v -3614.786865 2766.662354 5441.019531
v -3586.295410 2744.656738 5438.017090
v -3561.844727 2776.313721 5438.017090
v -3557.804199 2722.651123 5434.196777
v -3533.353516 2754.308105 5434.196777
v -3529.312988 2700.645508 5429.850098
v -3504.862305 2732.302490 5429.850098
v -3500.821777 2678.639893 5425.343750
v -3476.371094 2710.296875 5425.343750
v -3447.879639 2688.291260 5421.025879
v -3472.330566 2656.634277 5421.025879
v -3443.839111 2634.628662 5417.527344
v -3419.388428 2666.285400 5417.527344
v -3415.347900 2612.622803 5414.205078
v -3390.897217 2644.279785 5414.205078
v -3362.406006 2622.274170 5411.984375
v -3386.856689 2590.617188 5411.984375
v -3358.365479 2568.611572 5410.188965
v -3333.914795 2600.268555 5410.188965
v -3329.874268 2546.605957 5409.162109
v -3305.423340 2578.262939 5409.162109
v -3276.932129 2556.257324 5408.954590
v -3301.382812 2524.600342 5408.954590
v -3272.891602 2502.594727 5409.173828
v -3248.440918 2534.251709 5409.173828
v -3244.400391 2480.589111 5409.260742
v -3219.949707 2512.246094 5409.260742
v -3215.909180 2458.583496 5408.974121
v -3191.458496 2490.240479 5408.974121
v -3187.417969 2436.577881 5409.639160
v -3162.967041 2468.234863 5409.639160
v -3134.475830 2446.229004 5414.690918
v -3158.926514 2414.572266 5414.690918
v -3130.435303 2392.566406 5424.413086
v -3105.984619 2424.223389 5424.413086
v -3101.944092 2370.560791 5442.915039
v -3077.493408 2402.217773 5442.915039
v -3049.002197 2380.212158 5466.076660
v -3073.452881 2348.555176 5466.076660
v -3044.961670 2326.549561 5481.374023
v -3020.510742 2358.206543 5481.374023
v -3016.470215 2304.543945 5484.546875
v -2992.019531 2336.200928 5484.546875
v -2963.528320 2314.195312 5488.042969
v -2987.979004 2282.538330 5488.042969
v -2959.487793 2260.532715 5492.849609
v -2935.037109 2292.189697 5492.849609
v -2906.545898 2270.184082 5496.270508
v -2930.996582 2238.527100 5496.270508
v -2902.505371 2216.521484 5498.880859
v -2878.054688 2248.178467 5498.880859
v -2874.013916 2194.515869 5498.458984
v -2849.563232 2226.172607 5498.458984
v -2821.072021 2204.166992 5496.926270
v -2845.522705 2172.510010 5496.926270
v -2817.031494 2150.504395 5493.746094
v -2792.580811 2182.161377 5493.746094
v -2788.540283 2128.498779 5489.188965
v -2764.089600 2160.155762 5489.188965
v -2735.598389 2138.150146 5482.151367
v -2760.049072 2106.493164 5482.151367
v -2731.557617 2084.487549 5474.943848
v -2707.106934 2116.144531 5474.943848
v -2703.066406 2062.481934 5466.962402
v -2678.615723 2094.138916 5466.962402
v -2650.124512 2072.133301 5461.761230
v -2674.575195 2040.476318 5461.761230
v -2646.083984 2018.470581 5463.659180
v -2621.633301 2050.127686 5463.659180
v -2617.592773 1996.464966 5475.891113
v -2593.142090 2028.121948 5475.891113
v -2589.101318 1974.459351 5498.049805
v -2564.650635 2006.116333 5498.049805
v -2536.159424 1984.110718 5529.903320
v -2560.610107 1952.453735 5529.903320
v -2532.118896 1930.448120 5564.278809
v -2507.668213 1962.104980 5564.278809
v -2503.627686 1908.442505 5600.587402
v -2479.177002 1940.099365 5600.587402
v -2450.685791 1918.093750 5635.498047
v -2475.136475 1886.436768 5635.498047
v -2422.194336 1896.088135 5670.170898
v -2446.645020 1864.431152 5670.170898
v -2418.153809 1842.425537 5705.275879
v -2393.703125 1874.082520 5705.275879
v -2389.662598 1820.419922 5740.776367
v -2365.211914 1852.076782 5740.776367
v -2336.720703 1830.071167 5776.968262
v -2361.171387 1798.414307 5776.968262
v -2332.680176 1776.408569 5812.525391
v -2308.229492 1808.065552 5812.525391
v -2279.738037 1786.059937 5848.519531
v -2304.188965 1754.402954 5848.519531
v -2275.697510 1732.397339 5887.657715
v -2251.246826 1764.054321 5887.657715
v -2222.755615 1742.048584 5932.227539
v -2247.206299 1710.391724 5932.227539
v -2218.715088 1688.386108 5976.516113
v -2194.264404 1720.042969 5976.516113
v -2190.223877 1666.380371 6021.862305
v -2165.773193 1698.037354 6021.862305
v -2137.281738 1676.031738 6069.869141
v -2161.732666 1644.374756 6069.869141
v -2108.790527 1654.026123 6120.049805
v -2133.241211 1622.369141 6120.049805
v -2104.750000 1600.363525 6154.988770
v -2080.299316 1632.020386 6154.988770
v -2076.258789 1578.357910 6171.183105
v -2051.808105 1610.014771 6171.183105
v -2023.316772 1588.009155 6182.808594
v -2047.767456 1556.352173 6182.808594
v -1994.825562 1566.003540 6194.008301
v -2019.276245 1534.346558 6194.008301
v -1990.785034 1512.340942 6211.822754
v -1966.334229 1543.997925 6211.822754
v -1937.843018 1521.992188 6234.644531
v -1962.293701 1490.335327 6234.644531
v -1909.351807 1499.986572 6260.715332
v -1933.802490 1468.329712 6260.715332
v -1880.860474 1477.980957 6293.660156
v -1905.311279 1446.323975 6293.660156
v -1876.819946 1424.318359 6336.163086
v -1852.369263 1455.975342 6336.163086
v -1848.328735 1402.312744 6406.724609
v -1823.878052 1433.969727 6406.724609
v -1795.386719 1411.964111 6463.000488
v -1819.837402 1380.307129 6463.000488
v -1791.346191 1358.301514 6523.244141
v -1766.895508 1389.958374 6523.244141
v -1738.404175 1367.952759 6562.746094
v -1762.854980 1336.295776 6562.746094
v -1709.912964 1345.947144 6594.622559
v -1734.363647 1314.290161 6594.622559
v -1681.421753 1323.941528 6611.557617
v -1705.872437 1292.284546 6611.557617
v -1677.381104 1270.278931 6628.836426
v -1652.930420 1301.935913 6628.836426
v -1624.439209 1279.930176 6656.738281
v -1648.889893 1248.273315 6656.738281
v -1595.947876 1257.924561 6687.261719
v -1620.398682 1226.267578 6687.261719
v -1567.456665 1235.918945 6714.416504
v -1591.907349 1204.261963 6714.416504
v -1563.416138 1182.256348 6740.158203
v -1538.965454 1213.913330 6740.158203
v -1510.474121 1191.907715 6764.096680
v -1534.924805 1160.250732 6764.096680
v -1481.982910 1169.901978 6788.007812
v -1506.433594 1138.245117 6788.007812
v -1453.491577 1147.896362 6817.688477
v -1477.942383 1116.239380 6817.688477
v -1449.451050 1094.233765 6854.168945
v -1425.000366 1125.890747 6854.168945
v -1396.509155 1103.885132 6882.071777
v -1420.959839 1072.228149 6882.071777
v -1392.468506 1050.222534 6900.899902
v -1368.017822 1081.879517 6900.899902
v -1339.526611 1059.873779 6921.255859
v -1363.977295 1028.216919 6921.255859
v -1335.486084 1006.211243 6948.556641
v -1311.035278 1037.868164 6948.556641
v -1282.544067 1015.862549 6982.375000
v -1306.994751 984.205566 6982.375000
v -1278.503540 962.199951 7022.786621
v -1254.052856 993.856873 7022.786621
v -1225.561523 971.851257 7063.375488
v -1250.012207 940.194336 7063.375488
v -1221.520996 918.188660 7101.872070
v -1197.070312 949.845642 7101.872070
v -1168.578979 927.839966 7138.796387
v -1193.029785 896.183044 7138.796387
v -1164.538452 874.177368 7177.830078
v -1140.087769 905.834351 7177.830078
v -1111.596558 883.828674 7218.770020
v -1136.047241 852.171753 7218.770020
v -1107.556030 830.166138 7259.774414
v -1083.105225 861.823059 7259.774414
v -1054.614014 839.817444 7302.278809
v -1079.064697 808.160461 7302.278809
v -1026.122803 817.811768 7344.049316
v -1050.573486 786.154846 7344.049316
v -997.631470 795.806152 7386.037109
v -1022.082214 764.149170 7386.037109
v -993.590942 742.143555 7425.996094
v -969.140198 773.800476 7425.996094
v -940.648987 751.794861 7453.764648
v -965.099670 720.137939 7453.764648
v -936.608398 698.132263 7480.976562
v -912.157715 729.789246 7480.976562
v -883.666443 707.783569 7518.351562
v -908.117188 676.126648 7518.351562
v -879.625916 654.120972 7560.480469
v -855.175171 685.777954 7560.480469
v -826.683960 663.772278 7599.574707
v -851.134644 632.115356 7599.574707
v -822.643372 610.109741 7617.269043
v -798.192688 641.766663 7617.269043
v -794.152100 588.104065 7627.907227
v -769.701416 619.761047 7627.907227
v -741.210144 597.755371 7635.660156
v -765.660889 566.098450 7635.660156
v -737.169617 544.092773 7643.297852
v -712.718872 575.749756 7643.297852
v -684.227661 553.744080 7650.392090
v -708.678345 522.087158 7650.392090
v -680.187073 500.081512 7660.671875
v -655.736389 531.738464 7660.671875
v -627.245117 509.732819 7679.637207
v -651.695862 478.075867 7679.637207
v -598.753845 487.727203 7709.805664
v -623.204590 456.070251 7709.805664
v -594.713318 434.064606 7753.795410
v -570.262573 465.721558 7753.795410
v -566.222046 412.058960 7795.758789
v -541.771362 443.715912 7795.758789
v -537.730774 390.053314 7829.981934
v -513.280090 421.710266 7829.981934
v -509.239532 368.047668 7859.082520
v -484.788818 399.704620 7859.082520
v -456.297577 377.699005 7886.836914
v -480.748291 346.042053 7886.836914
v -452.257019 324.036407 7930.801758
v -427.806305 355.693359 7930.801758
v -423.765747 302.030762 7970.502930
v -399.315063 333.687714 7970.502930
v -395.274506 280.025116 8010.984375
v -370.823792 311.682068 8010.984375
v -366.783234 258.019470 8057.327148
v -342.332520 289.676422 8057.327148
v -338.291992 236.013840 8109.066895
v -313.841278 267.670807 8109.066895
v -309.800720 214.008209 8156.237305
v -285.350006 245.665161 8156.237305
v -256.858765 223.659515 8204.525391
v -281.309479 192.002563 8204.525391
v -228.367493 201.653885 8248.593750
v -252.818207 169.996918 8248.593750
v -199.876236 179.648239 8291.488281
v -224.326950 147.991287 8291.488281
v -171.384979 157.642593 8334.062500
v -195.835693 125.985641 8334.062500
v -167.344437 103.980003 8383.053711
v -142.893723 135.636963 8383.053711
v -138.853180 81.974365 8430.839844
v -114.402458 113.631317 8430.839844
v -110.361916 59.968727 8472.911133
v -85.911201 91.625679 8472.911133
v -81.870651 37.963085 8505.718750
v -57.419945 69.620041 8505.718750
v -53.379395 15.957447 8540.984375
v -28.928686 47.614399 8540.984375
v -0.437426 25.608761 8564.471680
v -24.888138 -6.048193 8564.471680
v 3.603122 -28.053833 8567.518555
v 28.053833 3.603122 8567.518555
v 32.094379 -50.059471 8558.690430
v 56.545090 -18.402517 8558.690430
v 60.585640 -72.065109 8540.857422
v 89.076897 -94.070747 8510.595703
v 113.527611 -62.413795 8510.595703
v 142.018875 -84.419434 8477.381836
v 117.568153 -116.076393 8477.381836
v 170.510132 -106.425079 8440.425781
v 146.059418 -138.082031 8440.425781
v 174.550674 -160.087677 8401.723633
v 199.001389 -128.430710 8401.723633
v 227.492645 -150.436356 8363.833008
v 203.041931 -182.093307 8363.833008
v 255.983902 -172.442001 8327.867188
v 231.533188 -204.098953 8327.867188
v 284.475159 -194.447632 8293.137695
v 260.024445 -226.104584 8293.137695
v 288.515717 -248.110229 8261.284180
v 312.966431 -216.453278 8261.284180
v 317.006958 -270.115875 8231.700195
v 345.498230 -292.121521 8202.713867
v 369.948944 -260.464539 8202.713867
v 398.440186 -282.470184 8172.858887
v 373.989471 -314.127136 8172.858887
v 402.480743 -336.132782 8141.834473
v 426.931458 -304.475830 8141.834473
v 430.972015 -358.138428 8110.462891
v 455.422729 -326.481476 8110.462891
v 483.913971 -348.487122 8079.221191
v 459.463257 -380.144073 8079.221191
v 487.954529 -402.149719 8050.071777
v 512.405212 -370.492737 8050.071777
v 516.445801 -424.155334 8023.392090
v 540.896484 -392.498383 8023.392090
v 544.937012 -446.160980 7999.509766
v 569.387756 -414.504028 7999.509766
v 573.428284 -468.166626 7973.877930
v 597.879028 -436.509674 7973.877930
v 601.919556 -490.172272 7943.258789
v 626.370239 -458.515320 7943.258789
v 630.410828 -512.177917 7905.879395
v 654.861511 -480.520935 7905.879395
v 683.352783 -502.526581 7850.780273
v 658.902100 -534.183533 7850.780273
v 687.393311 -556.189209 7783.595215
v 711.844055 -524.532227 7783.595215
v 740.335327 -546.537842 7712.634277
v 715.884583 -578.194824 7712.634277
v 744.375854 -600.200439 7653.777344
v 768.826538 -568.543518 7653.777344
v 772.867126 -622.206116 7624.845215
v 797.317810 -590.549133 7624.845215
v 825.809082 -612.554810 7612.944824
v 801.358398 -644.211731 7612.944824
v 829.849609 -666.217407 7605.961914
v 854.300354 -634.560425 7605.961914
v 882.791626 -656.566040 7601.018066
v 858.340881 -688.223022 7601.018066
v 886.832153 -710.228638 7588.722656
v 911.282837 -678.571716 7588.722656
v 939.774109 -700.577332 7557.811523
v 915.323425 -732.234314 7557.811523
v 943.814636 -754.239929 7522.933594
v 968.265381 -722.583008 7522.933594
v 996.756653 -744.588623 7486.895996
v 972.305908 -776.245605 7486.895996
v 1000.797180 -798.251221 7446.472168
v 1025.247925 -766.594238 7446.472168
v 1053.739136 -788.599915 7401.955566
v 1029.288452 -820.256836 7401.955566
v 1057.779663 -842.262512 7369.120117
v 1082.230469 -810.605530 7369.120117
v 1110.721680 -832.611206 7346.230469
v 1086.270996 -864.268127 7346.230469
v 1114.762207 -886.273804 7317.592773
v 1139.212891 -854.616821 7317.592773
v 1167.704224 -876.622437 7279.660156
v 1143.253418 -908.279419 7279.660156
v 1171.744751 -930.285034 7238.721680
v 1196.195435 -898.628113 7238.721680
v 1224.686646 -920.633728 7200.933105
v 1200.235962 -952.290710 7200.933105
v 1228.727295 -974.296326 7161.407715
v 1253.177979 -942.639404 7161.407715
v 1257.218506 -996.301941 7118.299316
v 1281.669189 -964.645020 7118.299316
v 1310.160522 -986.650635 7073.270508
v 1285.709717 -1018.307617 7073.270508
v 1314.201050 -1040.313232 7020.441406
v 1338.651733 -1008.656311 7020.441406
v 1342.692261 -1062.318848 6969.934082
v 1367.142944 -1030.661987 6969.934082
v 1395.634277 -1052.667603 6925.669434
v 1371.183594 -1084.324585 6925.669434
v 1424.125488 -1074.673218 6885.525879
v 1399.674805 -1106.330200 6885.525879
v 1428.166016 -1128.335815 6846.240723
v 1452.616821 -1096.678833 6846.240723
v 1456.657349 -1150.341431 6803.216797
v 1481.108032 -1118.684448 6803.216797
v 1509.599243 -1140.690186 6758.948242
v 1485.148560 -1172.347046 6758.948242
v 1513.639893 -1194.352783 6727.502930
v 1538.090576 -1162.695801 6727.502930
v 1566.581787 -1184.701416 6700.945312
v 1542.131104 -1216.358398 6700.945312
v 1570.622314 -1238.364014 6670.318359
v 1595.073120 -1206.707031 6670.318359
v 1623.564331 -1228.712646 6638.230469
v 1599.113647 -1260.369629 6638.230469
v 1627.604858 -1282.375244 6605.345703
v 1652.055542 -1250.718384 6605.345703
v 1680.546875 -1272.723999 6573.066895
v 1656.096191 -1304.380981 6573.066895
v 1684.587402 -1326.386597 6541.283691
v 1709.038086 -1294.729614 6541.283691
v 1737.529419 -1316.735229 6512.987305
v 1713.078613 -1348.392212 6512.987305
v 1766.020630 -1338.740845 6491.588867
v 1741.569946 -1370.397827 6491.588867
v 1794.511841 -1360.746582 6470.347168
v 1770.061157 -1392.403442 6470.347168
v 1798.552368 -1414.409180 6445.574707
v 1823.003174 -1382.752197 6445.574707
v 1827.043701 -1436.414795 6419.174316
v 1851.494385 -1404.757812 6419.174316
v 1879.985596 -1426.763428 6393.157715
v 1855.534912 -1458.420410 6393.157715
v 1884.026245 -1480.426025 6357.614258
v 1908.476929 -1448.769043 6357.614258
v 1936.968140 -1470.774780 6319.395508
v 1912.517456 -1502.431641 6319.395508
v 1965.459473 -1492.780396 6281.838379
v 1941.008667 -1524.437378 6281.838379
v 1993.950684 -1514.786011 6240.318848
v 1969.500000 -1546.442993 6240.318848
v 1997.991211 -1568.448608 6196.264160
v 2022.441895 -1536.791626 6196.264160
v 2050.933105 -1558.797241 6145.595215
v 2026.482544 -1590.454224 6145.595215
v 2079.424561 -1580.802979 6098.201172
v 2054.973877 -1612.459839 6098.201172
v 2083.465088 -1634.465576 6061.687012
v 2107.915771 -1602.808594 6061.687012
v 2111.956299 -1656.471191 6027.623047
v 2136.406982 -1624.814209 6027.623047
v 2164.898193 -1646.819824 5989.507324
v 2140.447510 -1678.476807 5989.507324
v 2168.938721 -1700.482422 5957.998535
v 2193.389404 -1668.825439 5957.998535
v 2221.880859 -1690.831177 5929.045898
v 2197.429932 -1722.488037 5929.045898
v 2225.921387 -1744.493774 5898.283691
v 2250.372070 -1712.836792 5898.283691
v 2278.863281 -1734.842407 5854.821777
v 2254.412598 -1766.499390 5854.821777
v 2282.903809 -1788.505005 5817.550781
v 2307.354492 -1756.848022 5817.550781
v 2311.395020 -1810.510620 5792.695312
v 2335.845703 -1778.853638 5792.695312
v 2364.337158 -1800.859375 5767.794922
v 2339.886230 -1832.516235 5767.794922
v 2392.828369 -1822.864990 5738.113770
v 2368.377686 -1854.521851 5738.113770
v 2396.868896 -1876.527588 5705.773438
v 2421.319580 -1844.870605 5705.773438
v 2425.360107 -1898.533203 5673.929199
v 2449.810791 -1866.876221 5673.929199
v 2478.302002 -1888.881836 5641.882324
v 2453.851318 -1920.538818 5641.882324
v 2482.342529 -1942.544434 5611.904785
v 2506.793457 -1910.887573 5611.904785
v 2535.284668 -1932.893188 5585.558105
v 2510.833984 -1964.550049 5585.558105
v 2539.325195 -1986.555786 5559.354980
v 2563.775879 -1954.898804 5559.354980
v 2592.267090 -1976.904419 5530.625488
v 2567.816406 -2008.561401 5530.625488
v 2596.307617 -2030.567017 5502.000000
v 2620.758301 -1998.910034 5502.000000
v 2649.249756 -2020.915771 5473.230957
v 2624.798828 -2052.572754 5473.230957
v 2677.740967 -2042.921387 5446.685547
v 2653.290283 -2074.578369 5446.685547
v 2681.781494 -2096.583984 5421.624023
v 2706.232178 -2064.927002 5421.624023
v 2710.272705 -2118.589600 5397.250488
v 2734.723389 -2086.932617 5397.250488
v 2763.214600 -2108.938232 5373.779297
v 2738.763916 -2140.595215 5373.779297
v 2767.255127 -2162.600830 5350.952148
v 2791.706055 -2130.943848 5350.952148
v 2795.746582 -2184.606445 5329.845215
v 2820.197266 -2152.949463 5329.845215
v 2824.237793 -2206.612061 5314.477051
v 2848.688477 -2174.955078 5314.477051
v 2852.729004 -2228.617676 5310.713867
v 2877.179688 -2196.960938 5310.713867
v 2905.670898 -2218.966553 5311.489258
v 2881.220215 -2250.623535 5311.489258
v 2909.711426 -2272.629150 5313.550293
v 2934.162354 -2240.972168 5313.550293
v 2938.202881 -2294.634766 5314.885254
v 2962.653564 -2262.977783 5314.885254
v 2991.144775 -2284.983398 5313.682617
v 2966.694092 -2316.640381 5313.682617
v 2995.185303 -2338.645996 5311.856934
v 3019.635986 -2306.989014 5311.856934
v 3023.676514 -2360.651611 5311.553711
v 3048.127197 -2328.994629 5311.553711
v 3076.618408 -2351.000244 5312.658203
v 3052.167725 -2382.657227 5312.658203
v 3080.659180 -2404.662842 5309.138672
v 3105.109863 -2373.005859 5309.138672
v 3109.150391 -2426.668457 5309.671387
v 3133.601074 -2395.011475 5309.671387
v 3137.641602 -2448.674072 5306.444336
v 3162.092285 -2417.017334 5306.444336
v 3166.132812 -2470.679932 5302.502930
v 3190.583496 -2439.022949 5302.502930
v 3219.074707 -2461.028564 5300.149902
v 3194.624023 -2492.685547 5300.149902
v 3223.115479 -2514.691162 5297.899414
v 3247.566162 -2483.034180 5297.899414
v 3251.606689 -2536.696777 5298.901855
v 3276.057373 -2505.039795 5298.901855
v 3304.548584 -2527.045410 5300.478027
v 3280.097900 -2558.702393 5300.478027
v 3308.589111 -2580.708008 5300.597656
v 3333.039795 -2549.051025 5300.597656
v 3361.531006 -2571.056641 5299.692383
v 3337.080322 -2602.713623 5299.692383
v 3365.571777 -2624.719238 5300.083008
v 3390.022461 -2593.062256 5300.083008
v 3394.062988 -2646.724854 5297.139648
v 3418.513672 -2615.067871 5297.139648
v 3422.554199 -2668.730469 5295.463379
v 3447.004883 -2637.073730 5295.463379
v 3451.045410 -2690.736328 5295.604004
v 3475.496094 -2659.079346 5295.604004
v 3479.536621 -2712.741943 5296.424805
v 3503.987305 -2681.084961 5296.424805
v 3532.478760 -2703.090576 5298.297852
v 3508.028076 -2734.747559 5298.297852
v 3536.519287 -2756.753174 5301.444824
v 3560.969971 -2725.096191 5301.444824
v 3565.010498 -2778.758789 5303.991699
v 3589.461182 -2747.101807 5303.991699
v 3617.952393 -2769.107422 5307.157227
v 3593.501709 -2800.764404 5307.157227
v 3621.992920 -2822.770020 5309.870605
v 3646.443604 -2791.113037 5309.870605
v 3674.935059 -2813.118652 5312.002930
v 3650.484131 -2844.775635 5312.002930
v 3678.975586 -2866.781250 5315.660645
v 3703.426270 -2835.124268 5315.660645
v 3707.466797 -2888.786865 5319.915527
v 3731.917480 -2857.130127 5319.915527
v 3735.958008 -2910.792725 5327.177246
v 3760.408691 -2879.135742 5327.177246
v 3764.449219 -2932.798340 5337.411133
v 3788.899902 -2901.141357 5337.411133
v 3792.940430 -2954.803955 5354.563477
v 3817.391357 -2923.146973 5354.563477
v 3845.882568 -2945.152588 5375.606445
v 3821.431885 -2976.809570 5375.606445
v 3849.923096 -2998.815186 5397.424316
v 3874.373779 -2967.158203 5397.424316
v 3878.414307 -3020.820801 5419.336914
v 3902.864990 -2989.163818 5419.336914
v 3931.356201 -3011.169434 5440.555176
v 3906.905518 -3042.826416 5440.555176
v 3935.396729 -3064.832031 5461.105957
v 3959.847656 -3033.175049 5461.105957
v 3988.338867 -3055.180664 5483.038574
v 3963.888184 -3086.837646 5483.038574
v 3992.379395 -3108.843262 5506.129395
v 4016.830078 -3077.186523 5506.129395
v 4020.870605 -3130.849121 5544.007324
v 4045.321289 -3099.192139 5544.007324
v 4049.361816 -3152.854736 5603.405762
v 4073.812500 -3121.197754 5603.405762
v 4077.853027 -3174.860352 5666.778809
v 4102.303711 -3143.203369 5666.778809
v 4106.344238 -3196.865967 5697.598633
v 4130.794922 -3165.208984 5697.598633
v 4134.835449 -3218.871582 5710.625000
v 4159.286133 -3187.214600 5710.625000
v 4187.777832 -3209.220215 5722.915527
v 4163.327148 -3240.877197 5722.915527
v 4191.818359 -3262.882812 5728.650879
v 4216.269043 -3231.225830 5728.650879
v 4220.309570 -3284.888428 5706.977051
v 4244.760254 -3253.231445 5706.977051
v 4273.251465 -3275.237061 5673.825684
v 4248.800781 -3306.894043 5673.825684
v 4277.291992 -3328.899658 5654.382324
v 4301.742676 -3297.242920 5654.382324
v 4305.783203 -3350.905518 5651.367188
v 4330.233887 -3319.248535 5651.367188
v 4358.725098 -3341.254150 5656.955566
v 4334.274414 -3372.911133 5656.955566
v 4362.765625 -3394.916748 5664.418457
v 4387.216309 -3363.259766 5664.418457
v 4415.707520 -3385.265381 5668.360352
v 4391.256836 -3416.922363 5668.360352
v 4419.748047 -3438.927979 5665.541016
v 4444.198730 -3407.270996 5665.541016
v 4448.239258 -3460.933594 5655.930664
v 4472.690430 -3429.276611 5655.930664
v 4501.181641 -3451.282227 5643.630859
v 4476.730957 -3482.939209 5643.630859
v 4505.222168 -3504.944824 5632.804688
v 4529.672852 -3473.287842 5632.804688
v 4533.713379 -3526.950439 5621.626953
v 4558.164062 -3495.293457 5621.626953
v 4586.655273 -3517.299316 5608.438965
v 4562.204590 -3548.956055 5608.438965
v 4590.695801 -3570.961914 5602.415039
v 4615.146484 -3539.304932 5602.415039
v 4619.187012 -3592.967529 5608.447754
v 4643.637695 -3561.310547 5608.447754
v 4672.128906 -3583.316162 5619.963867
v 4647.678223 -3614.973145 5619.963867
v 4676.169434 -3636.978760 5638.463379
v 4700.620117 -3605.321777 5638.463379
v 4729.111328 -3627.327393 5653.395996
v 4704.660645 -3658.984375 5653.395996
v 4733.151855 -3680.989990 5668.344727
v 4757.603027 -3649.333008 5668.344727
v 4761.643555 -3702.995605 5689.693848
v 4786.094238 -3671.338623 5689.693848
v 4814.585449 -3693.344238 5716.554199
v 4790.134766 -3725.001221 5716.554199
v 4818.625977 -3747.006836 5747.663574
v 4843.076660 -3715.349854 5747.663574
v 4847.117188 -3769.012451 5779.953613
v 4871.567871 -3737.355713 5779.953613
v 4900.059082 -3759.361328 5814.883301
v 4875.608398 -3791.018066 5814.883301
v 4904.099609 -3813.023926 5846.103516
v 4928.550293 -3781.366943 5846.103516
v 4932.590820 -3835.029541 5872.084961
v 4957.041504 -3803.372559 5872.084961
v 4985.532715 -3825.378174 5884.701172
v 4961.082031 -3857.035156 5884.701172
v 4989.573242 -3879.040771 5899.124023
v 5014.023926 -3847.383789 5899.124023
v 5018.064453 -3901.046387 5912.642090
v 5042.515625 -3869.389404 5912.642090
v 5071.006836 -3891.395020 5913.961426
v 5046.556152 -3923.052002 5913.961426
v 5075.047363 -3945.057617 5908.583008
v 5099.498047 -3913.400635 5908.583008
v 5127.989258 -3935.406250 5907.429199
v 5103.538574 -3967.063232 5907.429199
v 5132.029785 -3989.068848 5915.258301
v 5156.480469 -3957.412109 5915.258301
v 5160.520996 -4011.074463 5925.385742
v 5184.971680 -3979.417725 5925.385742
v 5213.462891 -4001.423340 5941.175293
v 5189.012207 -4033.080322 5941.175293
v 5217.503418 -4055.085938 5972.011719
v 5241.954102 -4023.428955 5972.011719
v 5245.994629 -4077.091553 6020.277832
v 5270.445312 -4045.434570 6020.277832
v 5298.936523 -4067.440186 6065.317383
v 5274.485840 -4099.097168 6065.317383
v 5302.977051 -4121.102539 6113.812988
v 5327.427734 -4089.445801 6113.812988
v 5331.468750 -4143.108398 6163.466797
v 5355.919434 -4111.451660 6163.466797
v 5359.959961 -4165.114258 6208.721680
v 5384.410645 -4133.457031 6208.721680
v 5412.901855 -4155.462891 6238.135254
v 5388.451172 -4187.119629 6238.135254
v 5441.393066 -4177.468262 6248.080078
v 5416.942383 -4209.125488 6248.080078
v 5445.433594 -4231.130859 6252.590332
v 5469.884277 -4199.474121 6252.590332
v 5498.375488 -4221.479492 6255.718262
v 5473.924805 -4253.136719 6255.718262
v 5526.866699 -4243.485352 6258.154785
v 5502.416016 -4275.142090 6258.154785
v 5527.741699 -4294.702637 3500.000000
v 5552.192383 -4263.045898 3500.000000
v -5527.741699 4294.702637 3500.000000
v -5552.192383 4263.045898 3500.000000
v 85.036346 -40.408157 8540.857422
v 341.457672 -238.458908 8231.700195
vn 0.093839 -0.072478 0.992946
vn 0.093839 -0.072477 0.992946
vn 0.068262 -0.052723 0.996273
vn 0.068262 -0.052724 0.996273
vn 0.071370 -0.055124 0.995926
vn 0.071371 -0.055124 0.995925
vn 0.063906 -0.049359 0.996734
vn 0.063907 -0.049361 0.996734
vn 0.030377 -0.023463 0.999263
vn 0.030377 -0.023462 0.999263
vn -0.085681 0.066176 0.994122
vn -0.085679 0.066176 0.994123
vn -0.166851 0.128871 0.977524
vn -0.166851 0.128869 0.977524
vn -0.167563 0.129418 0.977330
vn -0.167563 0.129419 0.977330
vn -0.137489 0.106191 0.984795
vn -0.137488 0.106191 0.984795
vn -0.074730 0.057719 0.995532
vn -0.074730 0.057719 0.995532
vn -0.008662 0.006690 0.999940
vn -0.008662 0.006690 0.999940
vn 0.083105 -0.064187 0.994471
vn 0.083105 -0.064187 0.994471
vn 0.141062 -0.108951 0.983987
vn 0.141062 -0.108952 0.983987
vn 0.194972 -0.150590 0.969179
vn 0.194973 -0.150590 0.969179
vn 0.223750 -0.172816 0.959203
vn 0.223750 -0.172816 0.959203
vn 0.297046 -0.229427 0.926891
vn 0.297046 -0.229427 0.926891
vn 0.313931 -0.242469 0.917963
vn 0.313932 -0.242469 0.917963
vn 0.306812 -0.236971 0.921798
vn 0.306812 -0.236971 0.921798
vn 0.285100 -0.220201 0.932861
vn 0.285100 -0.220201 0.932861
vn 0.284062 -0.219399 0.933366
vn 0.284062 -0.219399 0.933366
vn 0.292748 -0.226108 0.929071
vn 0.292748 -0.226108 0.929072
vn 0.302534 -0.233666 0.924053
vn 0.302534 -0.233666 0.924053
vn 0.333119 -0.257289 0.907102
vn 0.333117 -0.257289 0.907103
vn 0.375670 -0.290156 0.880160
vn 0.375670 -0.290156 0.880160
vn 0.435885 -0.336664 0.834662
vn 0.435888 -0.336664 0.834661
vn 0.457026 -0.352990 0.816410
vn 0.457026 -0.352990 0.816410
vn 0.419507 -0.324012 0.847957
vn 0.419507 -0.324012 0.847957
vn 0.346793 -0.267850 0.898883
vn 0.346793 -0.267850 0.898883
vn 0.291335 -0.225016 0.929781
vn 0.291335 -0.225016 0.929781
vn 0.336354 -0.259787 0.905194
vn 0.336354 -0.259787 0.905194
vn 0.352513 -0.272268 0.895324
vn 0.352513 -0.272268 0.895324
vn 0.236109 -0.182362 0.954461
vn 0.236109 -0.182362 0.954461
vn 0.158995 -0.122802 0.979612
vn 0.158994 -0.122802 0.979612
vn 0.091441 -0.070626 0.993303
vn 0.091441 -0.070626 0.993303
vn 0.037699 -0.029117 0.998865
vn 0.037699 -0.029118 0.998865
vn 0.027495 -0.021237 0.999396
vn 0.027496 -0.021237 0.999396
vn 0.041848 -0.032322 0.998601
vn 0.041848 -0.032322 0.998601
vn 0.049549 -0.038270 0.998038
vn 0.049549 -0.038270 0.998038
vn 0.033793 -0.026101 0.999088
vn 0.033793 -0.026101 0.999088
vn 0.010637 -0.008215 0.999910
vn 0.010637 -0.008215 0.999910
vn 0.068135 -0.052625 0.996287
vn 0.068135 -0.052625 0.996287
vn 0.120044 -0.092717 0.988430
vn 0.120044 -0.092717 0.988430
vn -0.213469 0.164876 0.962936
vn -0.213470 0.164877 0.962936
vn -0.424503 0.327873 0.843976
vn -0.424503 0.327873 0.843976
vn -0.409189 0.316045 0.855967
vn -0.409185 0.316046 0.855969
vn -0.145523 0.112399 0.982949
vn -0.145523 0.112397 0.982950
vn 0.247636 -0.191265 0.949786
vn 0.247636 -0.191265 0.949786
vn 0.470508 -0.363403 0.804090
vn 0.470508 -0.363403 0.804090
vn 0.392311 -0.303006 0.868493
vn 0.392311 -0.303006 0.868493
vn 0.466518 -0.360321 0.807793
vn 0.466518 -0.360321 0.807793
vn 0.475135 -0.366977 0.799734
vn 0.475135 -0.366977 0.799734
vn 0.483379 -0.373344 0.791807
vn 0.483379 -0.373344 0.791807
vn 0.475057 -0.366916 0.799808
vn 0.475057 -0.366916 0.799808
vn 0.434859 -0.335869 0.835518
vn 0.434859 -0.335871 0.835517
vn 0.448597 -0.346482 0.823839
vn 0.448599 -0.346482 0.823838
vn 0.454191 -0.350800 0.818932
vn 0.454191 -0.350800 0.818932
vn 0.443889 -0.342843 0.827901
vn 0.443889 -0.342843 0.827901
vn 0.433113 -0.334521 0.836964
vn 0.433113 -0.334521 0.836964
vn 0.395344 -0.305349 0.866294
vn 0.395344 -0.305349 0.866294
vn 0.355937 -0.274912 0.893159
vn 0.355937 -0.274912 0.893159
vn 0.153402 -0.118482 0.981035
vn 0.153402 -0.118482 0.981035
vn 0.000204 -0.000158 1.000000
vn 0.000204 -0.000158 1.000000
vn 0.016592 -0.012815 0.999780
vn 0.016592 -0.012815 0.999780
vn 0.021686 -0.016750 0.999625
vn 0.021686 -0.016750 0.999624
vn 0.007181 -0.005546 0.999959
vn 0.007181 -0.005546 0.999959
vn 0.013287 -0.010263 0.999859
vn 0.013287 -0.010263 0.999859
vn 0.030892 -0.023859 0.999238
vn 0.030892 -0.023859 0.999238
vn 0.048706 -0.037619 0.998104
vn 0.048706 -0.037619 0.998104
vn 0.065777 -0.050804 0.996540
vn 0.065777 -0.050804 0.996540
vn 0.083517 -0.064505 0.994416
vn 0.083517 -0.064505 0.994416
vn 0.094869 -0.073273 0.992790
vn 0.094869 -0.073273 0.992790
vn 0.098301 -0.075924 0.992256
vn 0.098301 -0.075924 0.992256
vn 0.094248 -0.072794 0.992884
vn 0.094248 -0.072795 0.992884
vn 0.076551 -0.059125 0.995311
vn 0.076551 -0.059125 0.995311
vn 0.072727 -0.056172 0.995769
vn 0.072728 -0.056172 0.995769
vn 0.048727 -0.037635 0.998103
vn 0.048727 -0.037635 0.998103
vn 0.039421 -0.030448 0.998759
vn 0.039421 -0.030448 0.998759
vn 0.022565 -0.017429 0.999593
vn 0.022565 -0.017429 0.999593
vn 0.004562 -0.003524 0.999983
vn 0.004562 -0.003524 0.999983
vn -0.004820 0.003723 0.999981
vn -0.004820 0.003723 0.999981
vn -0.001911 0.001476 0.999997
vn -0.001911 0.001476 0.999997
vn 0.006301 -0.004867 0.999968
vn 0.006301 -0.004867 0.999968
vn -0.014618 0.011290 0.999829
vn -0.014618 0.011290 0.999829
vn -0.109980 0.084945 0.990297
vn -0.109980 0.084945 0.990297
vn -0.206339 0.159370 0.965415
vn -0.206341 0.159370 0.965414
vn -0.361766 0.279415 0.889411
vn -0.361766 0.279415 0.889411
vn -0.428215 0.330737 0.840979
vn -0.428215 0.330737 0.840979
vn -0.309513 0.239057 0.920355
vn -0.309511 0.239057 0.920356
vn -0.069482 0.053666 0.996139
vn -0.069483 0.053666 0.996139
vn -0.076498 0.059085 0.995318
vn -0.076498 0.059085 0.995318
vn -0.104740 0.080897 0.991204
vn -0.104740 0.080897 0.991204
vn -0.074868 0.057825 0.995515
vn -0.074868 0.057825 0.995515
vn -0.057236 0.044207 0.997382
vn -0.057236 0.044207 0.997382
vn 0.009274 -0.007163 0.999931
vn 0.009274 -0.007163 0.999931
vn 0.033665 -0.026002 0.999095
vn 0.033665 -0.026001 0.999095
vn 0.069642 -0.053789 0.996121
vn 0.069642 -0.053789 0.996121
vn 0.099391 -0.076766 0.992083
vn 0.099391 -0.076766 0.992083
vn 0.151841 -0.117276 0.981423
vn 0.151841 -0.117276 0.981423
vn 0.155366 -0.119999 0.980541
vn 0.155366 -0.119999 0.980541
vn 0.171305 -0.132309 0.976293
vn 0.171305 -0.132309 0.976293
vn 0.113168 -0.087407 0.989724
vn 0.113168 -0.087407 0.989724
vn -0.041667 0.032182 0.998613
vn -0.041667 0.032182 0.998613
vn -0.254612 0.196652 0.946837
vn -0.254611 0.196652 0.946837
vn -0.414848 0.320413 0.851608
vn -0.414848 0.320413 0.851608
vn -0.524446 0.405062 0.748920
vn -0.524446 0.405062 0.748920
vn -0.546558 0.422142 0.723236
vn -0.546557 0.422142 0.723237
vn -0.562004 0.434073 0.704082
vn -0.562004 0.434073 0.704082
vn -0.550959 0.425542 0.717884
vn -0.550959 0.425541 0.717885
vn -0.549015 0.424039 0.720260
vn -0.549015 0.424039 0.720260
vn -0.552534 0.426757 0.715950
vn -0.552534 0.426757 0.715950
vn -0.555699 0.429201 0.712029
vn -0.555697 0.429202 0.712030
vn -0.561107 0.433380 0.705224
vn -0.561107 0.433380 0.705224
vn -0.556146 0.429549 0.711470
vn -0.556148 0.429548 0.711469
vn -0.559575 0.432195 0.707166
vn -0.559574 0.432199 0.707164
vn -0.582483 0.449893 0.676985
vn -0.582487 0.449891 0.676983
vn -0.615673 0.475523 0.628351
vn -0.615672 0.475524 0.628350
vn -0.614130 0.474333 0.630756
vn -0.614130 0.474333 0.630756
vn -0.619840 0.478743 0.621774
vn -0.619841 0.478743 0.621773
vn -0.633171 0.489038 0.599947
vn -0.633170 0.489042 0.599945
vn -0.643055 0.496677 0.582916
vn -0.643057 0.496673 0.582918
vn -0.551190 0.425719 0.717602
vn -0.551189 0.425719 0.717603
vn -0.324678 0.250770 0.911975
vn -0.324678 0.250770 0.911975
vn -0.243207 0.187845 0.951611
vn -0.243207 0.187844 0.951612
vn -0.235100 0.181583 0.954859
vn -0.235100 0.181583 0.954859
vn -0.351008 0.271106 0.896267
vn -0.351007 0.271106 0.896268
vn -0.423741 0.327283 0.844588
vn -0.423741 0.327283 0.844588
vn -0.464199 0.358532 0.809922
vn -0.464199 0.358532 0.809922
vn -0.534297 0.412673 0.737718
vn -0.534297 0.412674 0.737717
vn -0.603909 0.466439 0.646319
vn -0.603911 0.466438 0.646318
vn -0.704974 0.544496 0.454462
vn -0.704974 0.544496 0.454462
vn -0.666683 0.514921 0.538878
vn -0.666683 0.514921 0.538878
vn -0.679367 0.524718 0.512963
vn -0.679366 0.524719 0.512963
vn -0.584948 0.451794 0.673586
vn -0.584948 0.451794 0.673586
vn -0.524656 0.405227 0.748683
vn -0.524657 0.405225 0.748684
vn -0.336887 0.260199 0.904878
vn -0.336887 0.260199 0.904878
vn -0.342454 0.264499 0.901535
vn -0.342454 0.264499 0.901535
vn -0.484824 0.374460 0.790396
vn -0.484824 0.374462 0.790395
vn -0.511818 0.395311 0.762740
vn -0.511818 0.395311 0.762739
vn -0.476591 0.368103 0.798349
vn -0.476591 0.368101 0.798350
vn -0.460331 0.355543 0.813440
vn -0.460331 0.355543 0.813440
vn -0.438223 0.338467 0.832707
vn -0.438223 0.338467 0.832707
vn -0.437876 0.338199 0.832998
vn -0.437876 0.338200 0.832998
vn -0.503453 0.388850 0.771577
vn -0.503453 0.388850 0.771577
vn -0.563318 0.435088 0.702404
vn -0.563319 0.435087 0.702403
vn -0.484835 0.374469 0.790384
vn -0.484835 0.374469 0.790384
vn -0.366782 0.283289 0.886125
vn -0.366782 0.283289 0.886125
vn -0.389544 0.300869 0.870479
vn -0.389544 0.300871 0.870478
vn -0.478219 0.369360 0.796793
vn -0.478218 0.369361 0.796794
vn -0.541869 0.418523 0.728846
vn -0.541870 0.418520 0.728847
vn -0.590948 0.456426 0.665174
vn -0.590947 0.456426 0.665174
vn -0.592089 0.457309 0.663551
vn -0.592089 0.457309 0.663551
vn -0.578051 0.446466 0.683026
vn -0.578052 0.446466 0.683026
vn -0.566669 0.437674 0.698089
vn -0.566668 0.437677 0.698088
vn -0.581770 0.449341 0.677965
vn -0.581773 0.449340 0.677963
vn -0.594329 0.459037 0.660347
vn -0.594328 0.459038 0.660347
vn -0.594736 0.459353 0.659761
vn -0.594734 0.459354 0.659762
vn -0.603918 0.466447 0.646305
vn -0.603919 0.466444 0.646307
vn -0.599497 0.463029 0.652845
vn -0.599497 0.463030 0.652845
vn -0.600820 0.464052 0.650901
vn -0.600819 0.464052 0.650901
vn -0.587990 0.454143 0.669344
vn -0.587990 0.454144 0.669344
vn -0.483373 0.373341 0.791812
vn -0.483373 0.373340 0.791813
vn -0.477229 0.368595 0.797741
vn -0.477230 0.368595 0.797740
vn -0.570008 0.440253 0.693735
vn -0.570008 0.440255 0.693734
vn -0.601672 0.464711 0.649642
vn -0.601673 0.464711 0.649641
vn -0.582186 0.449660 0.677396
vn -0.582186 0.449660 0.677396
vn -0.349103 0.269635 0.897454
vn -0.349103 0.269635 0.897454
vn -0.224282 0.173227 0.959005
vn -0.224282 0.173227 0.959005
vn -0.166620 0.128691 0.977587
vn -0.166620 0.128692 0.977587
vn -0.164251 0.126862 0.978227
vn -0.164251 0.126862 0.978227
vn -0.153017 0.118185 0.981131
vn -0.153017 0.118185 0.981131
vn -0.217305 0.167839 0.961566
vn -0.217305 0.167839 0.961566
vn -0.368876 0.284907 0.884736
vn -0.368876 0.284908 0.884736
vn -0.508330 0.392617 0.766454
vn -0.508330 0.392617 0.766454
vn -0.612471 0.473051 0.633326
vn -0.612471 0.473051 0.633326
vn -0.600671 0.463938 0.651119
vn -0.600672 0.463937 0.651118
vn -0.545287 0.421160 0.724767
vn -0.545287 0.421160 0.724767
vn -0.497526 0.384271 0.777691
vn -0.497526 0.384271 0.777691
vn -0.483219 0.373221 0.791963
vn -0.483219 0.373221 0.791963
vn -0.612332 0.472943 0.633541
vn -0.612332 0.472943 0.633541
vn -0.586282 0.452823 0.671733
vn -0.586282 0.452823 0.671732
vn -0.591398 0.456775 0.664534
vn -0.591398 0.456775 0.664534
vn -0.625002 0.482729 0.613469
vn -0.625002 0.482729 0.613469
vn -0.649642 0.501761 0.571141
vn -0.649642 0.501760 0.571140
vn -0.629134 0.485920 0.606690
vn -0.629133 0.485920 0.606690
vn -0.634499 0.490065 0.597702
vn -0.634499 0.490065 0.597702
vn -0.612909 0.473390 0.632649
vn -0.612909 0.473389 0.632649
vn -0.606216 0.468219 0.642863
vn -0.606216 0.468220 0.642863
vn -0.604332 0.466765 0.645688
vn -0.604332 0.466765 0.645688
vn -0.637754 0.492579 0.592145
vn -0.637754 0.492579 0.592145
vn -0.632119 0.488226 0.601714
vn -0.632119 0.488227 0.601714
vn -0.601325 0.464442 0.650155
vn -0.601325 0.464442 0.650155
vn -0.533084 0.411735 0.739119
vn -0.533084 0.411735 0.739118
vn -0.553825 0.427755 0.714355
vn -0.553825 0.427755 0.714355
vn -0.432446 0.334006 0.837514
vn -0.432446 0.334006 0.837514
vn -0.066744 0.051551 0.996437
vn -0.066744 0.051551 0.996437
vn 0.188493 -0.145585 0.971224
vn 0.188493 -0.145585 0.971224
vn 0.351301 -0.271333 0.896084
vn 0.351301 -0.271333 0.896084
vn 0.509252 -0.393328 0.765477
vn 0.509252 -0.393328 0.765477
vn 0.536660 -0.414497 0.734975
vn 0.536659 -0.414497 0.734975
vn 0.566906 -0.437858 0.697781
vn 0.566906 -0.437858 0.697781
vn 0.579485 -0.447574 0.681084
vn 0.579485 -0.447574 0.681084
vn 0.573752 -0.443146 0.688789
vn 0.573752 -0.443146 0.688789
vn 0.559355 -0.432026 0.707443
vn 0.559355 -0.432026 0.707443
vn 0.549480 -0.424399 0.719692
vn 0.549480 -0.424399 0.719692
vn 0.524445 -0.405063 0.748921
vn 0.524445 -0.405063 0.748921
vn 0.502475 -0.388094 0.772594
vn 0.502475 -0.388094 0.772594
vn 0.496341 -0.383356 0.778898
vn 0.496342 -0.383356 0.778898
vn 0.505208 -0.390204 0.769744
vn 0.505208 -0.390205 0.769744
vn 0.516656 -0.399047 0.757515
vn 0.516656 -0.399047 0.757515
vn 0.519950 -0.401591 0.753908
vn 0.519950 -0.401591 0.753908
vn 0.518723 -0.400643 0.755256
vn 0.518723 -0.400643 0.755256
vn 0.498030 -0.384661 0.777176
vn 0.498031 -0.384661 0.777175
vn 0.471226 -0.363958 0.803418
vn 0.471226 -0.363958 0.803418
vn 0.437510 -0.337917 0.833305
vn 0.437509 -0.337917 0.833305
vn 0.459027 -0.354537 0.814615
vn 0.459027 -0.354537 0.814615
vn 0.512750 -0.396031 0.761740
vn 0.512751 -0.396030 0.761739
vn 0.570040 -0.440279 0.693692
vn 0.570041 -0.440278 0.693692
vn 0.662543 -0.511724 0.546969
vn 0.662543 -0.511724 0.546969
vn 0.697590 -0.538793 0.472303
vn 0.697590 -0.538794 0.472303
vn 0.705792 -0.545129 0.452429
vn 0.705792 -0.545129 0.452429
vn 0.675145 -0.521458 0.521786
vn 0.675145 -0.521458 0.521786
vn 0.495778 -0.382921 0.779472
vn 0.495778 -0.382921 0.779471
vn 0.248398 -0.191854 0.949469
vn 0.248398 -0.191854 0.949468
vn 0.150703 -0.116398 0.981703
vn 0.150703 -0.116398 0.981703
vn 0.107675 -0.083164 0.990702
vn 0.107675 -0.083164 0.990702
vn 0.255795 -0.197567 0.946328
vn 0.255795 -0.197567 0.946328
vn 0.515571 -0.398209 0.758694
vn 0.515571 -0.398208 0.758694
vn 0.550694 -0.425335 0.718210
vn 0.550692 -0.425336 0.718211
vn 0.559913 -0.432458 0.706738
vn 0.559913 -0.432457 0.706738
vn 0.591026 -0.456488 0.665062
vn 0.591026 -0.456488 0.665062
vn 0.615382 -0.475299 0.628805
vn 0.615382 -0.475299 0.628805
vn 0.533331 -0.411926 0.738834
vn 0.533330 -0.411926 0.738834
vn 0.424639 -0.327977 0.843868
vn 0.424639 -0.327976 0.843868
vn 0.492694 -0.380540 0.782587
vn 0.492695 -0.380539 0.782587
vn 0.574054 -0.443378 0.688388
vn 0.574054 -0.443380 0.688387
vn 0.594318 -0.459031 0.660361
vn 0.594319 -0.459031 0.660360
vn 0.573018 -0.442579 0.689764
vn 0.573018 -0.442578 0.689764
vn 0.585106 -0.451914 0.673368
vn 0.585106 -0.451915 0.673368
vn 0.607460 -0.469180 0.640986
vn 0.607460 -0.469180 0.640986
vn 0.618152 -0.477439 0.624452
vn 0.618152 -0.477440 0.624451
vn 0.654009 -0.505135 0.563125
vn 0.654010 -0.505135 0.563125
vn 0.644471 -0.497766 0.580419
vn 0.644470 -0.497767 0.580419
vn 0.613997 -0.474230 0.630962
vn 0.613997 -0.474229 0.630963
vn 0.589204 -0.455079 0.667639
vn 0.589203 -0.455079 0.667639
vn 0.583486 -0.450663 0.675608
vn 0.583485 -0.450664 0.675609
vn 0.606968 -0.468802 0.641727
vn 0.606970 -0.468801 0.641726
vn 0.614020 -0.474246 0.630929
vn 0.614019 -0.474248 0.630928
vn 0.520642 -0.402126 0.753144
vn 0.520643 -0.402126 0.753144
vn 0.469831 -0.362880 0.804721
vn 0.469831 -0.362880 0.804721
vn 0.512827 -0.396089 0.761657
vn 0.512825 -0.396089 0.761658
vn 0.526599 -0.406727 0.746503
vn 0.526599 -0.406725 0.746504
vn 0.533768 -0.412263 0.738330
vn 0.533767 -0.412263 0.738330
vn 0.528337 -0.408070 0.744540
vn 0.528337 -0.408068 0.744540
vn 0.523795 -0.404560 0.749646
vn 0.523795 -0.404560 0.749646
vn 0.489073 -0.377742 0.786205
vn 0.489073 -0.377744 0.786205
vn 0.404380 -0.312330 0.859609
vn 0.404380 -0.312328 0.859609
vn 0.402185 -0.310633 0.861252
vn 0.402185 -0.310634 0.861251
vn 0.448640 -0.346514 0.823802
vn 0.448640 -0.346514 0.823802
vn 0.468023 -0.361485 0.806401
vn 0.468025 -0.361485 0.806400
vn 0.463566 -0.358042 0.810501
vn 0.463566 -0.358042 0.810501
vn 0.556039 -0.429464 0.711605
vn 0.556039 -0.429464 0.711605
vn 0.576094 -0.444954 0.685662
vn 0.576094 -0.444955 0.685661
vn 0.571339 -0.441283 0.691983
vn 0.571339 -0.441283 0.691983
vn 0.597953 -0.461839 0.655100
vn 0.597954 -0.461837 0.655101
vn 0.612834 -0.473330 0.632766
vn 0.612834 -0.473330 0.632766
vn 0.645164 -0.498301 0.579189
vn 0.645164 -0.498299 0.579190
vn 0.630227 -0.486761 0.604878
vn 0.630226 -0.486765 0.604876
vn 0.563574 -0.435286 0.702076
vn 0.563576 -0.435285 0.702075
vn 0.543951 -0.420127 0.726368
vn 0.543951 -0.420127 0.726368
vn 0.575363 -0.444389 0.686641
vn 0.575363 -0.444389 0.686641
vn 0.521239 -0.402586 0.752485
vn 0.521239 -0.402586 0.752485
vn 0.495990 -0.383084 0.779256
vn 0.495990 -0.383089 0.779254
vn 0.514132 -0.397102 0.760248
vn 0.514137 -0.397101 0.760246
vn 0.609492 -0.470749 0.637899
vn 0.609492 -0.470749 0.637899
vn 0.569244 -0.439663 0.694736
vn 0.569244 -0.439663 0.694736
vn 0.449660 -0.347301 0.822914
vn 0.449660 -0.347301 0.822914
vn 0.450208 -0.347724 0.822436
vn 0.450207 -0.347728 0.822434
vn 0.503457 -0.388857 0.771571
vn 0.503457 -0.388853 0.771573
vn 0.528895 -0.408500 0.743907
vn 0.528896 -0.408500 0.743906
vn 0.524360 -0.404996 0.749016
vn 0.524360 -0.404996 0.749016
vn 0.526224 -0.406436 0.746926
vn 0.526224 -0.406436 0.746926
vn 0.506434 -0.391151 0.768457
vn 0.506429 -0.391153 0.768459
vn 0.467402 -0.361009 0.806974
vn 0.467402 -0.361006 0.806976
vn 0.465740 -0.359722 0.808509
vn 0.465742 -0.359722 0.808508
vn 0.493660 -0.381285 0.781615
vn 0.493660 -0.381285 0.781615
vn 0.492566 -0.380440 0.782716
vn 0.492566 -0.380440 0.782716
vn 0.494073 -0.381604 0.781198
vn 0.494073 -0.381607 0.781197
vn 0.469690 -0.362775 0.804852
vn 0.469690 -0.362771 0.804853
vn 0.452174 -0.349243 0.820712
vn 0.452174 -0.349243 0.820712
vn 0.443700 -0.342698 0.828063
vn 0.443700 -0.342698 0.828063
vn 0.432239 -0.333845 0.837686
vn 0.432239 -0.333845 0.837686
vn 0.423813 -0.327338 0.844531
vn 0.423810 -0.327339 0.844532
vn 0.400285 -0.309169 0.862662
vn 0.400288 -0.309168 0.862661
vn 0.310726 -0.239993 0.919703
vn 0.310726 -0.239993 0.919703
vn 0.082282 -0.063551 0.994581
vn 0.082281 -0.063551 0.994581
vn -0.017042 0.013163 0.999768
vn -0.017042 0.013163 0.999768
vn -0.045236 0.034938 0.998365
vn -0.045235 0.034938 0.998365
vn -0.029327 0.022652 0.999313
vn -0.029328 0.022652 0.999313
vn 0.026424 -0.020409 0.999442
vn 0.026424 -0.020409 0.999442
vn 0.040084 -0.030960 0.998717
vn 0.040084 -0.030960 0.998717
vn 0.006666 -0.005148 0.999965
vn 0.006666 -0.005148 0.999965
vn -0.024270 0.018745 0.999530
vn -0.024270 0.018745 0.999530
vn 0.077006 -0.059477 0.995255
vn 0.077006 -0.059477 0.995255
vn -0.011710 0.009044 0.999891
vn -0.011710 0.009044 0.999891
vn 0.070660 -0.054575 0.996006
vn 0.070660 -0.054575 0.996006
vn 0.086133 -0.066526 0.994060
vn 0.086133 -0.066526 0.994060
vn 0.051619 -0.039869 0.997871
vn 0.051619 -0.039869 0.997871
vn 0.049378 -0.038138 0.998052
vn 0.049378 -0.038138 0.998052
vn -0.022029 0.017015 0.999613
vn -0.022029 0.017015 0.999613
vn -0.034617 0.026737 0.999043
vn -0.034617 0.026737 0.999043
vn -0.002630 0.002031 0.999995
vn -0.002630 0.002031 0.999995
vn 0.019895 -0.015366 0.999684
vn 0.019895 -0.015366 0.999684
vn -0.008587 0.006632 0.999941
vn -0.008587 0.006632 0.999941
vn 0.064492 -0.049811 0.996674
vn 0.064492 -0.049811 0.996674
vn 0.036811 -0.028432 0.998918
vn 0.036811 -0.028432 0.998918
vn -0.003091 0.002388 0.999992
vn -0.003091 0.002388 0.999992
vn -0.018040 0.013933 0.999740
vn -0.018040 0.013933 0.999740
vn -0.041121 0.031761 0.998649
vn -0.041121 0.031761 0.998649
vn -0.068920 0.053232 0.996201
vn -0.068920 0.053232 0.996201
vn -0.055851 0.043137 0.997507
vn -0.055851 0.043137 0.997507
vn -0.069324 0.053543 0.996156
vn -0.069324 0.053543 0.996156
vn -0.059482 0.045942 0.997172
vn -0.059482 0.045942 0.997172
vn -0.046795 0.036143 0.998250
vn -0.046795 0.036143 0.998250
vn -0.079999 0.061789 0.994878
vn -0.080000 0.061789 0.994878
vn -0.092893 0.071747 0.993088
vn -0.092892 0.071747 0.993088
vn -0.156489 0.120867 0.980256
vn -0.156490 0.120867 0.980256
vn -0.216408 0.167145 0.961889
vn -0.216408 0.167145 0.961889
vn -0.340414 0.262923 0.902768
vn -0.340411 0.262924 0.902769
vn -0.399383 0.308472 0.863330
vn -0.399383 0.308469 0.863331
vn -0.410193 0.316818 0.855201
vn -0.410193 0.316818 0.855201
vn -0.411493 0.317822 0.854203
vn -0.411493 0.317822 0.854203
vn -0.401856 0.310379 0.861497
vn -0.401856 0.310379 0.861497
vn -0.392360 0.303044 0.868457
vn -0.392357 0.303045 0.868458
vn -0.411766 0.318036 0.853992
vn -0.411766 0.318033 0.853993
vn -0.427288 0.330021 0.841731
vn -0.427285 0.330022 0.841732
vn -0.573659 0.443077 0.688911
vn -0.573662 0.443075 0.688910
vn -0.676820 0.522751 0.518311
vn -0.676820 0.522751 0.518311
vn -0.688144 0.531497 0.493932
vn -0.688144 0.531497 0.493932
vn -0.514693 0.397530 0.759645
vn -0.514693 0.397530 0.759645
vn -0.269285 0.207986 0.940333
vn -0.269285 0.207986 0.940333
vn -0.255702 0.197495 0.946368
vn -0.255702 0.197495 0.946368
vn -0.124516 0.096171 0.987546
vn -0.124516 0.096171 0.987546
vn 0.408207 -0.315284 0.856716
vn 0.408207 -0.315284 0.856716
vn 0.536114 -0.414075 0.735611
vn 0.536114 -0.414075 0.735611
vn 0.376095 -0.290482 0.879871
vn 0.376093 -0.290482 0.879872
vn 0.066053 -0.051017 0.996511
vn 0.066054 -0.051017 0.996511
vn -0.121401 0.093766 0.988165
vn -0.121401 0.093766 0.988165
vn -0.160649 0.124079 0.979181
vn -0.160649 0.124079 0.979181
vn -0.086144 0.066534 0.994059
vn -0.086144 0.066534 0.994059
vn 0.061791 -0.047725 0.996947
vn 0.061791 -0.047725 0.996947
vn 0.204126 -0.157659 0.966166
vn 0.204122 -0.157660 0.966166
vn 0.255875 -0.197632 0.946292
vn 0.255874 -0.197628 0.946293
vn 0.227920 -0.176037 0.957634
vn 0.227920 -0.176037 0.957634
vn 0.234680 -0.181258 0.955024
vn 0.234680 -0.181258 0.955024
vn 0.272232 -0.210262 0.938978
vn 0.272233 -0.210264 0.938977
vn 0.130613 -0.100882 0.986287
vn 0.130614 -0.100882 0.986287
vn -0.130800 0.101025 0.986248
vn -0.130800 0.101025 0.986248
vn -0.241133 0.186243 0.952454
vn -0.241133 0.186243 0.952454
vn -0.361728 0.279386 0.889436
vn -0.361728 0.279386 0.889436
vn -0.303228 0.234202 0.923689
vn -0.303228 0.234202 0.923689
vn -0.303507 0.234418 0.923543
vn -0.303502 0.234419 0.923544
vn -0.403685 0.311798 0.860128
vn -0.403691 0.311796 0.860126
vn -0.473279 0.365543 0.801489
vn -0.473279 0.365543 0.801489
vn -0.517467 0.399672 0.756630
vn -0.517467 0.399672 0.756630
vn -0.528441 0.408148 0.744423
vn -0.528438 0.408149 0.744425
vn -0.551113 0.425663 0.717695
vn -0.551113 0.425663 0.717695
vn -0.518517 0.400487 0.755480
vn -0.518520 0.400486 0.755479
vn -0.463155 0.357724 0.810877
vn -0.463155 0.357724 0.810877
vn -0.261747 0.202164 0.943726
vn -0.261747 0.202164 0.943726
vn -0.294330 0.227330 0.928273
vn -0.294330 0.227330 0.928273
vn -0.278214 0.214882 0.936174
vn -0.278209 0.214883 0.936176
vn -0.028985 0.022387 0.999329
vn -0.028985 0.022387 0.999329
vn 0.116941 -0.090321 0.989023
vn 0.116941 -0.090321 0.989023
vn 0.025352 -0.019581 0.999487
vn 0.025352 -0.019581 0.999487
vn -0.168184 0.129899 0.977159
vn -0.168183 0.129899 0.977160
vn -0.214322 0.165536 0.962634
vn -0.214322 0.165536 0.962634
vn -0.317886 0.245525 0.915787
vn -0.317885 0.245523 0.915788
vn -0.514853 0.397654 0.759472
vn -0.514853 0.397654 0.759472
vn -0.634397 0.489985 0.597876
vn -0.634397 0.489985 0.597876
vn -0.618211 0.477483 0.624360
vn -0.618211 0.477483 0.624360
vn -0.635471 0.490814 0.596052
vn -0.635468 0.490816 0.596053
vn -0.640735 0.494884 0.586983
vn -0.640735 0.494884 0.586983
vn -0.619355 0.478371 0.622544
vn -0.619361 0.478368 0.622540
vn -0.500743 0.386752 0.774390
vn -0.500742 0.386758 0.774387
vn -0.210735 0.162765 0.963898
vn -0.210734 0.162762 0.963898
vn -0.098385 0.075988 0.992243
vn -0.098384 0.075989 0.992243
vn -0.068507 0.052912 0.996247
vn -0.068506 0.052911 0.996247
vn -0.053442 0.041277 0.997717
vn -0.053442 0.041277 0.997717
vn 0.791369 -0.611229 0.011601
vn 0.791369 -0.611229 0.011601
vn 0.000000 0.000000 -1.000000
vn 0.000000 0.000000 -1.000000
vn -0.791422 0.611270 0.000000
vn -0.791422 0.611270 0.000000
vn -0.611268 -0.791424 0.000000
vn -0.611268 -0.791424 0.000000
vn -0.611268 -0.791424 0.000000
vn -0.611268 -0.791424 0.000000
vn -0.611268 -0.791424 0.000021
vn -0.611269 -0.791423 0.000003
vn -0.611269 -0.791423 -0.000014
vn -0.611244 -0.791442 0.000075
vn -0.611269 -0.791423 -0.000017
vn -0.611268 -0.791424 0.000001
vn -0.611268 -0.791423 -0.000002
vn -0.611266 -0.791425 0.000023
vn -0.611268 -0.791423 0.000000
vn -0.611268 -0.791424 0.000000
vn -0.611270 -0.791422 -0.000007
vn -0.611272 -0.791421 -0.000011
vn -0.611278 -0.791416 -0.000024
vn -0.611269 -0.791423 -0.000004
vn -0.611266 -0.791425 0.000004
vn -0.611268 -0.791424 -0.000001
vn -0.611268 -0.791424 0.000000
vn -0.611268 -0.791424 0.000000
vn -0.611268 -0.791424 0.000000
vn -0.611268 -0.791424 0.000000
vn -0.611265 -0.791426 -0.000014
vn -0.611264 -0.791427 0.000016
vn -0.611267 -0.791424 0.000001
vn -0.611268 -0.791424 -0.000001
vn -0.611268 -0.791424 0.000001
vn -0.611268 -0.791424 0.000001
vn -0.611268 -0.791424 -0.000001
vn -0.611268 -0.791424 0.000001
vn -0.611268 -0.791424 0.000001
vn -0.611269 -0.791423 -0.000008
vn -0.611267 -0.791425 0.000003
vn -0.611264 -0.791427 0.000016
vn -0.611268 -0.791424 0.000001
vn -0.611272 -0.791420 -0.000000
vn -0.611264 -0.791427 -0.000000
vn -0.611272 -0.791420 0.000000
vn -0.611264 -0.791427 -0.000000
vn -0.611266 -0.791426 -0.000000
vn -0.611268 -0.791424 0.000000
vn -0.611268 -0.791424 0.000000
vn -0.611268 -0.791424 0.000000
vn -0.611268 -0.791424 0.000000
vn -0.611268 -0.791424 0.000000
vn -0.611268 -0.791424 0.000000
vn -0.611272 -0.791421 0.000003
vn -0.611262 -0.791429 -0.000005
vn -0.611268 -0.791424 0.000000
vn -0.611268 -0.791424 0.000000
vn -0.611268 -0.791424 0.000000
vn -0.611268 -0.791424 0.000000
vn -0.611268 -0.791424 -0.000000
vn -0.611268 -0.791424 -0.000000
vn -0.611271 -0.791421 -0.000011
vn -0.611268 -0.791424 0.000000
vn -0.611267 -0.791424 0.000000
vn -0.611268 -0.791424 0.000000
vn -0.611267 -0.791425 0.000000
vn -0.611268 -0.791424 0.000000
vn -0.611268 -0.791424 0.000000
vn -0.611265 -0.791426 -0.000003
vn -0.611268 -0.791424 0.000000
vn -0.611268 -0.791424 0.000000
vn -0.611269 -0.791423 -0.000038
vn -0.611253 -0.791436 0.000182
vn -0.611268 -0.791423 0.000001
vn -0.611267 -0.791425 0.000015
vn -0.611273 -0.791420 -0.000097
vn -0.611268 -0.791423 0.000000
vn -0.611266 -0.791425 0.000000
vn -0.611266 -0.791425 -0.000006
vn -0.611272 -0.791420 0.000006
vn -0.611268 -0.791424 0.000000
vn -0.611267 -0.791424 0.000003
vn -0.611270 -0.791422 0.000000
vn -0.611265 -0.791426 -0.000007
vn -0.611267 -0.791425 0.000000
vn -0.611268 -0.791424 0.000004
vn -0.611264 -0.791426 0.000004
vn -0.611271 -0.791421 0.000000
vn -0.611266 -0.791425 -0.000009
vn -0.611265 -0.791426 -0.000005
vn -0.611264 -0.791427 -0.000012
vn -0.611268 -0.791423 0.000005
vn -0.611269 -0.791423 0.000006
vn -0.611267 -0.791425 -0.000004
vn -0.611269 -0.791423 0.000003
vn -0.611266 -0.791425 -0.000006
vn -0.611265 -0.791426 -0.000049
vn -0.611271 -0.791421 0.000023
vn -0.611268 -0.791424 0.000000
vn -0.611268 -0.791424 0.000001
vn -0.611268 -0.791424 0.000000
vn -0.611267 -0.791425 -0.000013
vn -0.611268 -0.791424 0.000000
vn -0.611268 -0.791424 0.000000
vn -0.611266 -0.791425 -0.000028
vn -0.611268 -0.791424 0.000004
vn -0.611268 -0.791424 0.000000
vn -0.611268 -0.791424 0.000000
vn -0.611271 -0.791422 0.000005
vn -0.611269 -0.791423 0.000001
vn -0.611262 -0.791428 -0.000009
vn -0.611270 -0.791422 0.000005
vn -0.611323 -0.791381 0.000070
vn -0.611268 -0.791423 0.000000
vn -0.611265 -0.791426 -0.000004
vn -0.611263 -0.791428 -0.000007
vn -0.611267 -0.791425 -0.000001
vn -0.611268 -0.791423 0.000002
vn -0.611270 -0.791422 0.000003
vn -0.611269 -0.791423 0.000001
vn -0.611268 -0.791424 -0.000000
vn -0.611268 -0.791424 -0.000000
vn -0.611236 -0.791448 -0.000050
vn -0.611267 -0.791425 -0.000004
vn -0.611281 -0.791414 0.000018
vn -0.611262 -0.791428 -0.000009
vn -0.611269 -0.791423 0.000001
vn -0.611267 -0.791424 -0.000001
vn -0.611269 -0.791423 0.000003
vn -0.611254 -0.791434 -0.000021
vn -0.611268 -0.791424 0.000000
vn -0.611269 -0.791423 0.000002
vn -0.611267 -0.791424 0.000000
vn -0.611265 -0.791426 -0.000003
vn -0.611272 -0.791420 0.000007
vn -0.611269 -0.791423 0.000003
vn -0.611263 -0.791428 -0.000008
vn -0.611267 -0.791424 0.000000
vn -0.611247 -0.791440 -0.000035
vn -0.611271 -0.791421 0.000007
vn -0.611319 -0.791385 0.000059
vn -0.611269 -0.791423 0.000003
vn -0.611268 -0.791424 0.000001
vn -0.611267 -0.791424 -0.000001
vn -0.611269 -0.791423 0.000001
vn -0.611268 -0.791424 -0.000000
vn -0.611268 -0.791424 -0.000001
vn -0.611267 -0.791425 -0.000003
vn -0.611267 -0.791424 -0.000001
vn -0.611267 -0.791424 0.000000
vn -0.611268 -0.791423 0.000001
vn -0.611267 -0.791424 -0.000001
vn -0.611268 -0.791424 0.000000
vn -0.611268 -0.791424 0.000000
vn -0.611268 -0.791424 0.000000
vn -0.611269 -0.791423 0.000002
vn -0.611268 -0.791424 0.000000
vn -0.611267 -0.791425 -0.000002
vn -0.611268 -0.791424 -0.000000
vn -0.611268 -0.791424 -0.000000
vn -0.611268 -0.791424 0.000000
vn -0.611268 -0.791424 0.000000
vn -0.611268 -0.791424 0.000000
vn -0.611268 -0.791424 0.000000
vn -0.611268 -0.791424 0.000000
vn -0.611268 -0.791424 -0.000000
vn -0.611268 -0.791424 0.000000
vn -0.611268 -0.791424 0.000000
vn -0.611268 -0.791424 -0.000000
vn -0.611268 -0.791424 -0.000000
vn -0.611268 -0.791424 0.000000
vn -0.611268 -0.791424 0.000000
vn -0.611268 -0.791424 0.000000
vn -0.611268 -0.791424 0.000001
vn -0.611268 -0.791424 0.000000
vn -0.611268 -0.791424 -0.000000
vn -0.611268 -0.791424 0.000000
vn -0.611268 -0.791424 0.000000
vn -0.611268 -0.791424 0.000001
vn -0.611268 -0.791424 -0.000000
vn -0.611268 -0.791424 0.000000
vn -0.611268 -0.791424 -0.000001
vn -0.611268 -0.791424 0.000000
vn -0.611268 -0.791424 0.000001
vn -0.611268 -0.791424 -0.000000
vn -0.611268 -0.791424 0.000000
vn -0.611268 -0.791424 0.000000
vn -0.611268 -0.791424 0.000000
vn -0.611268 -0.791424 0.000000
vn -0.611268 -0.791424 -0.000000
vn -0.611268 -0.791423 -0.000001
vn -0.611269 -0.791423 -0.000001
vn -0.611269 -0.791423 -0.000002
vn -0.611266 -0.791425 0.000002
vn -0.611266 -0.791425 0.000002
vn -0.611268 -0.791424 0.000000
vn -0.611269 -0.791423 -0.000001
vn -0.611268 -0.791424 0.000000
vn -0.611268 -0.791424 0.000001
vn -0.611268 -0.791424 0.000000
vn -0.611268 -0.791424 0.000000
vn -0.611268 -0.791424 0.000000
vn -0.611268 -0.791424 -0.000002
vn -0.611267 -0.791424 0.000001
vn -0.611266 -0.791425 0.000003
vn -0.611270 -0.791422 -0.000005
vn -0.611267 -0.791424 0.000001
vn -0.611268 -0.791424 0.000001
vn -0.611269 -0.791423 -0.000002
vn -0.611267 -0.791425 0.000002
vn -0.611269 -0.791423 -0.000001
vn -0.611268 -0.791424 0.000000
vn -0.611264 -0.791427 0.000007
vn -0.611268 -0.791424 -0.000000
vn -0.611262 -0.791429 0.000009
vn -0.611272 -0.791420 -0.000005
vn -0.611272 -0.791421 -0.000006
vn -0.611248 -0.791439 0.000021
vn -0.611278 -0.791416 -0.000010
vn -0.611264 -0.791426 0.000003
vn -0.611284 -0.791411 -0.000016
vn -0.611268 -0.791424 -0.000000
vn -0.611267 -0.791425 0.000001
vn -0.611268 -0.791424 0.000000
vn -0.611268 -0.791424 -0.000000
vn -0.611268 -0.791424 0.000000
vn -0.611268 -0.791424 0.000000
vn -0.611268 -0.791424 0.000003
vn -0.611268 -0.791424 -0.000000
vn -0.611268 -0.791424 -0.000004
vn -0.611285 -0.791411 -0.000020
vn -0.611268 -0.791424 -0.000002
vn -0.611268 -0.791424 0.000000
vn -0.611255 -0.791434 0.000012
vn -0.611268 -0.791424 0.000001
vn -0.611268 -0.791424 0.000000
vn -0.611268 -0.791424 0.000002
vn -0.611268 -0.791424 0.000009
vn -0.611268 -0.791424 0.000000
vn -0.611268 -0.791424 0.000000
vn -0.611281 -0.791413 -0.000021
vn -0.611268 -0.791424 0.000000
vn -0.611260 -0.791430 0.000009
vn -0.611268 -0.791424 0.000000
vn -0.611268 -0.791424 -0.000007
vn -0.611255 -0.791434 0.000028
vn -0.611272 -0.791420 -0.000008
vn -0.611264 -0.791427 0.000005
vn -0.611262 -0.791428 0.000009
vn -0.611262 -0.791428 0.000007
vn -0.611274 -0.791419 -0.000010
vn -0.611266 -0.791425 0.000003
vn -0.611306 -0.791394 -0.000043
vn -0.611269 -0.791423 -0.000002
vn -0.611279 -0.791415 -0.000011
vn -0.611271 -0.791421 -0.000003
vn -0.611268 -0.791424 -0.000003
vn -0.611268 -0.791424 0.000000
vn -0.611270 -0.791422 -0.000003
vn -0.611268 -0.791424 0.000006
vn -0.611268 -0.791424 0.000000
vn -0.611268 -0.791424 0.000000
vn -0.611267 -0.791424 0.000000
vn -0.611272 -0.791420 -0.000006
vn -0.611270 -0.791422 -0.000003
vn -0.611264 -0.791427 0.000004
vn -0.611264 -0.791427 0.000004
vn -0.611268 -0.791424 -0.000000
vn -0.611268 -0.791424 0.000004
vn -0.611268 -0.791424 -0.000000
vn -0.611268 -0.791424 -0.000000
vn -0.611268 -0.791424 -0.000000
vn -0.611268 -0.791424 -0.000003
vn -0.611268 -0.791424 -0.000000
vn -0.611268 -0.791424 0.000000
vn -0.611268 -0.791424 -0.000002
vn -0.611285 -0.791411 -0.000031
vn -0.611246 -0.791441 0.000034
vn -0.611270 -0.791422 -0.000004
vn -0.611265 -0.791426 0.000003
vn -0.611268 -0.791424 -0.000002
vn -0.611267 -0.791424 0.000003
vn -0.611268 -0.791424 -0.000000
vn -0.611268 -0.791424 0.000000
vn -0.611163 -0.791505 0.000176
vn -0.611292 -0.791405 -0.000038
vn -0.611259 -0.791430 0.000012
vn -0.611268 -0.791424 0.000000
vn -0.611219 -0.791462 0.000084
vn -0.611268 -0.791424 -0.000011
vn -0.611268 -0.791424 0.000012
vn -0.611268 -0.791424 0.000006
vn -0.611268 -0.791424 -0.000013
vn -0.611268 -0.791424 -0.000013
vn -0.611268 -0.791424 0.000013
vn -0.611268 -0.791424 -0.000029
vn -0.611266 -0.791425 -0.000037
vn -0.611266 -0.791425 0.000059
vn -0.611267 -0.791424 0.000019
vn -0.611269 -0.791423 -0.000082
vn -0.611267 -0.791424 -0.000032
vn -0.611268 -0.791424 0.000000
vn -0.611265 -0.791426 0.000088
vn -0.611266 -0.791425 0.000075
vn -0.611268 -0.791424 0.000000
vn -0.611268 -0.791424 0.000000
vn -0.611267 -0.791424 -0.000022
vn -0.611265 -0.791426 0.000045
vn -0.611268 -0.791424 -0.000050
vn -0.611267 -0.791424 0.000018
vn -0.611268 -0.791424 0.000000
vn -0.611268 -0.791423 0.000000
vn -0.611268 -0.791424 0.000000
vn -0.611265 -0.791426 0.000015
vn -0.611268 -0.791424 0.000000
vn -0.611267 -0.791425 -0.000002
vn -0.611267 -0.791425 -0.000001
vn -0.611266 -0.791425 0.000003
vn -0.611267 -0.791424 0.000002
vn -0.611265 -0.791426 -0.000009
vn -0.611267 -0.791424 -0.000001
vn -0.611272 -0.791421 0.000011
vn -0.611268 -0.791424 0.000000
vn -0.611268 -0.791424 0.000000
vn -0.611268 -0.791424 0.000000
vn -0.611267 -0.791424 -0.000007
vn -0.611268 -0.791424 -0.000025
vn -0.611267 -0.791425 0.000006
vn -0.611267 -0.791425 0.000005
vn -0.611269 -0.791423 0.000009
vn -0.611268 -0.791424 -0.000001
vn -0.611268 -0.791424 -0.000002
vn -0.611267 -0.791425 0.000004
vn -0.611268 -0.791424 -0.000000
vn -0.611268 -0.791424 -0.000000
vn -0.611268 -0.791424 -0.000000
vn -0.611270 -0.791422 0.000016
vn -0.611268 -0.791424 0.000000
vn -0.611261 -0.791429 -0.000016
vn -0.611268 -0.791424 0.000000
vn -0.611261 -0.791429 -0.000024
vn -0.611267 -0.791425 0.000012
vn -0.611267 -0.791424 -0.000001
vn -0.611265 -0.791426 -0.000009
vn -0.611265 -0.791426 -0.000008
vn -0.611268 -0.791424 0.000001
vn -0.611267 -0.791424 -0.000001
vn -0.611268 -0.791424 -0.000001
vn -0.611268 -0.791423 0.000000
vn -0.611277 -0.791417 0.000020
vn -0.611262 -0.791428 -0.000013
vn -0.611264 -0.791427 -0.000008
vn -0.611273 -0.791420 0.000010
vn -0.611271 -0.791422 0.000005
vn -0.611263 -0.791427 -0.000010
vn -0.611266 -0.791425 -0.000002
vn -0.611266 -0.791425 -0.000002
vn -0.611271 -0.791422 0.000006
vn -0.611268 -0.791424 -0.000000
vn -0.611268 -0.791424 -0.000001
vn -0.611264 -0.791426 0.000007
vn -0.611268 -0.791424 -0.000000
vn -0.611267 -0.791424 -0.000000
vn -0.611272 -0.791420 -0.000008
vn -0.611268 -0.791424 -0.000001
vn -0.611265 -0.791426 0.000005
vn -0.611268 -0.791424 -0.000000
vn -0.611268 -0.791424 -0.000000
vn -0.611268 -0.791424 -0.000000
vn -0.611265 -0.791426 0.000004
vn -0.611268 -0.791424 -0.000000
vn -0.611271 -0.791421 -0.000006
vn -0.611268 -0.791424 -0.000000
vn -0.611268 -0.791424 -0.000000
vn -0.611266 -0.791425 0.000003
vn -0.611268 -0.791424 -0.000000
vn -0.611268 -0.791424 -0.000000
vn -0.611268 -0.791424 -0.000001
vn -0.611268 -0.791424 -0.000000
vn -0.611268 -0.791424 -0.000000
vn -0.611268 -0.791424 -0.000000
vn -0.611263 -0.791428 0.000003
vn -0.611268 -0.791424 -0.000000
vn -0.611267 -0.791424 0.000001
vn -0.611268 -0.791424 -0.000000
vn -0.611272 -0.791421 -0.000001
vn -0.611268 -0.791424 -0.000000
vn -0.611268 -0.791424 -0.000001
vn -0.611272 -0.791421 -0.000010
vn -0.611268 -0.791424 0.000000
vn -0.611268 -0.791424 -0.000000
vn -0.611274 -0.791419 0.000035
vn -0.611268 -0.791424 -0.000000
vn -0.611268 -0.791424 -0.000001
vn 0.611267 0.791425 -0.000038
vn 0.611268 0.791424 0.000000
vn 0.611267 0.791425 -0.000040
vn 0.611269 0.791423 0.000025
vn 0.611269 0.791423 0.000004
vn 0.611269 0.791423 0.000017
vn 0.611269 0.791423 0.000016
vn 0.611244 0.791442 -0.000075
vn 0.611267 0.791425 -0.000016
vn 0.611268 0.791423 0.000001
vn 0.611268 0.791424 -0.000001
vn 0.611270 0.791422 0.000023
vn 0.611268 0.791424 -0.000001
vn 0.611268 0.791424 0.000001
vn 0.611270 0.791422 0.000007
vn 0.611298 0.791400 0.000070
vn 0.611297 0.791401 0.000069
vn 0.611270 0.791422 0.000004
vn 0.611266 0.791425 -0.000004
vn 0.611268 0.791423 0.000002
vn 0.611268 0.791423 0.000000
vn 0.611268 0.791424 0.000000
vn 0.611268 0.791424 0.000000
vn 0.611268 0.791424 0.000000
vn 0.611267 0.791424 -0.000012
vn 0.611268 0.791424 0.000000
vn 0.611266 0.791425 -0.000003
vn 0.611266 0.791425 0.000003
vn 0.611267 0.791425 -0.000003
vn 0.611267 0.791425 -0.000002
vn 0.611269 0.791423 0.000013
vn 0.611267 0.791425 -0.000002
vn 0.611268 0.791424 -0.000000
vn 0.611269 0.791423 0.000007
vn 0.611264 0.791427 -0.000015
vn 0.611268 0.791424 -0.000000
vn 0.611268 0.791424 -0.000000
vn 0.611264 0.791427 -0.000000
vn 0.611272 0.791420 -0.000000
vn 0.611264 0.791427 0.000000
vn 0.611266 0.791425 0.000000
vn 0.611264 0.791427 0.000000
vn 0.611268 0.791424 -0.000000
vn 0.611268 0.791424 -0.000000
vn 0.611269 0.791423 -0.000001
vn 0.611268 0.791424 -0.000000
vn 0.611271 0.791422 -0.000003
vn 0.611267 0.791424 0.000000
vn 0.611263 0.791428 0.000005
vn 0.611268 0.791423 -0.000001
vn 0.611268 0.791423 0.000000
vn 0.611267 0.791424 -0.000001
vn 0.611268 0.791424 -0.000000
vn 0.611268 0.791424 -0.000000
vn 0.611268 0.791424 0.000000
vn 0.611268 0.791424 0.000000
vn 0.611271 0.791422 0.000012
vn 0.611268 0.791424 -0.000000
vn 0.611268 0.791424 -0.000000
vn 0.611268 0.791424 -0.000000
vn 0.611268 0.791424 -0.000000
vn 0.611266 0.791425 0.000002
vn 0.611268 0.791424 0.000200
vn 0.611272 0.791421 -0.000007
vn 0.611269 0.791423 0.000062
vn 0.611274 0.791419 0.000183
vn 0.611266 0.791425 -0.000025
vn 0.611268 0.791424 0.000000
vn 0.611268 0.791424 0.000000
vn 0.611267 0.791425 -0.000014
vn 0.611268 0.791424 0.000012
vn 0.611268 0.791424 -0.000000
vn 0.611265 0.791426 0.000004
vn 0.611272 0.791421 -0.000007
vn 0.611268 0.791424 -0.000000
vn 0.611268 0.791424 -0.000000
vn 0.611268 0.791424 -0.000000
vn 0.611265 0.791426 0.000005
vn 0.611268 0.791424 -0.000001
vn 0.611268 0.791424 -0.000001
vn 0.611268 0.791424 -0.000001
vn 0.611268 0.791424 -0.000001
vn 0.611265 0.791426 0.000006
vn 0.611273 0.791419 -0.000012
vn 0.611265 0.791426 0.000005
vn 0.611269 0.791423 -0.000012
vn 0.611268 0.791423 -0.000005
vn 0.611269 0.791423 -0.000006
vn 0.611267 0.791425 0.000004
vn 0.611268 0.791423 -0.000003
vn 0.611269 0.791423 -0.000005
vn 0.611269 0.791423 -0.000015
vn 0.611268 0.791424 -0.000001
vn 0.611268 0.791424 -0.000001
vn 0.611268 0.791424 -0.000001
vn 0.611268 0.791424 0.000000
vn 0.611267 0.791425 0.000012
vn 0.611268 0.791424 -0.000002
vn 0.611268 0.791424 0.000000
vn 0.611267 0.791424 0.000004
vn 0.611268 0.791424 -0.000002
vn 0.611268 0.791424 -0.000001
vn 0.611266 0.791425 0.000005
vn 0.611268 0.791423 -0.000000
vn 0.611264 0.791427 0.000009
vn 0.611270 0.791422 -0.000005
vn 0.611268 0.791424 0.000000
vn 0.611268 0.791424 0.000000
vn 0.611265 0.791426 0.000004
vn 0.611265 0.791426 0.000004
vn 0.611267 0.791425 0.000001
vn 0.611272 0.791421 -0.000007
vn 0.611268 0.791424 0.000000
vn 0.611270 0.791422 -0.000003
vn 0.611265 0.791426 0.000004
vn 0.611261 0.791429 0.000009
vn 0.611266 0.791425 0.000002
vn 0.611281 0.791413 -0.000022
vn 0.611275 0.791418 -0.000012
vn 0.611267 0.791425 0.000000
vn 0.611276 0.791418 -0.000011
vn 0.611276 0.791418 -0.000009
vn 0.611267 0.791424 0.000001
vn 0.611268 0.791424 0.000000
vn 0.611260 0.791430 0.000013
vn 0.611266 0.791425 0.000003
vn 0.611275 0.791418 -0.000010
vn 0.611267 0.791424 0.000001
vn 0.611272 0.791420 -0.000007
vn 0.611263 0.791427 0.000006
vn 0.611266 0.791425 0.000003
vn 0.611263 0.791427 0.000008
vn 0.611266 0.791426 0.000004
vn 0.611279 0.791415 -0.000021
vn 0.611277 0.791416 -0.000017
vn 0.611297 0.791401 -0.000036
vn 0.611267 0.791425 0.000002
vn 0.611268 0.791423 -0.000001
vn 0.611269 0.791423 -0.000001
vn 0.611267 0.791425 0.000002
vn 0.611268 0.791424 -0.000000
vn 0.611267 0.791424 0.000001
vn 0.611270 0.791422 -0.000005
vn 0.611271 0.791421 -0.000004
vn 0.611266 0.791425 0.000003
vn 0.611267 0.791424 0.000000
vn 0.611266 0.791425 0.000003
vn 0.611268 0.791423 -0.000001
vn 0.611268 0.791424 -0.000000
vn 0.611264 0.791427 0.000005
vn 0.611266 0.791425 0.000002
vn 0.611268 0.791424 -0.000001
vn 0.611266 0.791425 0.000002
vn 0.611268 0.791424 -0.000000
vn 0.611268 0.791424 0.000000
vn 0.611268 0.791424 0.000000
vn 0.611268 0.791424 0.000000
vn 0.611268 0.791424 -0.000000
vn 0.611268 0.791424 0.000000
vn 0.611268 0.791424 -0.000000
vn 0.611268 0.791424 0.000000
vn 0.611268 0.791424 -0.000000
vn 0.611268 0.791424 0.000000
vn 0.611268 0.791424 -0.000000
vn 0.611268 0.791424 0.000001
vn 0.611268 0.791424 -0.000000
vn 0.611268 0.791424 -0.000001
vn 0.611268 0.791424 -0.000001
vn 0.611268 0.791424 0.000000
vn 0.611268 0.791424 0.000000
vn 0.611268 0.791424 0.000000
vn 0.611268 0.791424 -0.000000
vn 0.611268 0.791424 -0.000001
vn 0.611268 0.791424 0.000000
vn 0.611268 0.791424 -0.000001
vn 0.611268 0.791424 -0.000000
vn 0.611268 0.791424 0.000000
vn 0.611268 0.791424 0.000000
vn 0.611268 0.791424 0.000000
vn 0.611268 0.791424 0.000000
vn 0.611268 0.791424 -0.000000
vn 0.611268 0.791424 0.000000
vn 0.611268 0.791424 0.000001
vn 0.611268 0.791424 0.000000
vn 0.611267 0.791424 -0.000000
vn 0.611271 0.791422 0.000003
vn 0.611266 0.791425 -0.000001
vn 0.611268 0.791424 0.000000
vn 0.611268 0.791424 0.000000
vn 0.611267 0.791424 0.000000
vn 0.611268 0.791424 0.000000
vn 0.611268 0.791423 0.000001
vn 0.611268 0.791424 -0.000001
vn 0.611268 0.791424 -0.000002
vn 0.611268 0.791424 0.000000
vn 0.611268 0.791424 0.000001
vn 0.611268 0.791424 0.000000
vn 0.611268 0.791424 0.000000
vn 0.611267 0.791425 -0.000002
vn 0.611270 0.791422 0.000005
vn 0.611267 0.791425 -0.000002
vn 0.611267 0.791424 -0.000001
vn 0.611268 0.791423 0.000002
vn 0.611268 0.791424 0.000001
vn 0.611268 0.791423 0.000002
vn 0.611266 0.791425 -0.000003
vn 0.611268 0.791424 0.000000
vn 0.611272 0.791420 0.000008
vn 0.611268 0.791424 0.000002
vn 0.611273 0.791420 0.000008
vn 0.611273 0.791420 0.000008
vn 0.611264 0.791426 -0.000005
vn 0.611261 0.791429 -0.000008
vn 0.611269 0.791423 0.000002
vn 0.611267 0.791424 0.000000
vn 0.611251 0.791437 -0.000016
vn 0.611268 0.791424 -0.000000
vn 0.611269 0.791423 0.000001
vn 0.611268 0.791424 0.000000
vn 0.611268 0.791424 -0.000004
vn 0.611268 0.791424 0.000000
vn 0.611268 0.791424 -0.000001
vn 0.611268 0.791424 0.000001
vn 0.611268 0.791424 0.000007
vn 0.611268 0.791424 -0.000000
vn 0.611249 0.791438 -0.000020
vn 0.611268 0.791424 -0.000005
vn 0.611268 0.791424 0.000000
vn 0.611228 0.791454 -0.000043
vn 0.611268 0.791424 -0.000000
vn 0.611268 0.791424 -0.000001
vn 0.611268 0.791424 0.000000
vn 0.611268 0.791424 0.000002
vn 0.611268 0.791424 0.000000
vn 0.611279 0.791415 0.000018
vn 0.611260 0.791430 -0.000011
vn 0.611268 0.791424 -0.000000
vn 0.611242 0.791444 -0.000039
vn 0.611268 0.791424 0.000002
vn 0.611268 0.791424 -0.000000
vn 0.611293 0.791405 0.000049
vn 0.611272 0.791420 0.000008
vn 0.611255 0.791434 -0.000018
vn 0.611267 0.791424 -0.000001
vn 0.611268 0.791424 -0.000001
vn 0.611268 0.791423 0.000001
vn 0.611270 0.791422 0.000004
vn 0.611251 0.791437 -0.000019
vn 0.611268 0.791424 -0.000000
vn 0.611268 0.791424 0.000000
vn 0.611271 0.791422 0.000004
vn 0.611268 0.791424 0.000000
vn 0.611268 0.791424 0.000000
vn 0.611261 0.791429 -0.000012
vn 0.611268 0.791424 -0.000000
vn 0.611268 0.791424 -0.000000
vn 0.611268 0.791424 0.000000
vn 0.611268 0.791423 0.000000
vn 0.611273 0.791420 0.000006
vn 0.611263 0.791428 -0.000007
vn 0.611268 0.791424 0.000000
vn 0.611264 0.791426 -0.000003
vn 0.611268 0.791424 0.000000
vn 0.611268 0.791424 0.000010
vn 0.611268 0.791424 -0.000010
vn 0.611268 0.791424 0.000000
vn 0.611268 0.791424 0.000000
vn 0.611268 0.791424 0.000000
vn 0.611268 0.791424 0.000000
vn 0.611268 0.791424 0.000000
vn 0.611268 0.791424 0.000000
vn 0.611261 0.791429 -0.000011
vn 0.611264 0.791426 -0.000005
vn 0.611270 0.791422 0.000004
vn 0.611266 0.791425 -0.000003
vn 0.611268 0.791424 0.000000
vn 0.611266 0.791426 -0.000003
vn 0.611268 0.791424 0.000000
vn 0.611268 0.791424 0.000001
vn 0.611266 0.791425 0.000000
vn 0.611268 0.791424 0.000000
vn 0.611268 0.791424 0.000000
vn 0.611268 0.791424 0.000000
vn 0.611292 0.791405 0.000041
vn 0.611268 0.791424 -0.000000
vn 0.611268 0.791424 -0.000000
vn 0.611268 0.791424 0.000013
vn 0.611268 0.791424 -0.000000
vn 0.611268 0.791424 -0.000000
vn 0.611268 0.791424 0.000006
vn 0.611268 0.791424 -0.000001
vn 0.611268 0.791424 -0.000075
vn 0.611268 0.791424 0.000000
vn 0.611267 0.791424 -0.000019
vn 0.611269 0.791423 0.000082
vn 0.611267 0.791424 0.000032
vn 0.611269 0.791423 -0.000051
vn 0.611265 0.791426 -0.000088
vn 0.611271 0.791421 0.000037
vn 0.611268 0.791424 0.000000
vn 0.611268 0.791424 0.000000
vn 0.611267 0.791424 0.000024
vn 0.611265 0.791426 -0.000045
vn 0.611268 0.791424 0.000050
vn 0.611267 0.791425 -0.000140
vn 0.611268 0.791424 0.000000
vn 0.611253 0.791436 0.000257
vn 0.611268 0.791424 0.000000
vn 0.611265 0.791426 -0.000015
vn 0.611268 0.791424 0.000000
vn 0.611267 0.791425 0.000002
vn 0.611267 0.791425 0.000001
vn 0.611266 0.791425 -0.000003
vn 0.611269 0.791423 -0.000008
vn 0.611268 0.791424 0.000000
vn 0.611268 0.791424 0.000000
vn 0.611268 0.791424 -0.000001
vn 0.611268 0.791424 0.000000
vn 0.611266 0.791425 0.000010
vn 0.611268 0.791424 0.000029
vn 0.611267 0.791424 0.000007
vn 0.611266 0.791425 -0.000006
vn 0.611267 0.791425 -0.000005
vn 0.611267 0.791425 -0.000005
vn 0.611268 0.791424 0.000000
vn 0.611266 0.791425 0.000010
vn 0.611268 0.791424 0.000000
vn 0.611265 0.791426 -0.000024
vn 0.611268 0.791423 0.000000
vn 0.611268 0.791424 0.000000
vn 0.611269 0.791423 -0.000010
vn 0.611268 0.791424 -0.000000
vn 0.611268 0.791424 0.000000
vn 0.611268 0.791424 0.000000
vn 0.611268 0.791424 0.000000
vn 0.611269 0.791423 -0.000024
vn 0.611267 0.791425 -0.000012
vn 0.611266 0.791425 0.000002
vn 0.611265 0.791426 0.000009
vn 0.611266 0.791425 0.000004
vn 0.611268 0.791424 -0.000002
vn 0.611268 0.791424 0.000000
vn 0.611263 0.791427 0.000013
vn 0.611276 0.791418 -0.000021
vn 0.611259 0.791430 0.000020
vn 0.611274 0.791419 -0.000013
vn 0.611272 0.791421 -0.000008
vn 0.611263 0.791427 0.000010
vn 0.611268 0.791424 -0.000002
vn 0.611273 0.791420 -0.000011
vn 0.611268 0.791424 0.000001
vn 0.611267 0.791424 0.000001
vn 0.611267 0.791424 0.000001
vn 0.611268 0.791424 0.000000
vn 0.611269 0.791423 0.000000
vn 0.611264 0.791426 -0.000004
vn 0.611268 0.791424 0.000000
vn 0.611268 0.791424 0.000000
vn 0.611270 0.791422 0.000000
vn 0.611266 0.791425 0.000000
vn 0.611266 0.791425 -0.000007
vn 0.611270 0.791422 0.000000
vn 0.611267 0.791424 -0.000002
vn 0.611268 0.791423 0.000000
vn 0.611266 0.791425 0.000000
vn 0.611270 0.791422 0.000007
vn 0.611268 0.791424 0.000000
vn 0.611269 0.791423 0.000000
vn 0.611266 0.791425 -0.000002
vn 0.611267 0.791424 0.000000
vn 0.611268 0.791423 0.000000
vn 0.611268 0.791424 0.000000
vn 0.611268 0.791424 0.000001
vn 0.611267 0.791424 0.000000
vn 0.611268 0.791423 0.000000
vn 0.611262 0.791428 -0.000003
vn 0.611268 0.791423 0.000000
vn 0.611268 0.791424 0.000000
vn 0.611266 0.791425 -0.000002
vn 0.611268 0.791424 0.000000
vn 0.611268 0.791424 0.000000
vn 0.611268 0.791424 0.000000
vn 0.611272 0.791421 0.000010
vn 0.611266 0.791425 0.000000
vn 0.611268 0.791424 0.000001
vn 0.611268 0.791424 -0.000000
vn 0.611268 0.791424 -0.000000
vn 0.611268 0.791424 0.000000
vn 0.611268 0.791424 0.000000
f 1//1 2//1 3//1
f 2//2 4//2 3//2
f 3//3 4//3 5//3
f 4//4 6//4 5//4
f 6//5 7//5 5//5
f 5//6 7//6 8//6
f 8//7 7//7 9//7
f 7//8 10//8 9//8
f 9//9 10//9 11//9
f 10//10 12//10 11//10
f 12//11 13//11 11//11
f 11//12 13//12 14//12
f 14//13 13//13 15//13
f 13//14 16//14 15//14
f 15//15 16//15 17//15
f 16//16 18//16 17//16
f 18//17 19//17 17//17
f 17//18 19//18 20//18
f 20//19 19//19 21//19
f 19//20 22//20 21//20
f 22//21 23//21 21//21
f 21//22 23//22 24//22
f 23//23 25//23 24//23
f 24//24 25//24 26//24
f 26//25 25//25 27//25
f 25//26 28//26 27//26
f 28//27 29//27 27//27
f 27//28 29//28 30//28
f 29//29 31//29 30//29
f 30//30 31//30 32//30
f 32//31 31//31 33//31
f 31//32 34//32 33//32
f 34//33 35//33 33//33
f 33//34 35//34 36//34
f 35//35 37//35 36//35
f 36//36 37//36 38//36
f 38//37 37//37 39//37
f 37//38 40//38 39//38
f 40//39 41//39 39//39
f 39//40 41//40 42//40
f 42//41 41//41 43//41
f 41//42 44//42 43//42
f 44//43 45//43 43//43
f 43//44 45//44 46//44
f 45//45 47//45 46//45
f 46//46 47//46 48//46
f 47//47 49//47 48//47
f 47//48 50//48 49//48
f 50//49 51//49 49//49
f 49//50 51//50 52//50
f 51//51 53//51 52//51
f 52//52 53//52 54//52
f 53//53 55//53 54//53
f 53//54 56//54 55//54
f 56//55 57//55 55//55
f 55//56 57//56 58//56
f 57//57 59//57 58//57
f 58//58 59//58 60//58
f 60//59 59//59 61//59
f 59//60 62//60 61//60
f 62//61 63//61 61//61
f 61//62 63//62 64//62
f 64//63 63//63 65//63
f 63//64 66//64 65//64
f 66//65 67//65 65//65
f 65//66 67//66 68//66
f 67//67 69//67 68//67
f 68//68 69//68 70//68
f 70//69 69//69 71//69
f 69//70 72//70 71//70
f 72//71 73//71 71//71
f 71//72 73//72 74//72
f 73//73 75//73 74//73
f 74//74 75//74 76//74
f 76//75 75//75 77//75
f 75//76 78//76 77//76
f 78//77 79//77 77//77
f 77//78 79//78 80//78
f 79//79 81//79 80//79
f 80//80 81//80 82//80
f 82//81 81//81 83//81
f 81//82 84//82 83//82
f 84//83 85//83 83//83
f 83//84 85//84 86//84
f 86//85 85//85 87//85
f 85//86 88//86 87//86
f 88//87 89//87 87//87
f 87//88 89//88 90//88
f 89//89 91//89 90//89
f 90//90 91//90 92//90
f 92//91 91//91 93//91
f 91//92 94//92 93//92
f 94//93 95//93 93//93
f 93//94 95//94 96//94
f 95//95 97//95 96//95
f 96//96 97//96 98//96
f 97//97 99//97 98//97
f 97//98 100//98 99//98
f 100//99 101//99 99//99
f 99//100 101//100 102//100
f 101//101 103//101 102//101
f 102//102 103//102 104//102
f 103//103 105//103 104//103
f 103//104 106//104 105//104
f 106//105 107//105 105//105
f 105//106 107//106 108//106
f 107//107 109//107 108//107
f 107//108 110//108 109//108
f 110//109 111//109 109//109
f 109//110 111//110 112//110
f 111//111 113//111 112//111
f 112//112 113//112 114//112
f 113//113 115//113 114//113
f 113//114 116//114 115//114
f 116//115 117//115 115//115
f 115//116 117//116 118//116
f 117//117 119//117 118//117
f 118//118 119//118 120//118
f 119//119 121//119 120//119
f 120//120 121//120 122//120
f 121//121 123//121 122//121
f 122//122 123//122 124//122
f 123//123 125//123 124//123
f 124//124 125//124 126//124
f 126//125 125//125 127//125
f 125//126 128//126 127//126
f 128//127 129//127 127//127
f 127//128 129//128 130//128
f 130//129 129//129 131//129
f 129//130 132//130 131//130
f 132//131 133//131 131//131
f 131//132 133//132 134//132
f 133//133 135//133 134//133
f 134//134 135//134 136//134
f 136//135 135//135 137//135
f 135//136 138//136 137//136
f 138//137 139//137 137//137
f 137//138 139//138 140//138
f 139//139 141//139 140//139
f 140//140 141//140 142//140
f 141//141 143//141 142//141
f 142//142 143//142 144//142
f 143//143 145//143 144//143
f 144//144 145//144 146//144
f 146//145 145//145 147//145
f 145//146 148//146 147//146
f 148//147 149//147 147//147
f 147//148 149//148 150//148
f 149//149 151//149 150//149
f 150//150 151//150 152//150
f 152//151 151//151 153//151
f 151//152 154//152 153//152
f 154//153 155//153 153//153
f 153//154 155//154 156//154
f 155//155 157//155 156//155
f 156//156 157//156 158//156
f 158//157 157//157 159//157
f 157//158 160//158 159//158
f 160//159 161//159 159//159
f 159//160 161//160 162//160
f 161//161 163//161 162//161
f 162//162 163//162 164//162
f 163//163 165//163 164//163
f 164//164 165//164 166//164
f 165//165 167//165 166//165
f 166//166 167//166 168//166
f 168//167 167//167 169//167
f 167//168 170//168 169//168
f 170//169 171//169 169//169
f 169//170 171//170 172//170
f 171//171 173//171 172//171
f 172//172 173//172 174//172
f 173//173 175//173 174//173
f 173//174 176//174 175//174
f 176//175 177//175 175//175
f 175//176 177//176 178//176
f 177//177 179//177 178//177
f 178//178 179//178 180//178
f 180//179 179//179 181//179
f 179//180 182//180 181//180
f 182//181 183//181 181//181
f 181//182 183//182 184//182
f 184//183 183//183 185//183
f 183//184 186//184 185//184
f 186//185 187//185 185//185
f 185//186 187//186 188//186
f 187//187 189//187 188//187
f 188//188 189//188 190//188
f 190//189 189//189 191//189
f 189//190 192//190 191//190
f 192//191 193//191 191//191
f 191//192 193//192 194//192
f 193//193 195//193 194//193
f 194//194 195//194 196//194
f 196//195 195//195 197//195
f 195//196 198//196 197//196
f 198//197 199//197 197//197
f 197//198 199//198 200//198
f 199//199 201//199 200//199
f 200//200 201//200 202//200
f 202//201 201//201 203//201
f 201//202 204//202 203//202
f 204//203 205//203 203//203
f 203//204 205//204 206//204
f 205//205 207//205 206//205
f 206//206 207//206 208//206
f 207//207 209//207 208//207
f 208//208 209//208 210//208
f 209//209 211//209 210//209
f 209//210 212//210 211//210
f 212//211 213//211 211//211
f 211//212 213//212 214//212
f 213//213 215//213 214//213
f 214//214 215//214 216//214
f 215//215 217//215 216//215
f 215//216 218//216 217//216
f 218//217 219//217 217//217
f 218//218 220//218 219//218
f 220//219 221//219 219//219
f 219//220 221//220 222//220
f 221//221 223//221 222//221
f 222//222 223//222 224//222
f 223//223 225//223 224//223
f 223//224 226//224 225//224
f 226//225 227//225 225//225
f 225//226 227//226 228//226
f 227//227 229//227 228//227
f 227//228 230//228 229//228
f 230//229 231//229 229//229
f 229//230 231//230 232//230
f 231//231 233//231 232//231
f 231//232 234//232 233//232
f 234//233 235//233 233//233
f 233//234 235//234 236//234
f 235//235 237//235 236//235
f 236//236 237//236 238//236
f 237//237 239//237 238//237
f 237//238 240//238 239//238
f 240//239 241//239 239//239
f 240//240 242//240 241//240
f 242//241 243//241 241//241
f 241//242 243//242 244//242
f 243//243 245//243 244//243
f 244//244 245//244 246//244
f 246//245 245//245 247//245
f 245//246 248//246 247//246
f 247//247 248//247 249//247
f 248//248 250//248 249//248
f 250//249 251//249 249//249
f 249//250 251//250 252//250
f 251//251 253//251 252//251
f 251//252 254//252 253//252
f 254//253 255//253 253//253
f 254//254 256//254 255//254
f 256//255 257//255 255//255
f 256//256 258//256 257//256
f 258//257 259//257 257//257
f 257//258 259//258 260//258
f 259//259 261//259 260//259
f 260//260 261//260 262//260
f 261//261 263//261 262//261
f 261//262 264//262 263//262
f 264//263 265//263 263//263
f 263//264 265//264 266//264
f 265//265 267//265 266//265
f 265//266 268//266 267//266
f 268//267 269//267 267//267
f 268//268 270//268 269//268
f 269//269 270//269 271//269
f 270//270 272//270 271//270
f 272//271 273//271 271//271
f 271//272 273//272 274//272
f 273//273 275//273 274//273
f 273//274 276//274 275//274
f 276//275 277//275 275//275
f 276//276 278//276 277//276
f 278//277 279//277 277//277
f 278//278 280//278 279//278
f 280//279 281//279 279//279
f 279//280 281//280 282//280
f 281//281 283//281 282//281
f 281//282 284//282 283//282
f 284//283 285//283 283//283
f 284//284 286//284 285//284
f 286//285 287//285 285//285
f 286//286 288//286 287//286
f 288//287 289//287 287//287
f 287//288 289//288 290//288
f 289//289 291//289 290//289
f 289//290 292//290 291//290
f 292//291 293//291 291//291
f 291//292 293//292 294//292
f 293//293 295//293 294//293
f 293//294 296//294 295//294
f 296//295 297//295 295//295
f 295//296 297//296 298//296
f 297//297 299//297 298//297
f 297//298 300//298 299//298
f 300//299 301//299 299//299
f 299//300 301//300 302//300
f 301//301 303//301 302//301
f 301//302 304//302 303//302
f 304//303 305//303 303//303
f 303//304 305//304 306//304
f 305//305 307//305 306//305
f 305//306 308//306 307//306
f 308//307 309//307 307//307
f 307//308 309//308 310//308
f 309//309 311//309 310//309
f 309//310 312//310 311//310
f 312//311 313//311 311//311
f 311//312 313//312 314//312
f 313//313 315//313 314//313
f 313//314 316//314 315//314
f 316//315 317//315 315//315
f 316//316 318//316 317//316
f 318//317 319//317 317//317
f 318//318 320//318 319//318
f 320//319 321//319 319//319
f 319//320 321//320 322//320
f 321//321 323//321 322//321
f 321//322 324//322 323//322
f 324//323 325//323 323//323
f 323//324 325//324 326//324
f 325//325 327//325 326//325
f 325//326 328//326 327//326
f 328//327 329//327 327//327
f 327//328 329//328 330//328
f 329//329 331//329 330//329
f 329//330 332//330 331//330
f 332//331 333//331 331//331
f 331//332 333//332 334//332
f 333//333 335//333 334//333
f 334//334 335//334 336//334
f 336//335 335//335 337//335
f 335//336 338//336 337//336
f 338//337 339//337 337//337
f 337//338 339//338 340//338
f 340//339 339//339 341//339
f 339//340 342//340 341//340
f 342//341 343//341 341//341
f 341//342 343//342 344//342
f 343//343 345//343 344//343
f 343//344 346//344 345//344
f 346//345 347//345 345//345
f 346//346 348//346 347//346
f 348//347 349//347 347//347
f 347//348 349//348 350//348
f 349//349 351//349 350//349
f 350//350 351//350 352//350
f 351//351 353//351 352//351
f 352//352 353//352 354//352
f 353//353 355//353 354//353
f 354//354 355//354 356//354
f 355//355 357//355 356//355
f 355//356 358//356 357//356
f 358//357 359//357 357//357
f 357//358 359//358 360//358
f 359//359 361//359 360//359
f 360//360 361//360 362//360
f 361//361 363//361 362//361
f 362//362 363//362 364//362
f 363//363 365//363 364//363
f 364//364 365//364 366//364
f 365//365 367//365 366//365
f 366//366 367//366 368//366
f 367//367 369//367 368//367
f 368//368 369//368 370//368
f 369//369 371//369 370//369
f 369//370 372//370 371//370
f 372//371 373//371 371//371
f 372//372 374//372 373//372
f 374//373 375//373 373//373
f 374//374 376//374 375//374
f 376//375 377//375 375//375
f 376//376 378//376 377//376
f 378//377 379//377 377//377
f 377//378 379//378 380//378
f 379//379 381//379 380//379
f 380//380 381//380 382//380
f 381//381 383//381 382//381
f 382//382 383//382 384//382
f 383//383 385//383 384//383
f 384//384 385//384 386//384
f 385//385 387//385 386//385
f 386//386 387//386 388//386
f 387//387 389//387 388//387
f 387//388 390//388 389//388
f 390//389 391//389 389//389
f 389//390 391//390 392//390
f 391//391 393//391 392//391
f 392//392 393//392 394//392
f 393//393 781//393 394//393
f 393//394 395//394 781//394
f 395//395 396//395 781//395
f 781//396 396//396 397//396
f 396//397 398//397 397//397
f 396//398 399//398 398//398
f 399//399 400//399 398//399
f 399//400 401//400 400//400
f 401//401 402//401 400//401
f 400//402 402//402 403//402
f 402//403 404//403 403//403
f 402//404 405//404 404//404
f 405//405 406//405 404//405
f 405//406 407//406 406//406
f 407//407 408//407 406//407
f 407//408 409//408 408//408
f 409//409 410//409 408//409
f 408//410 410//410 411//410
f 410//411 782//411 411//411
f 410//412 412//412 782//412
f 412//413 413//413 782//413
f 782//414 413//414 414//414
f 413//415 415//415 414//415
f 413//416 416//416 415//416
f 416//417 417//417 415//417
f 415//418 417//418 418//418
f 417//419 419//419 418//419
f 418//420 419//420 420//420
f 419//421 421//421 420//421
f 419//422 422//422 421//422
f 422//423 423//423 421//423
f 421//424 423//424 424//424
f 423//425 425//425 424//425
f 424//426 425//426 426//426
f 425//427 427//427 426//427
f 426//428 427//428 428//428
f 427//429 429//429 428//429
f 428//430 429//430 430//430
f 429//431 431//431 430//431
f 430//432 431//432 432//432
f 431//433 433//433 432//433
f 432//434 433//434 434//434
f 433//435 435//435 434//435
f 433//436 436//436 435//436
f 436//437 437//437 435//437
f 435//438 437//438 438//438
f 437//439 439//439 438//439
f 437//440 440//440 439//440
f 440//441 441//441 439//441
f 439//442 441//442 442//442
f 441//443 443//443 442//443
f 442//444 443//444 444//444
f 444//445 443//445 445//445
f 443//446 446//446 445//446
f 446//447 447//447 445//447
f 445//448 447//448 448//448
f 448//449 447//449 449//449
f 447//450 450//450 449//450
f 450//451 451//451 449//451
f 449//452 451//452 452//452
f 451//453 453//453 452//453
f 451//454 454//454 453//454
f 454//455 455//455 453//455
f 453//456 455//456 456//456
f 455//457 457//457 456//457
f 455//458 458//458 457//458
f 458//459 459//459 457//459
f 457//460 459//460 460//460
f 459//461 461//461 460//461
f 459//462 462//462 461//462
f 462//463 463//463 461//463
f 461//464 463//464 464//464
f 463//465 465//465 464//465
f 463//466 466//466 465//466
f 466//467 467//467 465//467
f 465//468 467//468 468//468
f 467//469 469//469 468//469
f 467//470 470//470 469//470
f 470//471 471//471 469//471
f 469//472 471//472 472//472
f 471//473 473//473 472//473
f 471//474 474//474 473//474
f 474//475 475//475 473//475
f 473//476 475//476 476//476
f 475//477 477//477 476//477
f 476//478 477//478 478//478
f 477//479 479//479 478//479
f 477//480 480//480 479//480
f 480//481 481//481 479//481
f 479//482 481//482 482//482
f 481//483 483//483 482//483
f 482//484 483//484 484//484
f 483//485 485//485 484//485
f 483//486 486//486 485//486
f 486//487 487//487 485//487
f 486//488 488//488 487//488
f 488//489 489//489 487//489
f 487//490 489//490 490//490
f 489//491 491//491 490//491
f 490//492 491//492 492//492
f 491//493 493//493 492//493
f 491//494 494//494 493//494
f 494//495 495//495 493//495
f 493//496 495//496 496//496
f 495//497 497//497 496//497
f 495//498 498//498 497//498
f 498//499 499//499 497//499
f 497//500 499//500 500//500
f 499//501 501//501 500//501
f 499//502 502//502 501//502
f 502//503 503//503 501//503
f 501//504 503//504 504//504
f 503//505 505//505 504//505
f 503//506 506//506 505//506
f 506//507 507//507 505//507
f 505//508 507//508 508//508
f 507//509 509//509 508//509
f 507//510 510//510 509//510
f 510//511 511//511 509//511
f 510//512 512//512 511//512
f 512//513 513//513 511//513
f 512//514 514//514 513//514
f 514//515 515//515 513//515
f 513//516 515//516 516//516
f 515//517 517//517 516//517
f 516//518 517//518 518//518
f 517//519 519//519 518//519
f 517//520 520//520 519//520
f 520//521 521//521 519//521
f 519//522 521//522 522//522
f 521//523 523//523 522//523
f 521//524 524//524 523//524
f 524//525 525//525 523//525
f 524//526 526//526 525//526
f 526//527 527//527 525//527
f 526//528 528//528 527//528
f 528//529 529//529 527//529
f 527//530 529//530 530//530
f 529//531 531//531 530//531
f 529//532 532//532 531//532
f 532//533 533//533 531//533
f 532//534 534//534 533//534
f 534//535 535//535 533//535
f 533//536 535//536 536//536
f 535//537 537//537 536//537
f 536//538 537//538 538//538
f 537//539 539//539 538//539
f 537//540 540//540 539//540
f 540//541 541//541 539//541
f 539//542 541//542 542//542
f 541//543 543//543 542//543
f 541//544 544//544 543//544
f 544//545 545//545 543//545
f 543//546 545//546 546//546
f 545//547 547//547 546//547
f 545//548 548//548 547//548
f 548//549 549//549 547//549
f 547//550 549//550 550//550
f 549//551 551//551 550//551
f 550//552 551//552 552//552
f 551//553 553//553 552//553
f 551//554 554//554 553//554
f 554//555 555//555 553//555
f 554//556 556//556 555//556
f 556//557 557//557 555//557
f 555//558 557//558 558//558
f 557//559 559//559 558//559
f 558//560 559//560 560//560
f 559//561 561//561 560//561
f 559//562 562//562 561//562
f 562//563 563//563 561//563
f 561//564 563//564 564//564
f 563//565 565//565 564//565
f 563//566 566//566 565//566
f 566//567 567//567 565//567
f 565//568 567//568 568//568
f 567//569 569//569 568//569
f 567//570 570//570 569//570
f 570//571 571//571 569//571
f 569//572 571//572 572//572
f 571//573 573//573 572//573
f 571//574 574//574 573//574
f 574//575 575//575 573//575
f 574//576 576//576 575//576
f 576//577 577//577 575//577
f 575//578 577//578 578//578
f 577//579 579//579 578//579
f 578//580 579//580 580//580
f 579//581 581//581 580//581
f 579//582 582//582 581//582
f 582//583 583//583 581//583
f 581//584 583//584 584//584
f 583//585 585//585 584//585
f 584//586 585//586 586//586
f 585//587 587//587 586//587
f 586//588 587//588 588//588
f 587//589 589//589 588//589
f 588//590 589//590 590//590
f 590//591 589//591 591//591
f 589//592 592//592 591//592
f 592//593 593//593 591//593
f 591//594 593//594 594//594
f 593//595 595//595 594//595
f 594//596 595//596 596//596
f 596//597 595//597 597//597
f 595//598 598//598 597//598
f 598//599 599//599 597//599
f 597//600 599//600 600//600
f 599//601 601//601 600//601
f 600//602 601//602 602//602
f 602//603 601//603 603//603
f 601//604 604//604 603//604
f 604//605 605//605 603//605
f 603//606 605//606 606//606
f 605//607 607//607 606//607
f 606//608 607//608 608//608
f 607//609 609//609 608//609
f 608//610 609//610 610//610
f 609//611 611//611 610//611
f 610//612 611//612 612//612
f 612//613 611//613 613//613
f 611//614 614//614 613//614
f 614//615 615//615 613//615
f 613//616 615//616 616//616
f 615//617 617//617 616//617
f 616//618 617//618 618//618
f 618//619 617//619 619//619
f 617//620 620//620 619//620
f 620//621 621//621 619//621
f 619//622 621//622 622//622
f 622//623 621//623 623//623
f 621//624 624//624 623//624
f 624//625 625//625 623//625
f 623//626 625//626 626//626
f 625//627 627//627 626//627
f 626//628 627//628 628//628
f 627//629 629//629 628//629
f 628//630 629//630 630//630
f 629//631 631//631 630//631
f 630//632 631//632 632//632
f 631//633 633//633 632//633
f 632//634 633//634 634//634
f 634//635 633//635 635//635
f 633//636 636//636 635//636
f 636//637 637//637 635//637
f 635//638 637//638 638//638
f 637//639 639//639 638//639
f 638//640 639//640 640//640
f 640//641 639//641 641//641
f 639//642 642//642 641//642
f 642//643 643//643 641//643
f 641//644 643//644 644//644
f 644//645 643//645 645//645
f 643//646 646//646 645//646
f 646//647 647//647 645//647
f 645//648 647//648 648//648
f 647//649 649//649 648//649
f 648//650 649//650 650//650
f 649//651 651//651 650//651
f 650//652 651//652 652//652
f 651//653 653//653 652//653
f 652//654 653//654 654//654
f 653//655 655//655 654//655
f 654//656 655//656 656//656
f 655//657 657//657 656//657
f 655//658 658//658 657//658
f 658//659 659//659 657//659
f 657//660 659//660 660//660
f 659//661 661//661 660//661
f 660//662 661//662 662//662
f 661//663 663//663 662//663
f 661//664 664//664 663//664
f 664//665 665//665 663//665
f 663//666 665//666 666//666
f 665//667 667//667 666//667
f 665//668 668//668 667//668
f 668//669 669//669 667//669
f 667//670 669//670 670//670
f 669//671 671//671 670//671
f 670//672 671//672 672//672
f 671//673 673//673 672//673
f 672//674 673//674 674//674
f 673//675 675//675 674//675
f 674//676 675//676 676//676
f 675//677 677//677 676//677
f 676//678 677//678 678//678
f 677//679 679//679 678//679
f 678//680 679//680 680//680
f 680//681 679//681 681//681
f 679//682 682//682 681//682
f 682//683 683//683 681//683
f 681//684 683//684 684//684
f 683//685 685//685 684//685
f 684//686 685//686 686//686
f 685//687 687//687 686//687
f 685//688 688//688 687//688
f 688//689 689//689 687//689
f 687//690 689//690 690//690
f 689//691 691//691 690//691
f 690//692 691//692 692//692
f 692//693 691//693 693//693
f 691//694 694//694 693//694
f 694//695 695//695 693//695
f 693//696 695//696 696//696
f 696//697 695//697 697//697
f 695//698 698//698 697//698
f 698//699 699//699 697//699
f 697//700 699//700 700//700
f 699//701 701//701 700//701
f 700//702 701//702 702//702
f 702//703 701//703 703//703
f 701//704 704//704 703//704
f 704//705 705//705 703//705
f 703//706 705//706 706//706
f 705//707 707//707 706//707
f 706//708 707//708 708//708
f 708//709 707//709 709//709
f 707//710 710//710 709//710
f 710//711 711//711 709//711
f 709//712 711//712 712//712
f 711//713 713//713 712//713
f 712//714 713//714 714//714
f 714//715 713//715 715//715
f 713//716 716//716 715//716
f 716//717 717//717 715//717
f 715//718 717//718 718//718
f 718//719 717//719 719//719
f 717//720 720//720 719//720
f 720//721 721//721 719//721
f 719//722 721//722 722//722
f 721//723 723//723 722//723
f 722//724 723//724 724//724
f 723//725 725//725 724//725
f 723//726 726//726 725//726
f 726//727 727//727 725//727
f 725//728 727//728 728//728
f 727//729 729//729 728//729
f 728//730 729//730 730//730
f 729//731 731//731 730//731
f 729//732 732//732 731//732
f 732//733 733//733 731//733
f 731//734 733//734 734//734
f 733//735 735//735 734//735
f 734//736 735//736 736//736
f 736//737 735//737 737//737
f 735//738 738//738 737//738
f 738//739 739//739 737//739
f 737//740 739//740 740//740
f 739//741 741//741 740//741
f 740//742 741//742 742//742
f 742//743 741//743 743//743
f 741//744 744//744 743//744
f 744//745 745//745 743//745
f 743//746 745//746 746//746
f 746//747 745//747 747//747
f 745//748 748//748 747//748
f 748//749 749//749 747//749
f 747//750 749//750 750//750
f 749//751 751//751 750//751
f 750//752 751//752 752//752
f 752//753 751//753 753//753
f 751//754 754//754 753//754
f 754//755 755//755 753//755
f 753//756 755//756 756//756
f 755//757 757//757 756//757
f 756//758 757//758 758//758
f 757//759 759//759 758//759
f 757//760 760//760 759//760
f 760//761 761//761 759//761
f 759//762 761//762 762//762
f 761//763 763//763 762//763
f 762//764 763//764 764//764
f 763//765 765//765 764//765
f 764//766 765//766 766//766
f 765//767 767//767 766//767
f 765//768 768//768 767//768
f 767//769 768//769 769//769
f 768//770 770//770 769//770
f 770//771 771//771 769//771
f 769//772 771//772 772//772
f 772//773 771//773 773//773
f 771//774 774//774 773//774
f 773//775 774//775 775//775
f 774//776 776//776 775//776
f 776//777 777//777 775//777
f 775//778 777//778 778//778
f 777//779 779//779 778//779
f 777//780 780//780 779//780
f 780//781 2//781 779//781
f 779//782 2//782 1//782
f 19//783 25//783 22//783
f 22//784 25//784 23//784
f 19//785 28//785 25//785
f 18//786 28//786 19//786
f 18//787 29//787 28//787
f 16//788 29//788 18//788
f 16//789 34//789 29//789
f 29//790 34//790 31//790
f 13//791 35//791 16//791
f 16//792 35//792 34//792
f 13//793 37//793 35//793
f 12//794 40//794 13//794
f 13//795 40//795 37//795
f 12//796 41//796 40//796
f 44//797 51//797 45//797
f 45//798 51//798 47//798
f 47//799 51//799 50//799
f 41//800 53//800 44//800
f 44//801 53//801 51//801
f 12//802 53//802 41//802
f 57//803 62//803 59//803
f 57//804 63//804 62//804
f 79//805 84//805 81//805
f 79//806 85//806 84//806
f 89//807 95//807 91//807
f 91//808 95//808 94//808
f 89//809 97//809 95//809
f 88//810 97//810 89//810
f 88//811 100//811 97//811
f 88//812 101//812 100//812
f 85//813 103//813 88//813
f 88//814 103//814 101//814
f 85//815 106//815 103//815
f 85//816 107//816 106//816
f 85//817 110//817 107//817
f 85//818 111//818 110//818
f 85//819 113//819 111//819
f 2//820 780//820 4//820
f 4//821 780//821 6//821
f 6//822 780//822 7//822
f 7//823 780//823 10//823
f 10//824 780//824 12//824
f 53//825 780//825 56//825
f 56//826 780//826 57//826
f 63//827 780//827 66//827
f 12//828 780//828 53//828
f 66//829 780//829 67//829
f 67//830 780//830 69//830
f 69//831 780//831 72//831
f 72//832 780//832 73//832
f 73//833 780//833 75//833
f 75//834 780//834 78//834
f 57//835 780//835 63//835
f 85//836 116//836 113//836
f 78//837 116//837 79//837
f 79//838 116//838 85//838
f 78//839 117//839 116//839
f 780//840 117//840 78//840
f 780//841 119//841 117//841
f 780//842 121//842 119//842
f 780//843 123//843 121//843
f 780//844 128//844 123//844
f 123//845 128//845 125//845
f 780//846 129//846 128//846
f 132//847 138//847 133//847
f 133//848 138//848 135//848
f 132//849 141//849 138//849
f 138//850 141//850 139//850
f 780//851 143//851 129//851
f 132//852 143//852 141//852
f 129//853 143//853 132//853
f 780//854 145//854 143//854
f 780//855 148//855 145//855
f 780//856 149//856 148//856
f 780//857 151//857 149//857
f 780//858 154//858 151//858
f 780//859 155//859 154//859
f 780//860 157//860 155//860
f 780//861 160//861 157//861
f 780//862 161//862 160//862
f 780//863 163//863 161//863
f 780//864 165//864 163//864
f 780//865 167//865 165//865
f 780//866 170//866 167//866
f 173//867 179//867 176//867
f 176//868 179//868 177//868
f 173//869 182//869 179//869
f 173//870 183//870 182//870
f 171//871 183//871 173//871
f 171//872 186//872 183//872
f 171//873 189//873 186//873
f 186//874 189//874 187//874
f 171//875 192//875 189//875
f 171//876 193//876 192//876
f 171//877 198//877 193//877
f 193//878 198//878 195//878
f 171//879 199//879 198//879
f 171//880 201//880 199//880
f 780//881 204//881 170//881
f 170//882 204//882 171//882
f 171//883 204//883 201//883
f 780//884 205//884 204//884
f 242//885 245//885 243//885
f 240//886 248//886 242//886
f 242//887 248//887 245//887
f 265//888 272//888 268//888
f 268//889 272//889 270//889
f 213//890 218//890 215//890
f 265//891 264//891 272//891
f 264//892 273//892 272//892
f 235//893 250//893 237//893
f 237//894 250//894 240//894
f 240//895 250//895 248//895
f 264//896 261//896 273//896
f 235//897 251//897 250//897
f 231//898 251//898 234//898
f 234//899 251//899 235//899
f 276//900 280//900 278//900
f 276//901 281//901 280//901
f 230//902 254//902 231//902
f 231//903 254//903 251//903
f 273//904 259//904 276//904
f 261//905 259//905 273//905
f 230//906 256//906 254//906
f 276//907 284//907 281//907
f 259//908 284//908 276//908
f 259//909 286//909 284//909
f 320//910 324//910 321//910
f 318//911 325//911 320//911
f 320//912 325//912 324//912
f 288//913 293//913 289//913
f 289//914 293//914 292//914
f 329//915 333//915 332//915
f 286//916 296//916 288//916
f 288//917 296//917 293//917
f 304//918 301//918 305//918
f 329//919 335//919 333//919
f 329//920 338//920 335//920
f 328//921 338//921 329//921
f 328//922 339//922 338//922
f 387//923 391//923 390//923
f 325//924 342//924 328//924
f 328//925 342//925 339//925
f 312//926 343//926 313//926
f 325//927 343//927 342//927
f 313//928 343//928 316//928
f 316//929 343//929 318//929
f 318//930 343//930 325//930
f 387//931 393//931 391//931
f 351//932 349//932 353//932
f 349//933 355//933 353//933
f 348//934 358//934 349//934
f 349//935 358//935 355//935
f 387//936 395//936 393//936
f 385//937 395//937 387//937
f 385//938 396//938 395//938
f 381//939 399//939 383//939
f 383//940 399//940 385//940
f 385//941 399//941 396//941
f 381//942 401//942 399//942
f 379//943 401//943 381//943
f 378//944 402//944 379//944
f 379//945 402//945 401//945
f 378//946 405//946 402//946
f 376//947 407//947 378//947
f 378//948 407//948 405//948
f 372//949 409//949 374//949
f 374//950 409//950 376//950
f 376//951 409//951 407//951
f 372//952 410//952 409//952
f 369//953 410//953 372//953
f 369//954 412//954 410//954
f 367//955 412//955 369//955
f 367//956 413//956 412//956
f 365//957 413//957 367//957
f 365//958 416//958 413//958
f 365//959 417//959 416//959
f 363//960 417//960 365//960
f 363//961 419//961 417//961
f 361//962 422//962 363//962
f 363//963 422//963 419//963
f 361//964 423//964 422//964
f 358//965 423//965 359//965
f 359//966 423//966 361//966
f 427//967 436//967 429//967
f 429//968 436//968 431//968
f 431//969 436//969 433//969
f 425//970 437//970 427//970
f 427//971 437//971 436//971
f 423//972 440//972 425//972
f 358//973 440//973 423//973
f 425//974 440//974 437//974
f 358//975 441//975 440//975
f 346//976 441//976 348//976
f 348//977 441//977 358//977
f 346//978 443//978 441//978
f 312//979 443//979 343//979
f 343//980 443//980 346//980
f 447//981 454//981 450//981
f 450//982 454//982 451//982
f 446//983 455//983 447//983
f 447//984 455//984 454//984
f 446//985 458//985 455//985
f 446//986 459//986 458//986
f 443//987 462//987 446//987
f 446//988 462//988 459//988
f 312//989 463//989 443//989
f 443//990 463//990 462//990
f 309//991 463//991 312//991
f 463//992 470//992 466//992
f 466//993 470//993 467//993
f 463//994 471//994 470//994
f 474//995 477//995 475//995
f 471//996 481//996 474//996
f 474//997 481//997 477//997
f 477//998 481//998 480//998
f 309//999 481//999 463//999
f 463//1000 481//1000 471//1000
f 301//1001 483//1001 305//1001
f 305//1002 483//1002 308//1002
f 308//1003 483//1003 309//1003
f 309//1004 483//1004 481//1004
f 301//1005 486//1005 483//1005
f 300//1006 486//1006 301//1006
f 300//1007 488//1007 486//1007
f 488//1008 491//1008 489//1008
f 296//1009 494//1009 297//1009
f 297//1010 494//1010 300//1010
f 488//1011 494//1011 491//1011
f 300//1012 494//1012 488//1012
f 286//1013 495//1013 296//1013
f 258//1014 495//1014 259//1014
f 296//1015 495//1015 494//1015
f 259//1016 495//1016 286//1016
f 495//1017 499//1017 498//1017
f 495//1018 502//1018 499//1018
f 258//1019 503//1019 495//1019
f 495//1020 503//1020 502//1020
f 258//1021 506//1021 503//1021
f 258//1022 507//1022 506//1022
f 512//1023 515//1023 514//1023
f 517//1024 521//1024 520//1024
f 517//1025 524//1025 521//1025
f 510//1026 524//1026 512//1026
f 515//1027 524//1027 517//1027
f 512//1028 524//1028 515//1028
f 510//1029 528//1029 524//1029
f 524//1030 528//1030 526//1030
f 510//1031 532//1031 528//1031
f 528//1032 532//1032 529//1032
f 510//1033 534//1033 532//1033
f 256//1034 534//1034 258//1034
f 258//1035 534//1035 507//1035
f 507//1036 534//1036 510//1036
f 256//1037 535//1037 534//1037
f 256//1038 540//1038 535//1038
f 230//1039 540//1039 256//1039
f 535//1040 540//1040 537//1040
f 540//1041 548//1041 541//1041
f 541//1042 548//1042 544//1042
f 544//1043 548//1043 545//1043
f 540//1044 549//1044 548//1044
f 212//1045 549//1045 213//1045
f 218//1046 549//1046 220//1046
f 220//1047 549//1047 221//1047
f 221//1048 549//1048 223//1048
f 223//1049 549//1049 226//1049
f 226//1050 549//1050 227//1050
f 227//1051 549//1051 230//1051
f 230//1052 549//1052 540//1052
f 213//1053 549//1053 218//1053
f 551//1054 556//1054 554//1054
f 551//1055 557//1055 556//1055
f 549//1056 557//1056 551//1056
f 549//1057 559//1057 557//1057
f 212//1058 562//1058 549//1058
f 549//1059 562//1059 559//1059
f 209//1060 563//1060 212//1060
f 212//1061 563//1061 562//1061
f 563//1062 570//1062 566//1062
f 566//1063 570//1063 567//1063
f 563//1064 571//1064 570//1064
f 209//1065 574//1065 563//1065
f 563//1066 574//1066 571//1066
f 209//1067 576//1067 574//1067
f 209//1068 577//1068 576//1068
f 207//1069 579//1069 209//1069
f 209//1070 579//1070 577//1070
f 207//1071 582//1071 579//1071
f 207//1072 583//1072 582//1072
f 207//1073 585//1073 583//1073
f 592//1074 598//1074 593//1074
f 593//1075 598//1075 595//1075
f 592//1076 599//1076 598//1076
f 599//1077 605//1077 601//1077
f 601//1078 605//1078 604//1078
f 605//1079 609//1079 607//1079
f 599//1080 611//1080 605//1080
f 605//1081 611//1081 609//1081
f 617//1082 621//1082 620//1082
f 617//1083 624//1083 621//1083
f 615//1084 627//1084 617//1084
f 624//1085 627//1085 625//1085
f 617//1086 627//1086 624//1086
f 615//1087 629//1087 627//1087
f 636//1088 639//1088 637//1088
f 642//1089 646//1089 643//1089
f 675//1090 679//1090 677//1090
f 679//1091 685//1091 682//1091
f 682//1092 685//1092 683//1092
f 675//1093 688//1093 679//1093
f 673//1094 688//1094 675//1094
f 679//1095 688//1095 685//1095
f 673//1096 689//1096 688//1096
f 669//1097 689//1097 671//1097
f 671//1098 689//1098 673//1098
f 669//1099 691//1099 689//1099
f 695//1100 699//1100 698//1100
f 694//1101 701//1101 695//1101
f 695//1102 701//1102 699//1102
f 691//1103 704//1103 694//1103
f 694//1104 704//1104 701//1104
f 691//1105 705//1105 704//1105
f 691//1106 707//1106 705//1106
f 665//1107 710//1107 668//1107
f 668//1108 710//1108 669//1108
f 669//1109 710//1109 691//1109
f 691//1110 710//1110 707//1110
f 659//1111 711//1111 661//1111
f 661//1112 711//1112 664//1112
f 664//1113 711//1113 665//1113
f 665//1114 711//1114 710//1114
f 716//1115 720//1115 717//1115
f 732//1116 738//1116 733//1116
f 733//1117 738//1117 735//1117
f 739//1118 744//1118 741//1118
f 739//1119 745//1119 744//1119
f 729//1120 745//1120 732//1120
f 738//1121 745//1121 739//1121
f 732//1122 745//1122 738//1122
f 729//1123 748//1123 745//1123
f 726//1124 748//1124 727//1124
f 727//1125 748//1125 729//1125
f 726//1126 749//1126 748//1126
f 765//1127 770//1127 768//1127
f 765//1128 771//1128 770//1128
f 763//1129 771//1129 765//1129
f 763//1130 774//1130 771//1130
f 761//1131 774//1131 763//1131
f 761//1132 776//1132 774//1132
f 755//1133 776//1133 757//1133
f 757//1134 776//1134 760//1134
f 760//1135 776//1135 761//1135
f 659//1136 777//1136 711//1136
f 611//1137 777//1137 614//1137
f 614//1138 777//1138 615//1138
f 716//1139 777//1139 720//1139
f 755//1140 777//1140 776//1140
f 629//1141 777//1141 631//1141
f 631//1142 777//1142 633//1142
f 633//1143 777//1143 636//1143
f 639//1144 777//1144 642//1144
f 642//1145 777//1145 646//1145
f 636//1146 777//1146 639//1146
f 646//1147 777//1147 647//1147
f 647//1148 777//1148 649//1148
f 649//1149 777//1149 651//1149
f 651//1150 777//1150 653//1150
f 653//1151 777//1151 655//1151
f 655//1152 777//1152 658//1152
f 658//1153 777//1153 659//1153
f 726//1154 777//1154 749//1154
f 599//1155 777//1155 611//1155
f 711//1156 777//1156 713//1156
f 713//1157 777//1157 716//1157
f 720//1158 777//1158 721//1158
f 721//1159 777//1159 723//1159
f 723//1160 777//1160 726//1160
f 592//1161 777//1161 599//1161
f 749//1162 777//1162 751//1162
f 751//1163 777//1163 754//1163
f 754//1164 777//1164 755//1164
f 587//1165 777//1165 589//1165
f 589//1166 777//1166 592//1166
f 615//1167 777//1167 629//1167
f 780//1168 777//1168 587//1168
f 780//1169 587//1169 585//1169
f 780//1170 585//1170 205//1170
f 205//1171 585//1171 207//1171
f 26//1172 20//1172 21//1172
f 26//1173 21//1173 24//1173
f 27//1174 20//1174 26//1174
f 27//1175 17//1175 20//1175
f 30//1176 17//1176 27//1176
f 30//1177 15//1177 17//1177
f 33//1178 15//1178 30//1178
f 33//1179 30//1179 32//1179
f 36//1180 14//1180 15//1180
f 36//1181 15//1181 33//1181
f 38//1182 14//1182 36//1182
f 39//1183 11//1183 14//1183
f 39//1184 14//1184 38//1184
f 42//1185 11//1185 39//1185
f 52//1186 43//1186 46//1186
f 52//1187 46//1187 48//1187
f 52//1188 48//1188 49//1188
f 54//1189 42//1189 43//1189
f 54//1190 43//1190 52//1190
f 54//1191 11//1191 42//1191
f 61//1192 58//1192 60//1192
f 64//1193 58//1193 61//1193
f 83//1194 80//1194 82//1194
f 86//1195 80//1195 83//1195
f 96//1196 90//1196 92//1196
f 96//1197 92//1197 93//1197
f 98//1198 90//1198 96//1198
f 98//1199 87//1199 90//1199
f 99//1200 87//1200 98//1200
f 102//1201 87//1201 99//1201
f 104//1202 86//1202 87//1202
f 104//1203 87//1203 102//1203
f 105//1204 86//1204 104//1204
f 108//1205 86//1205 105//1205
f 109//1206 86//1206 108//1206
f 112//1207 86//1207 109//1207
f 114//1208 86//1208 112//1208
f 779//1209 1//1209 3//1209
f 779//1210 3//1210 5//1210
f 779//1211 5//1211 8//1211
f 779//1212 8//1212 9//1212
f 779//1213 9//1213 11//1213
f 779//1214 54//1214 55//1214
f 779//1215 55//1215 58//1215
f 779//1216 64//1216 65//1216
f 779//1217 11//1217 54//1217
f 779//1218 65//1218 68//1218
f 779//1219 68//1219 70//1219
f 779//1220 70//1220 71//1220
f 779//1221 71//1221 74//1221
f 779//1222 74//1222 76//1222
f 779//1223 76//1223 77//1223
f 779//1224 58//1224 64//1224
f 115//1225 86//1225 114//1225
f 115//1226 77//1226 80//1226
f 115//1227 80//1227 86//1227
f 118//1228 77//1228 115//1228
f 118//1229 779//1229 77//1229
f 120//1230 779//1230 118//1230
f 122//1231 779//1231 120//1231
f 124//1232 779//1232 122//1232
f 127//1233 779//1233 124//1233
f 127//1234 124//1234 126//1234
f 130//1235 779//1235 127//1235
f 137//1236 131//1236 134//1236
f 137//1237 134//1237 136//1237
f 142//1238 131//1238 137//1238
f 142//1239 137//1239 140//1239
f 144//1240 779//1240 130//1240
f 144//1241 131//1241 142//1241
f 144//1242 130//1242 131//1242
f 146//1243 779//1243 144//1243
f 147//1244 779//1244 146//1244
f 150//1245 779//1245 147//1245
f 152//1246 779//1246 150//1246
f 153//1247 779//1247 152//1247
f 156//1248 779//1248 153//1248
f 158//1249 779//1249 156//1249
f 159//1250 779//1250 158//1250
f 162//1251 779//1251 159//1251
f 164//1252 779//1252 162//1252
f 166//1253 779//1253 164//1253
f 168//1254 779//1254 166//1254
f 169//1255 779//1255 168//1255
f 180//1256 174//1256 175//1256
f 180//1257 175//1257 178//1257
f 181//1258 174//1258 180//1258
f 184//1259 174//1259 181//1259
f 184//1260 172//1260 174//1260
f 185//1261 172//1261 184//1261
f 190//1262 172//1262 185//1262
f 190//1263 185//1263 188//1263
f 191//1264 172//1264 190//1264
f 194//1265 172//1265 191//1265
f 197//1266 172//1266 194//1266
f 197//1267 194//1267 196//1267
f 200//1268 172//1268 197//1268
f 202//1269 172//1269 200//1269
f 203//1270 779//1270 169//1270
f 203//1271 169//1271 172//1271
f 203//1272 172//1272 202//1272
f 206//1273 779//1273 203//1273
f 246//1274 241//1274 244//1274
f 247//1275 239//1275 241//1275
f 247//1276 241//1276 246//1276
f 271//1277 266//1277 267//1277
f 271//1278 267//1278 269//1278
f 217//1279 214//1279 216//1279
f 263//1280 266//1280 271//1280
f 274//1281 263//1281 271//1281
f 249//1282 236//1282 238//1282
f 249//1283 238//1283 239//1283
f 249//1284 239//1284 247//1284
f 262//1285 263//1285 274//1285
f 252//1286 236//1286 249//1286
f 252//1287 232//1287 233//1287
f 252//1288 233//1288 236//1288
f 279//1289 275//1289 277//1289
f 282//1290 275//1290 279//1290
f 253//1291 229//1291 232//1291
f 253//1292 232//1292 252//1292
f 260//1293 274//1293 275//1293
f 260//1294 262//1294 274//1294
f 255//1295 229//1295 253//1295
f 283//1296 275//1296 282//1296
f 283//1297 260//1297 275//1297
f 285//1298 260//1298 283//1298
f 323//1299 319//1299 322//1299
f 326//1300 317//1300 319//1300
f 326//1301 319//1301 323//1301
f 294//1302 287//1302 290//1302
f 294//1303 290//1303 291//1303
f 334//1304 330//1304 331//1304
f 295//1305 285//1305 287//1305
f 295//1306 287//1306 294//1306
f 302//1307 303//1307 306//1307
f 336//1308 330//1308 334//1308
f 337//1309 330//1309 336//1309
f 337//1310 327//1310 330//1310
f 340//1311 327//1311 337//1311
f 392//1312 388//1312 389//1312
f 341//1313 326//1313 327//1313
f 341//1314 327//1314 340//1314
f 344//1315 311//1315 314//1315
f 344//1316 326//1316 341//1316
f 344//1317 314//1317 315//1317
f 344//1318 315//1318 317//1318
f 344//1319 317//1319 326//1319
f 394//1320 388//1320 392//1320
f 350//1321 352//1321 354//1321
f 356//1322 350//1322 354//1322
f 357//1323 347//1323 350//1323
f 357//1324 350//1324 356//1324
f 781//1325 388//1325 394//1325
f 781//1326 386//1326 388//1326
f 397//1327 386//1327 781//1327
f 398//1328 382//1328 384//1328
f 398//1329 384//1329 386//1329
f 398//1330 386//1330 397//1330
f 400//1331 382//1331 398//1331
f 400//1332 380//1332 382//1332
f 403//1333 377//1333 380//1333
f 403//1334 380//1334 400//1334
f 404//1335 377//1335 403//1335
f 406//1336 375//1336 377//1336
f 406//1337 377//1337 404//1337
f 408//1338 371//1338 373//1338
f 408//1339 373//1339 375//1339
f 408//1340 375//1340 406//1340
f 411//1341 371//1341 408//1341
f 411//1342 370//1342 371//1342
f 782//1343 370//1343 411//1343
f 782//1344 368//1344 370//1344
f 414//1345 368//1345 782//1345
f 414//1346 366//1346 368//1346
f 415//1347 366//1347 414//1347
f 418//1348 366//1348 415//1348
f 418//1349 364//1349 366//1349
f 420//1350 364//1350 418//1350
f 421//1351 362//1351 364//1351
f 421//1352 364//1352 420//1352
f 424//1353 362//1353 421//1353
f 424//1354 357//1354 360//1354
f 424//1355 360//1355 362//1355
f 435//1356 428//1356 430//1356
f 435//1357 430//1357 432//1357
f 435//1358 432//1358 434//1358
f 438//1359 426//1359 428//1359
f 438//1360 428//1360 435//1360
f 439//1361 424//1361 426//1361
f 439//1362 357//1362 424//1362
f 439//1363 426//1363 438//1363
f 442//1364 357//1364 439//1364
f 442//1365 345//1365 347//1365
f 442//1366 347//1366 357//1366
f 444//1367 345//1367 442//1367
f 444//1368 311//1368 344//1368
f 444//1369 344//1369 345//1369
f 453//1370 448//1370 449//1370
f 453//1371 449//1371 452//1371
f 456//1372 445//1372 448//1372
f 456//1373 448//1373 453//1373
f 457//1374 445//1374 456//1374
f 460//1375 445//1375 457//1375
f 461//1376 444//1376 445//1376
f 461//1377 445//1377 460//1377
f 464//1378 311//1378 444//1378
f 464//1379 444//1379 461//1379
f 464//1380 310//1380 311//1380
f 469//1381 464//1381 465//1381
f 469//1382 465//1382 468//1382
f 472//1383 464//1383 469//1383
f 478//1384 473//1384 476//1384
f 482//1385 472//1385 473//1385
f 482//1386 473//1386 478//1386
f 482//1387 478//1387 479//1387
f 482//1388 310//1388 464//1388
f 482//1389 464//1389 472//1389
f 484//1390 302//1390 306//1390
f 484//1391 306//1391 307//1391
f 484//1392 307//1392 310//1392
f 484//1393 310//1393 482//1393
f 485//1394 302//1394 484//1394
f 485//1395 299//1395 302//1395
f 487//1396 299//1396 485//1396
f 492//1397 487//1397 490//1397
f 493//1398 295//1398 298//1398
f 493//1399 298//1399 299//1399
f 493//1400 487//1400 492//1400
f 493//1401 299//1401 487//1401
f 496//1402 285//1402 295//1402
f 496//1403 257//1403 260//1403
f 496//1404 295//1404 493//1404
f 496//1405 260//1405 285//1405
f 500//1406 496//1406 497//1406
f 501//1407 496//1407 500//1407
f 504//1408 257//1408 496//1408
f 504//1409 496//1409 501//1409
f 505//1410 257//1410 504//1410
f 508//1411 257//1411 505//1411
f 516//1412 511//1412 513//1412
f 522//1413 518//1413 519//1413
f 523//1414 518//1414 522//1414
f 523//1415 509//1415 511//1415
f 523//1416 516//1416 518//1416
f 523//1417 511//1417 516//1417
f 527//1418 509//1418 523//1418
f 527//1419 523//1419 525//1419
f 531//1420 509//1420 527//1420
f 531//1421 527//1421 530//1421
f 533//1422 509//1422 531//1422
f 533//1423 255//1423 257//1423
f 533//1424 257//1424 508//1424
f 533//1425 508//1425 509//1425
f 536//1426 255//1426 533//1426
f 539//1427 255//1427 536//1427
f 539//1428 229//1428 255//1428
f 539//1429 536//1429 538//1429
f 547//1430 539//1430 542//1430
f 547//1431 542//1431 543//1431
f 547//1432 543//1432 546//1432
f 550//1433 539//1433 547//1433
f 550//1434 211//1434 214//1434
f 550//1435 217//1435 219//1435
f 550//1436 219//1436 222//1436
f 550//1437 222//1437 224//1437
f 550//1438 224//1438 225//1438
f 550//1439 225//1439 228//1439
f 550//1440 228//1440 229//1440
f 550//1441 229//1441 539//1441
f 550//1442 214//1442 217//1442
f 555//1443 552//1443 553//1443
f 558//1444 552//1444 555//1444
f 558//1445 550//1445 552//1445
f 560//1446 550//1446 558//1446
f 561//1447 211//1447 550//1447
f 561//1448 550//1448 560//1448
f 564//1449 210//1449 211//1449
f 564//1450 211//1450 561//1450
f 569//1451 564//1451 565//1451
f 569//1452 565//1452 568//1452
f 572//1453 564//1453 569//1453
f 573//1454 210//1454 564//1454
f 573//1455 564//1455 572//1455
f 575//1456 210//1456 573//1456
f 578//1457 210//1457 575//1457
f 580//1458 208//1458 210//1458
f 580//1459 210//1459 578//1459
f 581//1460 208//1460 580//1460
f 584//1461 208//1461 581//1461
f 586//1462 208//1462 584//1462
f 597//1463 591//1463 594//1463
f 597//1464 594//1464 596//1464
f 600//1465 591//1465 597//1465
f 606//1466 600//1466 602//1466
f 606//1467 602//1467 603//1467
f 610//1468 606//1468 608//1468
f 612//1469 600//1469 606//1469
f 612//1470 606//1470 610//1470
f 622//1471 618//1471 619//1471
f 623//1472 618//1472 622//1472
f 628//1473 616//1473 618//1473
f 628//1474 623//1474 626//1474
f 628//1475 618//1475 623//1475
f 630//1476 616//1476 628//1476
f 640//1477 635//1477 638//1477
f 645//1478 641//1478 644//1478
f 680//1479 676//1479 678//1479
f 686//1480 680//1480 681//1480
f 686//1481 681//1481 684//1481
f 687//1482 676//1482 680//1482
f 687//1483 674//1483 676//1483
f 687//1484 680//1484 686//1484
f 690//1485 674//1485 687//1485
f 690//1486 670//1486 672//1486
f 690//1487 672//1487 674//1487
f 692//1488 670//1488 690//1488
f 700//1489 696//1489 697//1489
f 702//1490 693//1490 696//1490
f 702//1491 696//1491 700//1491
f 703//1492 692//1492 693//1492
f 703//1493 693//1493 702//1493
f 706//1494 692//1494 703//1494
f 708//1495 692//1495 706//1495
f 709//1496 666//1496 667//1496
f 709//1497 667//1497 670//1497
f 709//1498 670//1498 692//1498
f 709//1499 692//1499 708//1499
f 712//1500 660//1500 662//1500
f 712//1501 662//1501 663//1501
f 712//1502 663//1502 666//1502
f 712//1503 666//1503 709//1503
f 719//1504 715//1504 718//1504
f 737//1505 731//1505 734//1505
f 737//1506 734//1506 736//1506
f 743//1507 740//1507 742//1507
f 746//1508 740//1508 743//1508
f 746//1509 730//1509 731//1509
f 746//1510 737//1510 740//1510
f 746//1511 731//1511 737//1511
f 747//1512 730//1512 746//1512
f 747//1513 725//1513 728//1513
f 747//1514 728//1514 730//1514
f 750//1515 725//1515 747//1515
f 769//1516 766//1516 767//1516
f 772//1517 766//1517 769//1517
f 772//1518 764//1518 766//1518
f 773//1519 764//1519 772//1519
f 773//1520 762//1520 764//1520
f 775//1521 762//1521 773//1521
f 775//1522 756//1522 758//1522
f 775//1523 758//1523 759//1523
f 775//1524 759//1524 762//1524
f 778//1525 660//1525 712//1525
f 778//1526 612//1526 613//1526
f 778//1527 613//1527 616//1527
f 778//1528 715//1528 719//1528
f 778//1529 756//1529 775//1529
f 778//1530 630//1530 632//1530
f 778//1531 632//1531 634//1531
f 778//1532 634//1532 635//1532
f 778//1533 640//1533 641//1533
f 778//1534 641//1534 645//1534
f 778//1535 635//1535 640//1535
f 778//1536 645//1536 648//1536
f 778//1537 648//1537 650//1537
f 778//1538 650//1538 652//1538
f 778//1539 652//1539 654//1539
f 778//1540 654//1540 656//1540
f 778//1541 656//1541 657//1541
f 778//1542 657//1542 660//1542
f 778//1543 725//1543 750//1543
f 778//1544 600//1544 612//1544
f 778//1545 712//1545 714//1545
f 778//1546 714//1546 715//1546
f 778//1547 719//1547 722//1547
f 778//1548 722//1548 724//1548
f 778//1549 724//1549 725//1549
f 778//1550 591//1550 600//1550
f 778//1551 750//1551 752//1551
f 778//1552 752//1552 753//1552
f 778//1553 753//1553 756//1553
f 778//1554 588//1554 590//1554
f 778//1555 590//1555 591//1555
f 778//1556 616//1556 630//1556
f 778//1557 779//1557 588//1557
f 588//1558 779//1558 586//1558
f 586//1559 779//1559 206//1559
f 586//1560 206//1560 208//1560
